gcc -c -fno-strict-overflow -Wsign-compare -DNDEBUG -g -O3 -Wall    -std=c11 -Wextra -Wno-unused-parameter -Wno-missing-field-initializers -Wstrict-prototypes -Werror=implicit-function-declaration -fvisibility=hidden -include posixcompat.h -mabi=sysv  -I./Include/internal  -I. -I./Include    -DPy_BUILD_CORE -o Python/_warnings.o Python/_warnings.c
In file included from ./Include/Python.h:38,
                 from Python/_warnings.c:1:
./Include/internal/pycore_gc.h: In function '_PyGCHead_NEXT':
./Include/pyport.h:24:31: warning: cast to pointer from integer of different size [-Wint-to-pointer-cast]
   24 | #define _Py_CAST(type, expr) ((type)(expr))
      |                               ^
./Include/internal/pycore_gc.h:60:12: note: in expansion of macro '_Py_CAST'
   60 |     return _Py_CAST(PyGC_Head*, next);
      |            ^~~~~~~~
./Include/internal/pycore_gc.h: In function '_PyGCHead_SET_NEXT':
./Include/pyport.h:24:31: warning: cast from pointer to integer of different size [-Wpointer-to-int-cast]
   24 | #define _Py_CAST(type, expr) ((type)(expr))
      |                               ^
./Include/internal/pycore_gc.h:63:20: note: in expansion of macro '_Py_CAST'
   63 |     gc->_gc_next = _Py_CAST(uintptr_t, next);
      |                    ^~~~~~~~
./Include/internal/pycore_gc.h: In function '_PyGCHead_PREV':
./Include/pyport.h:24:31: warning: cast to pointer from integer of different size [-Wint-to-pointer-cast]
   24 | #define _Py_CAST(type, expr) ((type)(expr))
      |                               ^
./Include/internal/pycore_gc.h:69:12: note: in expansion of macro '_Py_CAST'
   69 |     return _Py_CAST(PyGC_Head*, prev);
      |            ^~~~~~~~
./Include/internal/pycore_gc.h: In function '_PyGCHead_SET_PREV':
./Include/pyport.h:24:31: warning: cast from pointer to integer of different size [-Wpointer-to-int-cast]
   24 | #define _Py_CAST(type, expr) ((type)(expr))
      |                               ^
./Include/internal/pycore_gc.h:72:23: note: in expansion of macro '_Py_CAST'
   72 |     uintptr_t uprev = _Py_CAST(uintptr_t, prev);
      |                       ^~~~~~~~
In file included from ./Include/internal/pycore_atomic.h:15,
                 from ./Include/internal/pycore_interp.h:15,
                 from Python/_warnings.c:3:
./Include/internal/pycore_interp.h: In function '_PyInterpreterState_SetFinalizing':
./Include/internal/pycore_interp.h:253:52: warning: cast from pointer to integer of different size [-Wpointer-to-int-cast]
  253 |     _Py_atomic_store_relaxed(&interp->_finalizing, (uintptr_t)tstate);
      |                                                    ^
./Include/internal/pycore_atomic.h:550:5: note: in expansion of macro '_Py_atomic_store_explicit'
  550 |     _Py_atomic_store_explicit((ATOMIC_VAL), (NEW_VAL), _Py_memory_order_relaxed)
      |     ^~~~~~~~~~~~~~~~~~~~~~~~~
./Include/internal/pycore_interp.h:253:5: note: in expansion of macro '_Py_atomic_store_relaxed'
  253 |     _Py_atomic_store_relaxed(&interp->_finalizing, (uintptr_t)tstate);
      |     ^~~~~~~~~~~~~~~~~~~~~~~~
In file included from ./Include/internal/pycore_runtime.h:21,
                 from ./Include/internal/pycore_long.h:12,
                 from Python/_warnings.c:4:
./Include/internal/pycore_pymem.h: In function '_PyMem_IsPtrFreed':
./Include/internal/pycore_pymem.h:69:23: warning: cast from pointer to integer of different size [-Wpointer-to-int-cast]
   69 |     uintptr_t value = (uintptr_t)ptr;
      |                       ^
./Include/internal/pycore_runtime.h: In function '_PyRuntimeState_SetFinalizing':
./Include/internal/pycore_runtime.h:220:53: warning: cast from pointer to integer of different size [-Wpointer-to-int-cast]
  220 |     _Py_atomic_store_relaxed(&runtime->_finalizing, (uintptr_t)tstate);
      |                                                     ^
./Include/internal/pycore_atomic.h:550:5: note: in expansion of macro '_Py_atomic_store_explicit'
  550 |     _Py_atomic_store_explicit((ATOMIC_VAL), (NEW_VAL), _Py_memory_order_relaxed)
      |     ^~~~~~~~~~~~~~~~~~~~~~~~~
./Include/internal/pycore_runtime.h:220:5: note: in expansion of macro '_Py_atomic_store_relaxed'
  220 |     _Py_atomic_store_relaxed(&runtime->_finalizing, (uintptr_t)tstate);
      |     ^~~~~~~~~~~~~~~~~~~~~~~~
gcc -c -fno-strict-overflow -Wsign-compare -DNDEBUG -g -O3 -Wall    -std=c11 -Wextra -Wno-unused-parameter -Wno-missing-field-initializers -Wstrict-prototypes -Werror=implicit-function-declaration -fvisibility=hidden -include posixcompat.h -mabi=sysv  -I./Include/internal  -I. -I./Include    -DPy_BUILD_CORE -o Python/Python-ast.o Python/Python-ast.c
In file included from ./Include/Python.h:38,
                 from Python/Python-ast.c:3:
./Include/internal/pycore_gc.h: In function '_PyGCHead_NEXT':
./Include/pyport.h:24:31: warning: cast to pointer from integer of different size [-Wint-to-pointer-cast]
   24 | #define _Py_CAST(type, expr) ((type)(expr))
      |                               ^
./Include/internal/pycore_gc.h:60:12: note: in expansion of macro '_Py_CAST'
   60 |     return _Py_CAST(PyGC_Head*, next);
      |            ^~~~~~~~
./Include/internal/pycore_gc.h: In function '_PyGCHead_SET_NEXT':
./Include/pyport.h:24:31: warning: cast from pointer to integer of different size [-Wpointer-to-int-cast]
   24 | #define _Py_CAST(type, expr) ((type)(expr))
      |                               ^
./Include/internal/pycore_gc.h:63:20: note: in expansion of macro '_Py_CAST'
   63 |     gc->_gc_next = _Py_CAST(uintptr_t, next);
      |                    ^~~~~~~~
./Include/internal/pycore_gc.h: In function '_PyGCHead_PREV':
./Include/pyport.h:24:31: warning: cast to pointer from integer of different size [-Wint-to-pointer-cast]
   24 | #define _Py_CAST(type, expr) ((type)(expr))
      |                               ^
./Include/internal/pycore_gc.h:69:12: note: in expansion of macro '_Py_CAST'
   69 |     return _Py_CAST(PyGC_Head*, prev);
      |            ^~~~~~~~
./Include/internal/pycore_gc.h: In function '_PyGCHead_SET_PREV':
./Include/pyport.h:24:31: warning: cast from pointer to integer of different size [-Wpointer-to-int-cast]
   24 | #define _Py_CAST(type, expr) ((type)(expr))
      |                               ^
./Include/internal/pycore_gc.h:72:23: note: in expansion of macro '_Py_CAST'
   72 |     uintptr_t uprev = _Py_CAST(uintptr_t, prev);
      |                       ^~~~~~~~
In file included from ./Include/internal/pycore_atomic.h:15,
                 from ./Include/internal/pycore_interp.h:15,
                 from ./Include/internal/pycore_ceval.h:19,
                 from Python/Python-ast.c:6:
./Include/internal/pycore_interp.h: In function '_PyInterpreterState_SetFinalizing':
./Include/internal/pycore_interp.h:253:52: warning: cast from pointer to integer of different size [-Wpointer-to-int-cast]
  253 |     _Py_atomic_store_relaxed(&interp->_finalizing, (uintptr_t)tstate);
      |                                                    ^
./Include/internal/pycore_atomic.h:550:5: note: in expansion of macro '_Py_atomic_store_explicit'
  550 |     _Py_atomic_store_explicit((ATOMIC_VAL), (NEW_VAL), _Py_memory_order_relaxed)
      |     ^~~~~~~~~~~~~~~~~~~~~~~~~
./Include/internal/pycore_interp.h:253:5: note: in expansion of macro '_Py_atomic_store_relaxed'
  253 |     _Py_atomic_store_relaxed(&interp->_finalizing, (uintptr_t)tstate);
      |     ^~~~~~~~~~~~~~~~~~~~~~~~
In file included from ./Include/internal/pycore_runtime.h:21,
                 from ./Include/internal/pycore_pystate.h:11,
                 from ./Include/internal/pycore_ceval.h:20:
./Include/internal/pycore_pymem.h: In function '_PyMem_IsPtrFreed':
./Include/internal/pycore_pymem.h:69:23: warning: cast from pointer to integer of different size [-Wpointer-to-int-cast]
   69 |     uintptr_t value = (uintptr_t)ptr;
      |                       ^
./Include/internal/pycore_runtime.h: In function '_PyRuntimeState_SetFinalizing':
./Include/internal/pycore_runtime.h:220:53: warning: cast from pointer to integer of different size [-Wpointer-to-int-cast]
  220 |     _Py_atomic_store_relaxed(&runtime->_finalizing, (uintptr_t)tstate);
      |                                                     ^
./Include/internal/pycore_atomic.h:550:5: note: in expansion of macro '_Py_atomic_store_explicit'
  550 |     _Py_atomic_store_explicit((ATOMIC_VAL), (NEW_VAL), _Py_memory_order_relaxed)
      |     ^~~~~~~~~~~~~~~~~~~~~~~~~
./Include/internal/pycore_runtime.h:220:5: note: in expansion of macro '_Py_atomic_store_relaxed'
  220 |     _Py_atomic_store_relaxed(&runtime->_finalizing, (uintptr_t)tstate);
      |     ^~~~~~~~~~~~~~~~~~~~~~~~
gcc -c -fno-strict-overflow -Wsign-compare -DNDEBUG -g -O3 -Wall    -std=c11 -Wextra -Wno-unused-parameter -Wno-missing-field-initializers -Wstrict-prototypes -Werror=implicit-function-declaration -fvisibility=hidden -include posixcompat.h -mabi=sysv  -I./Include/internal  -I. -I./Include    -DPy_BUILD_CORE -o Python/Python-tokenize.o Python/Python-tokenize.c
In file included from ./Include/Python.h:38,
                 from Python/Python-tokenize.c:1:
./Include/internal/pycore_gc.h: In function '_PyGCHead_NEXT':
./Include/pyport.h:24:31: warning: cast to pointer from integer of different size [-Wint-to-pointer-cast]
   24 | #define _Py_CAST(type, expr) ((type)(expr))
      |                               ^
./Include/internal/pycore_gc.h:60:12: note: in expansion of macro '_Py_CAST'
   60 |     return _Py_CAST(PyGC_Head*, next);
      |            ^~~~~~~~
./Include/internal/pycore_gc.h: In function '_PyGCHead_SET_NEXT':
./Include/pyport.h:24:31: warning: cast from pointer to integer of different size [-Wpointer-to-int-cast]
   24 | #define _Py_CAST(type, expr) ((type)(expr))
      |                               ^
./Include/internal/pycore_gc.h:63:20: note: in expansion of macro '_Py_CAST'
   63 |     gc->_gc_next = _Py_CAST(uintptr_t, next);
      |                    ^~~~~~~~
./Include/internal/pycore_gc.h: In function '_PyGCHead_PREV':
./Include/pyport.h:24:31: warning: cast to pointer from integer of different size [-Wint-to-pointer-cast]
   24 | #define _Py_CAST(type, expr) ((type)(expr))
      |                               ^
./Include/internal/pycore_gc.h:69:12: note: in expansion of macro '_Py_CAST'
   69 |     return _Py_CAST(PyGC_Head*, prev);
      |            ^~~~~~~~
./Include/internal/pycore_gc.h: In function '_PyGCHead_SET_PREV':
./Include/pyport.h:24:31: warning: cast from pointer to integer of different size [-Wpointer-to-int-cast]
   24 | #define _Py_CAST(type, expr) ((type)(expr))
      |                               ^
./Include/internal/pycore_gc.h:72:23: note: in expansion of macro '_Py_CAST'
   72 |     uintptr_t uprev = _Py_CAST(uintptr_t, prev);
      |                       ^~~~~~~~
In file included from ./Include/internal/pycore_atomic.h:15,
                 from ./Include/internal/pycore_runtime.h:12,
                 from Python/Python-tokenize.c:21:
./Include/internal/pycore_interp.h: In function '_PyInterpreterState_SetFinalizing':
./Include/internal/pycore_interp.h:253:52: warning: cast from pointer to integer of different size [-Wpointer-to-int-cast]
  253 |     _Py_atomic_store_relaxed(&interp->_finalizing, (uintptr_t)tstate);
      |                                                    ^
./Include/internal/pycore_atomic.h:550:5: note: in expansion of macro '_Py_atomic_store_explicit'
  550 |     _Py_atomic_store_explicit((ATOMIC_VAL), (NEW_VAL), _Py_memory_order_relaxed)
      |     ^~~~~~~~~~~~~~~~~~~~~~~~~
./Include/internal/pycore_interp.h:253:5: note: in expansion of macro '_Py_atomic_store_relaxed'
  253 |     _Py_atomic_store_relaxed(&interp->_finalizing, (uintptr_t)tstate);
      |     ^~~~~~~~~~~~~~~~~~~~~~~~
In file included from ./Include/internal/pycore_runtime.h:21:
./Include/internal/pycore_pymem.h: In function '_PyMem_IsPtrFreed':
./Include/internal/pycore_pymem.h:69:23: warning: cast from pointer to integer of different size [-Wpointer-to-int-cast]
   69 |     uintptr_t value = (uintptr_t)ptr;
      |                       ^
./Include/internal/pycore_runtime.h: In function '_PyRuntimeState_SetFinalizing':
./Include/internal/pycore_runtime.h:220:53: warning: cast from pointer to integer of different size [-Wpointer-to-int-cast]
  220 |     _Py_atomic_store_relaxed(&runtime->_finalizing, (uintptr_t)tstate);
      |                                                     ^
./Include/internal/pycore_atomic.h:550:5: note: in expansion of macro '_Py_atomic_store_explicit'
  550 |     _Py_atomic_store_explicit((ATOMIC_VAL), (NEW_VAL), _Py_memory_order_relaxed)
      |     ^~~~~~~~~~~~~~~~~~~~~~~~~
./Include/internal/pycore_runtime.h:220:5: note: in expansion of macro '_Py_atomic_store_relaxed'
  220 |     _Py_atomic_store_relaxed(&runtime->_finalizing, (uintptr_t)tstate);
      |     ^~~~~~~~~~~~~~~~~~~~~~~~
gcc -c -fno-strict-overflow -Wsign-compare -DNDEBUG -g -O3 -Wall    -std=c11 -Wextra -Wno-unused-parameter -Wno-missing-field-initializers -Wstrict-prototypes -Werror=implicit-function-declaration -fvisibility=hidden -include posixcompat.h -mabi=sysv  -I./Include/internal  -I. -I./Include    -DPy_BUILD_CORE -o Python/asdl.o Python/asdl.c
gcc -c -fno-strict-overflow -Wsign-compare -DNDEBUG -g -O3 -Wall    -std=c11 -Wextra -Wno-unused-parameter -Wno-missing-field-initializers -Wstrict-prototypes -Werror=implicit-function-declaration -fvisibility=hidden -include posixcompat.h -mabi=sysv  -I./Include/internal  -I. -I./Include    -DPy_BUILD_CORE -o Python/assemble.o Python/assemble.c
In file included from Python/assemble.c:5:
./Include/internal/pycore_pymem.h: In function '_PyMem_IsPtrFreed':
./Include/internal/pycore_pymem.h:69:23: warning: cast from pointer to integer of different size [-Wpointer-to-int-cast]
   69 |     uintptr_t value = (uintptr_t)ptr;
      |                       ^
gcc -c -fno-strict-overflow -Wsign-compare -DNDEBUG -g -O3 -Wall    -std=c11 -Wextra -Wno-unused-parameter -Wno-missing-field-initializers -Wstrict-prototypes -Werror=implicit-function-declaration -fvisibility=hidden -include posixcompat.h -mabi=sysv  -I./Include/internal  -I. -I./Include    -DPy_BUILD_CORE -o Python/ast.o Python/ast.c
In file included from ./Include/Python.h:38,
                 from Python/ast.c:5:
./Include/internal/pycore_gc.h: In function '_PyGCHead_NEXT':
./Include/pyport.h:24:31: warning: cast to pointer from integer of different size [-Wint-to-pointer-cast]
   24 | #define _Py_CAST(type, expr) ((type)(expr))
      |                               ^
./Include/internal/pycore_gc.h:60:12: note: in expansion of macro '_Py_CAST'
   60 |     return _Py_CAST(PyGC_Head*, next);
      |            ^~~~~~~~
./Include/internal/pycore_gc.h: In function '_PyGCHead_SET_NEXT':
./Include/pyport.h:24:31: warning: cast from pointer to integer of different size [-Wpointer-to-int-cast]
   24 | #define _Py_CAST(type, expr) ((type)(expr))
      |                               ^
./Include/internal/pycore_gc.h:63:20: note: in expansion of macro '_Py_CAST'
   63 |     gc->_gc_next = _Py_CAST(uintptr_t, next);
      |                    ^~~~~~~~
./Include/internal/pycore_gc.h: In function '_PyGCHead_PREV':
./Include/pyport.h:24:31: warning: cast to pointer from integer of different size [-Wint-to-pointer-cast]
   24 | #define _Py_CAST(type, expr) ((type)(expr))
      |                               ^
./Include/internal/pycore_gc.h:69:12: note: in expansion of macro '_Py_CAST'
   69 |     return _Py_CAST(PyGC_Head*, prev);
      |            ^~~~~~~~
./Include/internal/pycore_gc.h: In function '_PyGCHead_SET_PREV':
./Include/pyport.h:24:31: warning: cast from pointer to integer of different size [-Wpointer-to-int-cast]
   24 | #define _Py_CAST(type, expr) ((type)(expr))
      |                               ^
./Include/internal/pycore_gc.h:72:23: note: in expansion of macro '_Py_CAST'
   72 |     uintptr_t uprev = _Py_CAST(uintptr_t, prev);
      |                       ^~~~~~~~
In file included from ./Include/internal/pycore_atomic.h:15,
                 from ./Include/internal/pycore_runtime.h:12,
                 from ./Include/internal/pycore_pystate.h:11,
                 from Python/ast.c:7:
./Include/internal/pycore_interp.h: In function '_PyInterpreterState_SetFinalizing':
./Include/internal/pycore_interp.h:253:52: warning: cast from pointer to integer of different size [-Wpointer-to-int-cast]
  253 |     _Py_atomic_store_relaxed(&interp->_finalizing, (uintptr_t)tstate);
      |                                                    ^
./Include/internal/pycore_atomic.h:550:5: note: in expansion of macro '_Py_atomic_store_explicit'
  550 |     _Py_atomic_store_explicit((ATOMIC_VAL), (NEW_VAL), _Py_memory_order_relaxed)
      |     ^~~~~~~~~~~~~~~~~~~~~~~~~
./Include/internal/pycore_interp.h:253:5: note: in expansion of macro '_Py_atomic_store_relaxed'
  253 |     _Py_atomic_store_relaxed(&interp->_finalizing, (uintptr_t)tstate);
      |     ^~~~~~~~~~~~~~~~~~~~~~~~
In file included from ./Include/internal/pycore_runtime.h:21:
./Include/internal/pycore_pymem.h: In function '_PyMem_IsPtrFreed':
./Include/internal/pycore_pymem.h:69:23: warning: cast from pointer to integer of different size [-Wpointer-to-int-cast]
   69 |     uintptr_t value = (uintptr_t)ptr;
      |                       ^
./Include/internal/pycore_runtime.h: In function '_PyRuntimeState_SetFinalizing':
./Include/internal/pycore_runtime.h:220:53: warning: cast from pointer to integer of different size [-Wpointer-to-int-cast]
  220 |     _Py_atomic_store_relaxed(&runtime->_finalizing, (uintptr_t)tstate);
      |                                                     ^
./Include/internal/pycore_atomic.h:550:5: note: in expansion of macro '_Py_atomic_store_explicit'
  550 |     _Py_atomic_store_explicit((ATOMIC_VAL), (NEW_VAL), _Py_memory_order_relaxed)
      |     ^~~~~~~~~~~~~~~~~~~~~~~~~
./Include/internal/pycore_runtime.h:220:5: note: in expansion of macro '_Py_atomic_store_relaxed'
  220 |     _Py_atomic_store_relaxed(&runtime->_finalizing, (uintptr_t)tstate);
      |     ^~~~~~~~~~~~~~~~~~~~~~~~
gcc -c -fno-strict-overflow -Wsign-compare -DNDEBUG -g -O3 -Wall    -std=c11 -Wextra -Wno-unused-parameter -Wno-missing-field-initializers -Wstrict-prototypes -Werror=implicit-function-declaration -fvisibility=hidden -include posixcompat.h -mabi=sysv  -I./Include/internal  -I. -I./Include    -DPy_BUILD_CORE -o Python/ast_opt.o Python/ast_opt.c
In file included from ./Include/Python.h:38,
                 from Python/ast_opt.c:2:
./Include/internal/pycore_gc.h: In function '_PyGCHead_NEXT':
./Include/pyport.h:24:31: warning: cast to pointer from integer of different size [-Wint-to-pointer-cast]
   24 | #define _Py_CAST(type, expr) ((type)(expr))
      |                               ^
./Include/internal/pycore_gc.h:60:12: note: in expansion of macro '_Py_CAST'
   60 |     return _Py_CAST(PyGC_Head*, next);
      |            ^~~~~~~~
./Include/internal/pycore_gc.h: In function '_PyGCHead_SET_NEXT':
./Include/pyport.h:24:31: warning: cast from pointer to integer of different size [-Wpointer-to-int-cast]
   24 | #define _Py_CAST(type, expr) ((type)(expr))
      |                               ^
./Include/internal/pycore_gc.h:63:20: note: in expansion of macro '_Py_CAST'
   63 |     gc->_gc_next = _Py_CAST(uintptr_t, next);
      |                    ^~~~~~~~
./Include/internal/pycore_gc.h: In function '_PyGCHead_PREV':
./Include/pyport.h:24:31: warning: cast to pointer from integer of different size [-Wint-to-pointer-cast]
   24 | #define _Py_CAST(type, expr) ((type)(expr))
      |                               ^
./Include/internal/pycore_gc.h:69:12: note: in expansion of macro '_Py_CAST'
   69 |     return _Py_CAST(PyGC_Head*, prev);
      |            ^~~~~~~~
./Include/internal/pycore_gc.h: In function '_PyGCHead_SET_PREV':
./Include/pyport.h:24:31: warning: cast from pointer to integer of different size [-Wpointer-to-int-cast]
   24 | #define _Py_CAST(type, expr) ((type)(expr))
      |                               ^
./Include/internal/pycore_gc.h:72:23: note: in expansion of macro '_Py_CAST'
   72 |     uintptr_t uprev = _Py_CAST(uintptr_t, prev);
      |                       ^~~~~~~~
In file included from ./Include/internal/pycore_atomic.h:15,
                 from ./Include/internal/pycore_runtime.h:12,
                 from ./Include/internal/pycore_long.h:12,
                 from Python/ast_opt.c:5:
./Include/internal/pycore_interp.h: In function '_PyInterpreterState_SetFinalizing':
./Include/internal/pycore_interp.h:253:52: warning: cast from pointer to integer of different size [-Wpointer-to-int-cast]
  253 |     _Py_atomic_store_relaxed(&interp->_finalizing, (uintptr_t)tstate);
      |                                                    ^
./Include/internal/pycore_atomic.h:550:5: note: in expansion of macro '_Py_atomic_store_explicit'
  550 |     _Py_atomic_store_explicit((ATOMIC_VAL), (NEW_VAL), _Py_memory_order_relaxed)
      |     ^~~~~~~~~~~~~~~~~~~~~~~~~
./Include/internal/pycore_interp.h:253:5: note: in expansion of macro '_Py_atomic_store_relaxed'
  253 |     _Py_atomic_store_relaxed(&interp->_finalizing, (uintptr_t)tstate);
      |     ^~~~~~~~~~~~~~~~~~~~~~~~
In file included from ./Include/internal/pycore_runtime.h:21:
./Include/internal/pycore_pymem.h: In function '_PyMem_IsPtrFreed':
./Include/internal/pycore_pymem.h:69:23: warning: cast from pointer to integer of different size [-Wpointer-to-int-cast]
   69 |     uintptr_t value = (uintptr_t)ptr;
      |                       ^
./Include/internal/pycore_runtime.h: In function '_PyRuntimeState_SetFinalizing':
./Include/internal/pycore_runtime.h:220:53: warning: cast from pointer to integer of different size [-Wpointer-to-int-cast]
  220 |     _Py_atomic_store_relaxed(&runtime->_finalizing, (uintptr_t)tstate);
      |                                                     ^
./Include/internal/pycore_atomic.h:550:5: note: in expansion of macro '_Py_atomic_store_explicit'
  550 |     _Py_atomic_store_explicit((ATOMIC_VAL), (NEW_VAL), _Py_memory_order_relaxed)
      |     ^~~~~~~~~~~~~~~~~~~~~~~~~
./Include/internal/pycore_runtime.h:220:5: note: in expansion of macro '_Py_atomic_store_relaxed'
  220 |     _Py_atomic_store_relaxed(&runtime->_finalizing, (uintptr_t)tstate);
      |     ^~~~~~~~~~~~~~~~~~~~~~~~
gcc -c -fno-strict-overflow -Wsign-compare -DNDEBUG -g -O3 -Wall    -std=c11 -Wextra -Wno-unused-parameter -Wno-missing-field-initializers -Wstrict-prototypes -Werror=implicit-function-declaration -fvisibility=hidden -include posixcompat.h -mabi=sysv  -I./Include/internal  -I. -I./Include    -DPy_BUILD_CORE -o Python/ast_unparse.o Python/ast_unparse.c
In file included from ./Include/Python.h:38,
                 from Python/ast_unparse.c:1:
./Include/internal/pycore_gc.h: In function '_PyGCHead_NEXT':
./Include/pyport.h:24:31: warning: cast to pointer from integer of different size [-Wint-to-pointer-cast]
   24 | #define _Py_CAST(type, expr) ((type)(expr))
      |                               ^
./Include/internal/pycore_gc.h:60:12: note: in expansion of macro '_Py_CAST'
   60 |     return _Py_CAST(PyGC_Head*, next);
      |            ^~~~~~~~
./Include/internal/pycore_gc.h: In function '_PyGCHead_SET_NEXT':
./Include/pyport.h:24:31: warning: cast from pointer to integer of different size [-Wpointer-to-int-cast]
   24 | #define _Py_CAST(type, expr) ((type)(expr))
      |                               ^
./Include/internal/pycore_gc.h:63:20: note: in expansion of macro '_Py_CAST'
   63 |     gc->_gc_next = _Py_CAST(uintptr_t, next);
      |                    ^~~~~~~~
./Include/internal/pycore_gc.h: In function '_PyGCHead_PREV':
./Include/pyport.h:24:31: warning: cast to pointer from integer of different size [-Wint-to-pointer-cast]
   24 | #define _Py_CAST(type, expr) ((type)(expr))
      |                               ^
./Include/internal/pycore_gc.h:69:12: note: in expansion of macro '_Py_CAST'
   69 |     return _Py_CAST(PyGC_Head*, prev);
      |            ^~~~~~~~
./Include/internal/pycore_gc.h: In function '_PyGCHead_SET_PREV':
./Include/pyport.h:24:31: warning: cast from pointer to integer of different size [-Wpointer-to-int-cast]
   24 | #define _Py_CAST(type, expr) ((type)(expr))
      |                               ^
./Include/internal/pycore_gc.h:72:23: note: in expansion of macro '_Py_CAST'
   72 |     uintptr_t uprev = _Py_CAST(uintptr_t, prev);
      |                       ^~~~~~~~
In file included from ./Include/internal/pycore_atomic.h:15,
                 from ./Include/internal/pycore_runtime.h:12,
                 from ./Include/internal/pycore_pystate.h:11,
                 from Python/ast_unparse.c:3:
./Include/internal/pycore_interp.h: In function '_PyInterpreterState_SetFinalizing':
./Include/internal/pycore_interp.h:253:52: warning: cast from pointer to integer of different size [-Wpointer-to-int-cast]
  253 |     _Py_atomic_store_relaxed(&interp->_finalizing, (uintptr_t)tstate);
      |                                                    ^
./Include/internal/pycore_atomic.h:550:5: note: in expansion of macro '_Py_atomic_store_explicit'
  550 |     _Py_atomic_store_explicit((ATOMIC_VAL), (NEW_VAL), _Py_memory_order_relaxed)
      |     ^~~~~~~~~~~~~~~~~~~~~~~~~
./Include/internal/pycore_interp.h:253:5: note: in expansion of macro '_Py_atomic_store_relaxed'
  253 |     _Py_atomic_store_relaxed(&interp->_finalizing, (uintptr_t)tstate);
      |     ^~~~~~~~~~~~~~~~~~~~~~~~
In file included from ./Include/internal/pycore_runtime.h:21:
./Include/internal/pycore_pymem.h: In function '_PyMem_IsPtrFreed':
./Include/internal/pycore_pymem.h:69:23: warning: cast from pointer to integer of different size [-Wpointer-to-int-cast]
   69 |     uintptr_t value = (uintptr_t)ptr;
      |                       ^
./Include/internal/pycore_runtime.h: In function '_PyRuntimeState_SetFinalizing':
./Include/internal/pycore_runtime.h:220:53: warning: cast from pointer to integer of different size [-Wpointer-to-int-cast]
  220 |     _Py_atomic_store_relaxed(&runtime->_finalizing, (uintptr_t)tstate);
      |                                                     ^
./Include/internal/pycore_atomic.h:550:5: note: in expansion of macro '_Py_atomic_store_explicit'
  550 |     _Py_atomic_store_explicit((ATOMIC_VAL), (NEW_VAL), _Py_memory_order_relaxed)
      |     ^~~~~~~~~~~~~~~~~~~~~~~~~
./Include/internal/pycore_runtime.h:220:5: note: in expansion of macro '_Py_atomic_store_relaxed'
  220 |     _Py_atomic_store_relaxed(&runtime->_finalizing, (uintptr_t)tstate);
      |     ^~~~~~~~~~~~~~~~~~~~~~~~
gcc -c -fno-strict-overflow -Wsign-compare -DNDEBUG -g -O3 -Wall    -std=c11 -Wextra -Wno-unused-parameter -Wno-missing-field-initializers -Wstrict-prototypes -Werror=implicit-function-declaration -fvisibility=hidden -include posixcompat.h -mabi=sysv  -I./Include/internal  -I. -I./Include    -DPy_BUILD_CORE -o Python/bltinmodule.o Python/bltinmodule.c
In file included from ./Include/Python.h:38,
                 from Python/bltinmodule.c:3:
./Include/internal/pycore_gc.h: In function '_PyGCHead_NEXT':
./Include/pyport.h:24:31: warning: cast to pointer from integer of different size [-Wint-to-pointer-cast]
   24 | #define _Py_CAST(type, expr) ((type)(expr))
      |                               ^
./Include/internal/pycore_gc.h:60:12: note: in expansion of macro '_Py_CAST'
   60 |     return _Py_CAST(PyGC_Head*, next);
      |            ^~~~~~~~
./Include/internal/pycore_gc.h: In function '_PyGCHead_SET_NEXT':
./Include/pyport.h:24:31: warning: cast from pointer to integer of different size [-Wpointer-to-int-cast]
   24 | #define _Py_CAST(type, expr) ((type)(expr))
      |                               ^
./Include/internal/pycore_gc.h:63:20: note: in expansion of macro '_Py_CAST'
   63 |     gc->_gc_next = _Py_CAST(uintptr_t, next);
      |                    ^~~~~~~~
./Include/internal/pycore_gc.h: In function '_PyGCHead_PREV':
./Include/pyport.h:24:31: warning: cast to pointer from integer of different size [-Wint-to-pointer-cast]
   24 | #define _Py_CAST(type, expr) ((type)(expr))
      |                               ^
./Include/internal/pycore_gc.h:69:12: note: in expansion of macro '_Py_CAST'
   69 |     return _Py_CAST(PyGC_Head*, prev);
      |            ^~~~~~~~
./Include/internal/pycore_gc.h: In function '_PyGCHead_SET_PREV':
./Include/pyport.h:24:31: warning: cast from pointer to integer of different size [-Wpointer-to-int-cast]
   24 | #define _Py_CAST(type, expr) ((type)(expr))
      |                               ^
./Include/internal/pycore_gc.h:72:23: note: in expansion of macro '_Py_CAST'
   72 |     uintptr_t uprev = _Py_CAST(uintptr_t, prev);
      |                       ^~~~~~~~
In file included from ./Include/internal/pycore_atomic.h:15,
                 from ./Include/internal/pycore_runtime.h:12,
                 from ./Include/internal/pycore_pystate.h:11,
                 from ./Include/internal/pycore_call.h:11,
                 from Python/bltinmodule.c:6:
./Include/internal/pycore_interp.h: In function '_PyInterpreterState_SetFinalizing':
./Include/internal/pycore_interp.h:253:52: warning: cast from pointer to integer of different size [-Wpointer-to-int-cast]
  253 |     _Py_atomic_store_relaxed(&interp->_finalizing, (uintptr_t)tstate);
      |                                                    ^
./Include/internal/pycore_atomic.h:550:5: note: in expansion of macro '_Py_atomic_store_explicit'
  550 |     _Py_atomic_store_explicit((ATOMIC_VAL), (NEW_VAL), _Py_memory_order_relaxed)
      |     ^~~~~~~~~~~~~~~~~~~~~~~~~
./Include/internal/pycore_interp.h:253:5: note: in expansion of macro '_Py_atomic_store_relaxed'
  253 |     _Py_atomic_store_relaxed(&interp->_finalizing, (uintptr_t)tstate);
      |     ^~~~~~~~~~~~~~~~~~~~~~~~
In file included from ./Include/internal/pycore_runtime.h:21:
./Include/internal/pycore_pymem.h: In function '_PyMem_IsPtrFreed':
./Include/internal/pycore_pymem.h:69:23: warning: cast from pointer to integer of different size [-Wpointer-to-int-cast]
   69 |     uintptr_t value = (uintptr_t)ptr;
      |                       ^
./Include/internal/pycore_runtime.h: In function '_PyRuntimeState_SetFinalizing':
./Include/internal/pycore_runtime.h:220:53: warning: cast from pointer to integer of different size [-Wpointer-to-int-cast]
  220 |     _Py_atomic_store_relaxed(&runtime->_finalizing, (uintptr_t)tstate);
      |                                                     ^
./Include/internal/pycore_atomic.h:550:5: note: in expansion of macro '_Py_atomic_store_explicit'
  550 |     _Py_atomic_store_explicit((ATOMIC_VAL), (NEW_VAL), _Py_memory_order_relaxed)
      |     ^~~~~~~~~~~~~~~~~~~~~~~~~
./Include/internal/pycore_runtime.h:220:5: note: in expansion of macro '_Py_atomic_store_relaxed'
  220 |     _Py_atomic_store_relaxed(&runtime->_finalizing, (uintptr_t)tstate);
      |     ^~~~~~~~~~~~~~~~~~~~~~~~
In file included from Python/bltinmodule.c:9:
./Include/internal/pycore_object.h: In function '_PyObject_GC_TRACK':
./Include/internal/pycore_object.h:227:23: warning: cast to pointer from integer of different size [-Wint-to-pointer-cast]
  227 |     PyGC_Head *last = (PyGC_Head*)(generation0->_gc_prev);
      |                       ^
./Include/internal/pycore_object.h:231:29: warning: cast from pointer to integer of different size [-Wpointer-to-int-cast]
  231 |     generation0->_gc_prev = (uintptr_t)gc;
      |                             ^
./Include/internal/pycore_object.h: In function '_PyDictOrValues_IsValues':
./Include/internal/pycore_object.h:394:13: warning: cast from pointer to integer of different size [-Wpointer-to-int-cast]
  394 |     return ((uintptr_t)dorv.values) & 1;
      |             ^
gcc -c -fno-strict-overflow -Wsign-compare -DNDEBUG -g -O3 -Wall    -std=c11 -Wextra -Wno-unused-parameter -Wno-missing-field-initializers -Wstrict-prototypes -Werror=implicit-function-declaration -fvisibility=hidden -include posixcompat.h -mabi=sysv  -I./Include/internal  -I. -I./Include    -DPy_BUILD_CORE -o Python/ceval.o Python/ceval.c
In file included from ./Include/Python.h:38,
                 from Python/ceval.c:5:
./Include/internal/pycore_gc.h: In function '_PyGCHead_NEXT':
./Include/pyport.h:24:31: warning: cast to pointer from integer of different size [-Wint-to-pointer-cast]
   24 | #define _Py_CAST(type, expr) ((type)(expr))
      |                               ^
./Include/internal/pycore_gc.h:60:12: note: in expansion of macro '_Py_CAST'
   60 |     return _Py_CAST(PyGC_Head*, next);
      |            ^~~~~~~~
./Include/internal/pycore_gc.h: In function '_PyGCHead_SET_NEXT':
./Include/pyport.h:24:31: warning: cast from pointer to integer of different size [-Wpointer-to-int-cast]
   24 | #define _Py_CAST(type, expr) ((type)(expr))
      |                               ^
./Include/internal/pycore_gc.h:63:20: note: in expansion of macro '_Py_CAST'
   63 |     gc->_gc_next = _Py_CAST(uintptr_t, next);
      |                    ^~~~~~~~
./Include/internal/pycore_gc.h: In function '_PyGCHead_PREV':
./Include/pyport.h:24:31: warning: cast to pointer from integer of different size [-Wint-to-pointer-cast]
   24 | #define _Py_CAST(type, expr) ((type)(expr))
      |                               ^
./Include/internal/pycore_gc.h:69:12: note: in expansion of macro '_Py_CAST'
   69 |     return _Py_CAST(PyGC_Head*, prev);
      |            ^~~~~~~~
./Include/internal/pycore_gc.h: In function '_PyGCHead_SET_PREV':
./Include/pyport.h:24:31: warning: cast from pointer to integer of different size [-Wpointer-to-int-cast]
   24 | #define _Py_CAST(type, expr) ((type)(expr))
      |                               ^
./Include/internal/pycore_gc.h:72:23: note: in expansion of macro '_Py_CAST'
   72 |     uintptr_t uprev = _Py_CAST(uintptr_t, prev);
      |                       ^~~~~~~~
In file included from ./Include/internal/pycore_atomic.h:15,
                 from ./Include/internal/pycore_runtime.h:12,
                 from ./Include/internal/pycore_pystate.h:11,
                 from ./Include/internal/pycore_call.h:11,
                 from Python/ceval.c:7:
./Include/internal/pycore_interp.h: In function '_PyInterpreterState_SetFinalizing':
./Include/internal/pycore_interp.h:253:52: warning: cast from pointer to integer of different size [-Wpointer-to-int-cast]
  253 |     _Py_atomic_store_relaxed(&interp->_finalizing, (uintptr_t)tstate);
      |                                                    ^
./Include/internal/pycore_atomic.h:550:5: note: in expansion of macro '_Py_atomic_store_explicit'
  550 |     _Py_atomic_store_explicit((ATOMIC_VAL), (NEW_VAL), _Py_memory_order_relaxed)
      |     ^~~~~~~~~~~~~~~~~~~~~~~~~
./Include/internal/pycore_interp.h:253:5: note: in expansion of macro '_Py_atomic_store_relaxed'
  253 |     _Py_atomic_store_relaxed(&interp->_finalizing, (uintptr_t)tstate);
      |     ^~~~~~~~~~~~~~~~~~~~~~~~
In file included from ./Include/internal/pycore_runtime.h:21:
./Include/internal/pycore_pymem.h: In function '_PyMem_IsPtrFreed':
./Include/internal/pycore_pymem.h:69:23: warning: cast from pointer to integer of different size [-Wpointer-to-int-cast]
   69 |     uintptr_t value = (uintptr_t)ptr;
      |                       ^
./Include/internal/pycore_runtime.h: In function '_PyRuntimeState_SetFinalizing':
./Include/internal/pycore_runtime.h:220:53: warning: cast from pointer to integer of different size [-Wpointer-to-int-cast]
  220 |     _Py_atomic_store_relaxed(&runtime->_finalizing, (uintptr_t)tstate);
      |                                                     ^
./Include/internal/pycore_atomic.h:550:5: note: in expansion of macro '_Py_atomic_store_explicit'
  550 |     _Py_atomic_store_explicit((ATOMIC_VAL), (NEW_VAL), _Py_memory_order_relaxed)
      |     ^~~~~~~~~~~~~~~~~~~~~~~~~
./Include/internal/pycore_runtime.h:220:5: note: in expansion of macro '_Py_atomic_store_relaxed'
  220 |     _Py_atomic_store_relaxed(&runtime->_finalizing, (uintptr_t)tstate);
      |     ^~~~~~~~~~~~~~~~~~~~~~~~
In file included from Python/ceval.c:14:
./Include/internal/pycore_object.h: In function '_PyObject_GC_TRACK':
./Include/internal/pycore_object.h:227:23: warning: cast to pointer from integer of different size [-Wint-to-pointer-cast]
  227 |     PyGC_Head *last = (PyGC_Head*)(generation0->_gc_prev);
      |                       ^
./Include/internal/pycore_object.h:231:29: warning: cast from pointer to integer of different size [-Wpointer-to-int-cast]
  231 |     generation0->_gc_prev = (uintptr_t)gc;
      |                             ^
./Include/internal/pycore_object.h: In function '_PyDictOrValues_IsValues':
./Include/internal/pycore_object.h:394:13: warning: cast from pointer to integer of different size [-Wpointer-to-int-cast]
  394 |     return ((uintptr_t)dorv.values) & 1;
      |             ^
gcc -c -fno-strict-overflow -Wsign-compare -DNDEBUG -g -O3 -Wall    -std=c11 -Wextra -Wno-unused-parameter -Wno-missing-field-initializers -Wstrict-prototypes -Werror=implicit-function-declaration -fvisibility=hidden -include posixcompat.h -mabi=sysv  -I./Include/internal  -I. -I./Include    -DPy_BUILD_CORE -o Python/codecs.o Python/codecs.c
In file included from ./Include/Python.h:38,
                 from Python/codecs.c:11:
./Include/internal/pycore_gc.h: In function '_PyGCHead_NEXT':
./Include/pyport.h:24:31: warning: cast to pointer from integer of different size [-Wint-to-pointer-cast]
   24 | #define _Py_CAST(type, expr) ((type)(expr))
      |                               ^
./Include/internal/pycore_gc.h:60:12: note: in expansion of macro '_Py_CAST'
   60 |     return _Py_CAST(PyGC_Head*, next);
      |            ^~~~~~~~
./Include/internal/pycore_gc.h: In function '_PyGCHead_SET_NEXT':
./Include/pyport.h:24:31: warning: cast from pointer to integer of different size [-Wpointer-to-int-cast]
   24 | #define _Py_CAST(type, expr) ((type)(expr))
      |                               ^
./Include/internal/pycore_gc.h:63:20: note: in expansion of macro '_Py_CAST'
   63 |     gc->_gc_next = _Py_CAST(uintptr_t, next);
      |                    ^~~~~~~~
./Include/internal/pycore_gc.h: In function '_PyGCHead_PREV':
./Include/pyport.h:24:31: warning: cast to pointer from integer of different size [-Wint-to-pointer-cast]
   24 | #define _Py_CAST(type, expr) ((type)(expr))
      |                               ^
./Include/internal/pycore_gc.h:69:12: note: in expansion of macro '_Py_CAST'
   69 |     return _Py_CAST(PyGC_Head*, prev);
      |            ^~~~~~~~
./Include/internal/pycore_gc.h: In function '_PyGCHead_SET_PREV':
./Include/pyport.h:24:31: warning: cast from pointer to integer of different size [-Wpointer-to-int-cast]
   24 | #define _Py_CAST(type, expr) ((type)(expr))
      |                               ^
./Include/internal/pycore_gc.h:72:23: note: in expansion of macro '_Py_CAST'
   72 |     uintptr_t uprev = _Py_CAST(uintptr_t, prev);
      |                       ^~~~~~~~
In file included from ./Include/internal/pycore_atomic.h:15,
                 from ./Include/internal/pycore_runtime.h:12,
                 from ./Include/internal/pycore_pystate.h:11,
                 from ./Include/internal/pycore_call.h:11,
                 from Python/codecs.c:12:
./Include/internal/pycore_interp.h: In function '_PyInterpreterState_SetFinalizing':
./Include/internal/pycore_interp.h:253:52: warning: cast from pointer to integer of different size [-Wpointer-to-int-cast]
  253 |     _Py_atomic_store_relaxed(&interp->_finalizing, (uintptr_t)tstate);
      |                                                    ^
./Include/internal/pycore_atomic.h:550:5: note: in expansion of macro '_Py_atomic_store_explicit'
  550 |     _Py_atomic_store_explicit((ATOMIC_VAL), (NEW_VAL), _Py_memory_order_relaxed)
      |     ^~~~~~~~~~~~~~~~~~~~~~~~~
./Include/internal/pycore_interp.h:253:5: note: in expansion of macro '_Py_atomic_store_relaxed'
  253 |     _Py_atomic_store_relaxed(&interp->_finalizing, (uintptr_t)tstate);
      |     ^~~~~~~~~~~~~~~~~~~~~~~~
In file included from ./Include/internal/pycore_runtime.h:21:
./Include/internal/pycore_pymem.h: In function '_PyMem_IsPtrFreed':
./Include/internal/pycore_pymem.h:69:23: warning: cast from pointer to integer of different size [-Wpointer-to-int-cast]
   69 |     uintptr_t value = (uintptr_t)ptr;
      |                       ^
./Include/internal/pycore_runtime.h: In function '_PyRuntimeState_SetFinalizing':
./Include/internal/pycore_runtime.h:220:53: warning: cast from pointer to integer of different size [-Wpointer-to-int-cast]
  220 |     _Py_atomic_store_relaxed(&runtime->_finalizing, (uintptr_t)tstate);
      |                                                     ^
./Include/internal/pycore_atomic.h:550:5: note: in expansion of macro '_Py_atomic_store_explicit'
  550 |     _Py_atomic_store_explicit((ATOMIC_VAL), (NEW_VAL), _Py_memory_order_relaxed)
      |     ^~~~~~~~~~~~~~~~~~~~~~~~~
./Include/internal/pycore_runtime.h:220:5: note: in expansion of macro '_Py_atomic_store_relaxed'
  220 |     _Py_atomic_store_relaxed(&runtime->_finalizing, (uintptr_t)tstate);
      |     ^~~~~~~~~~~~~~~~~~~~~~~~
gcc -c -fno-strict-overflow -Wsign-compare -DNDEBUG -g -O3 -Wall    -std=c11 -Wextra -Wno-unused-parameter -Wno-missing-field-initializers -Wstrict-prototypes -Werror=implicit-function-declaration -fvisibility=hidden -include posixcompat.h -mabi=sysv  -I./Include/internal  -I. -I./Include    -DPy_BUILD_CORE -o Python/compile.o Python/compile.c
In file included from ./Include/Python.h:38,
                 from Python/compile.c:24:
./Include/internal/pycore_gc.h: In function '_PyGCHead_NEXT':
./Include/pyport.h:24:31: warning: cast to pointer from integer of different size [-Wint-to-pointer-cast]
   24 | #define _Py_CAST(type, expr) ((type)(expr))
      |                               ^
./Include/internal/pycore_gc.h:60:12: note: in expansion of macro '_Py_CAST'
   60 |     return _Py_CAST(PyGC_Head*, next);
      |            ^~~~~~~~
./Include/internal/pycore_gc.h: In function '_PyGCHead_SET_NEXT':
./Include/pyport.h:24:31: warning: cast from pointer to integer of different size [-Wpointer-to-int-cast]
   24 | #define _Py_CAST(type, expr) ((type)(expr))
      |                               ^
./Include/internal/pycore_gc.h:63:20: note: in expansion of macro '_Py_CAST'
   63 |     gc->_gc_next = _Py_CAST(uintptr_t, next);
      |                    ^~~~~~~~
./Include/internal/pycore_gc.h: In function '_PyGCHead_PREV':
./Include/pyport.h:24:31: warning: cast to pointer from integer of different size [-Wint-to-pointer-cast]
   24 | #define _Py_CAST(type, expr) ((type)(expr))
      |                               ^
./Include/internal/pycore_gc.h:69:12: note: in expansion of macro '_Py_CAST'
   69 |     return _Py_CAST(PyGC_Head*, prev);
      |            ^~~~~~~~
./Include/internal/pycore_gc.h: In function '_PyGCHead_SET_PREV':
./Include/pyport.h:24:31: warning: cast from pointer to integer of different size [-Wpointer-to-int-cast]
   24 | #define _Py_CAST(type, expr) ((type)(expr))
      |                               ^
./Include/internal/pycore_gc.h:72:23: note: in expansion of macro '_Py_CAST'
   72 |     uintptr_t uprev = _Py_CAST(uintptr_t, prev);
      |                       ^~~~~~~~
In file included from ./Include/internal/pycore_atomic.h:15,
                 from ./Include/internal/pycore_runtime.h:12,
                 from ./Include/internal/pycore_long.h:12,
                 from Python/compile.c:33:
./Include/internal/pycore_interp.h: In function '_PyInterpreterState_SetFinalizing':
./Include/internal/pycore_interp.h:253:52: warning: cast from pointer to integer of different size [-Wpointer-to-int-cast]
  253 |     _Py_atomic_store_relaxed(&interp->_finalizing, (uintptr_t)tstate);
      |                                                    ^
./Include/internal/pycore_atomic.h:550:5: note: in expansion of macro '_Py_atomic_store_explicit'
  550 |     _Py_atomic_store_explicit((ATOMIC_VAL), (NEW_VAL), _Py_memory_order_relaxed)
      |     ^~~~~~~~~~~~~~~~~~~~~~~~~
./Include/internal/pycore_interp.h:253:5: note: in expansion of macro '_Py_atomic_store_relaxed'
  253 |     _Py_atomic_store_relaxed(&interp->_finalizing, (uintptr_t)tstate);
      |     ^~~~~~~~~~~~~~~~~~~~~~~~
In file included from ./Include/internal/pycore_runtime.h:21:
./Include/internal/pycore_pymem.h: In function '_PyMem_IsPtrFreed':
./Include/internal/pycore_pymem.h:69:23: warning: cast from pointer to integer of different size [-Wpointer-to-int-cast]
   69 |     uintptr_t value = (uintptr_t)ptr;
      |                       ^
./Include/internal/pycore_runtime.h: In function '_PyRuntimeState_SetFinalizing':
./Include/internal/pycore_runtime.h:220:53: warning: cast from pointer to integer of different size [-Wpointer-to-int-cast]
  220 |     _Py_atomic_store_relaxed(&runtime->_finalizing, (uintptr_t)tstate);
      |                                                     ^
./Include/internal/pycore_atomic.h:550:5: note: in expansion of macro '_Py_atomic_store_explicit'
  550 |     _Py_atomic_store_explicit((ATOMIC_VAL), (NEW_VAL), _Py_memory_order_relaxed)
      |     ^~~~~~~~~~~~~~~~~~~~~~~~~
./Include/internal/pycore_runtime.h:220:5: note: in expansion of macro '_Py_atomic_store_relaxed'
  220 |     _Py_atomic_store_relaxed(&runtime->_finalizing, (uintptr_t)tstate);
      |     ^~~~~~~~~~~~~~~~~~~~~~~~
gcc -c -fno-strict-overflow -Wsign-compare -DNDEBUG -g -O3 -Wall    -std=c11 -Wextra -Wno-unused-parameter -Wno-missing-field-initializers -Wstrict-prototypes -Werror=implicit-function-declaration -fvisibility=hidden -include posixcompat.h -mabi=sysv  -I./Include/internal  -I. -I./Include    -DPy_BUILD_CORE -o Python/context.o Python/context.c
In file included from ./Include/Python.h:38,
                 from Python/context.c:1:
./Include/internal/pycore_gc.h: In function '_PyGCHead_NEXT':
./Include/pyport.h:24:31: warning: cast to pointer from integer of different size [-Wint-to-pointer-cast]
   24 | #define _Py_CAST(type, expr) ((type)(expr))
      |                               ^
./Include/internal/pycore_gc.h:60:12: note: in expansion of macro '_Py_CAST'
   60 |     return _Py_CAST(PyGC_Head*, next);
      |            ^~~~~~~~
./Include/internal/pycore_gc.h: In function '_PyGCHead_SET_NEXT':
./Include/pyport.h:24:31: warning: cast from pointer to integer of different size [-Wpointer-to-int-cast]
   24 | #define _Py_CAST(type, expr) ((type)(expr))
      |                               ^
./Include/internal/pycore_gc.h:63:20: note: in expansion of macro '_Py_CAST'
   63 |     gc->_gc_next = _Py_CAST(uintptr_t, next);
      |                    ^~~~~~~~
./Include/internal/pycore_gc.h: In function '_PyGCHead_PREV':
./Include/pyport.h:24:31: warning: cast to pointer from integer of different size [-Wint-to-pointer-cast]
   24 | #define _Py_CAST(type, expr) ((type)(expr))
      |                               ^
./Include/internal/pycore_gc.h:69:12: note: in expansion of macro '_Py_CAST'
   69 |     return _Py_CAST(PyGC_Head*, prev);
      |            ^~~~~~~~
./Include/internal/pycore_gc.h: In function '_PyGCHead_SET_PREV':
./Include/pyport.h:24:31: warning: cast from pointer to integer of different size [-Wpointer-to-int-cast]
   24 | #define _Py_CAST(type, expr) ((type)(expr))
      |                               ^
./Include/internal/pycore_gc.h:72:23: note: in expansion of macro '_Py_CAST'
   72 |     uintptr_t uprev = _Py_CAST(uintptr_t, prev);
      |                       ^~~~~~~~
In file included from ./Include/internal/pycore_atomic.h:15,
                 from ./Include/internal/pycore_runtime.h:12,
                 from ./Include/internal/pycore_pystate.h:11,
                 from ./Include/internal/pycore_call.h:11,
                 from Python/context.c:2:
./Include/internal/pycore_interp.h: In function '_PyInterpreterState_SetFinalizing':
./Include/internal/pycore_interp.h:253:52: warning: cast from pointer to integer of different size [-Wpointer-to-int-cast]
  253 |     _Py_atomic_store_relaxed(&interp->_finalizing, (uintptr_t)tstate);
      |                                                    ^
./Include/internal/pycore_atomic.h:550:5: note: in expansion of macro '_Py_atomic_store_explicit'
  550 |     _Py_atomic_store_explicit((ATOMIC_VAL), (NEW_VAL), _Py_memory_order_relaxed)
      |     ^~~~~~~~~~~~~~~~~~~~~~~~~
./Include/internal/pycore_interp.h:253:5: note: in expansion of macro '_Py_atomic_store_relaxed'
  253 |     _Py_atomic_store_relaxed(&interp->_finalizing, (uintptr_t)tstate);
      |     ^~~~~~~~~~~~~~~~~~~~~~~~
In file included from ./Include/internal/pycore_runtime.h:21:
./Include/internal/pycore_pymem.h: In function '_PyMem_IsPtrFreed':
./Include/internal/pycore_pymem.h:69:23: warning: cast from pointer to integer of different size [-Wpointer-to-int-cast]
   69 |     uintptr_t value = (uintptr_t)ptr;
      |                       ^
./Include/internal/pycore_runtime.h: In function '_PyRuntimeState_SetFinalizing':
./Include/internal/pycore_runtime.h:220:53: warning: cast from pointer to integer of different size [-Wpointer-to-int-cast]
  220 |     _Py_atomic_store_relaxed(&runtime->_finalizing, (uintptr_t)tstate);
      |                                                     ^
./Include/internal/pycore_atomic.h:550:5: note: in expansion of macro '_Py_atomic_store_explicit'
  550 |     _Py_atomic_store_explicit((ATOMIC_VAL), (NEW_VAL), _Py_memory_order_relaxed)
      |     ^~~~~~~~~~~~~~~~~~~~~~~~~
./Include/internal/pycore_runtime.h:220:5: note: in expansion of macro '_Py_atomic_store_relaxed'
  220 |     _Py_atomic_store_relaxed(&runtime->_finalizing, (uintptr_t)tstate);
      |     ^~~~~~~~~~~~~~~~~~~~~~~~
In file included from Python/context.c:7:
./Include/internal/pycore_object.h: In function '_PyObject_GC_TRACK':
./Include/internal/pycore_object.h:227:23: warning: cast to pointer from integer of different size [-Wint-to-pointer-cast]
  227 |     PyGC_Head *last = (PyGC_Head*)(generation0->_gc_prev);
      |                       ^
./Include/internal/pycore_object.h:231:29: warning: cast from pointer to integer of different size [-Wpointer-to-int-cast]
  231 |     generation0->_gc_prev = (uintptr_t)gc;
      |                             ^
./Include/internal/pycore_object.h: In function '_PyDictOrValues_IsValues':
./Include/internal/pycore_object.h:394:13: warning: cast from pointer to integer of different size [-Wpointer-to-int-cast]
  394 |     return ((uintptr_t)dorv.values) & 1;
      |             ^
gcc -c -fno-strict-overflow -Wsign-compare -DNDEBUG -g -O3 -Wall    -std=c11 -Wextra -Wno-unused-parameter -Wno-missing-field-initializers -Wstrict-prototypes -Werror=implicit-function-declaration -fvisibility=hidden -include posixcompat.h -mabi=sysv  -I./Include/internal  -I. -I./Include    -DPy_BUILD_CORE -o Python/dynamic_annotations.o Python/dynamic_annotations.c
gcc -c -fno-strict-overflow -Wsign-compare -DNDEBUG -g -O3 -Wall    -std=c11 -Wextra -Wno-unused-parameter -Wno-missing-field-initializers -Wstrict-prototypes -Werror=implicit-function-declaration -fvisibility=hidden -include posixcompat.h -mabi=sysv  -I./Include/internal  -I. -I./Include    -DPy_BUILD_CORE -o Python/errors.o Python/errors.c
In file included from ./Include/Python.h:38,
                 from Python/errors.c:4:
./Include/internal/pycore_gc.h: In function '_PyGCHead_NEXT':
./Include/pyport.h:24:31: warning: cast to pointer from integer of different size [-Wint-to-pointer-cast]
   24 | #define _Py_CAST(type, expr) ((type)(expr))
      |                               ^
./Include/internal/pycore_gc.h:60:12: note: in expansion of macro '_Py_CAST'
   60 |     return _Py_CAST(PyGC_Head*, next);
      |            ^~~~~~~~
./Include/internal/pycore_gc.h: In function '_PyGCHead_SET_NEXT':
./Include/pyport.h:24:31: warning: cast from pointer to integer of different size [-Wpointer-to-int-cast]
   24 | #define _Py_CAST(type, expr) ((type)(expr))
      |                               ^
./Include/internal/pycore_gc.h:63:20: note: in expansion of macro '_Py_CAST'
   63 |     gc->_gc_next = _Py_CAST(uintptr_t, next);
      |                    ^~~~~~~~
./Include/internal/pycore_gc.h: In function '_PyGCHead_PREV':
./Include/pyport.h:24:31: warning: cast to pointer from integer of different size [-Wint-to-pointer-cast]
   24 | #define _Py_CAST(type, expr) ((type)(expr))
      |                               ^
./Include/internal/pycore_gc.h:69:12: note: in expansion of macro '_Py_CAST'
   69 |     return _Py_CAST(PyGC_Head*, prev);
      |            ^~~~~~~~
./Include/internal/pycore_gc.h: In function '_PyGCHead_SET_PREV':
./Include/pyport.h:24:31: warning: cast from pointer to integer of different size [-Wpointer-to-int-cast]
   24 | #define _Py_CAST(type, expr) ((type)(expr))
      |                               ^
./Include/internal/pycore_gc.h:72:23: note: in expansion of macro '_Py_CAST'
   72 |     uintptr_t uprev = _Py_CAST(uintptr_t, prev);
      |                       ^~~~~~~~
In file included from ./Include/internal/pycore_atomic.h:15,
                 from ./Include/internal/pycore_runtime.h:12,
                 from ./Include/internal/pycore_pystate.h:11,
                 from ./Include/internal/pycore_call.h:11,
                 from Python/errors.c:5:
./Include/internal/pycore_interp.h: In function '_PyInterpreterState_SetFinalizing':
./Include/internal/pycore_interp.h:253:52: warning: cast from pointer to integer of different size [-Wpointer-to-int-cast]
  253 |     _Py_atomic_store_relaxed(&interp->_finalizing, (uintptr_t)tstate);
      |                                                    ^
./Include/internal/pycore_atomic.h:550:5: note: in expansion of macro '_Py_atomic_store_explicit'
  550 |     _Py_atomic_store_explicit((ATOMIC_VAL), (NEW_VAL), _Py_memory_order_relaxed)
      |     ^~~~~~~~~~~~~~~~~~~~~~~~~
./Include/internal/pycore_interp.h:253:5: note: in expansion of macro '_Py_atomic_store_relaxed'
  253 |     _Py_atomic_store_relaxed(&interp->_finalizing, (uintptr_t)tstate);
      |     ^~~~~~~~~~~~~~~~~~~~~~~~
In file included from ./Include/internal/pycore_runtime.h:21:
./Include/internal/pycore_pymem.h: In function '_PyMem_IsPtrFreed':
./Include/internal/pycore_pymem.h:69:23: warning: cast from pointer to integer of different size [-Wpointer-to-int-cast]
   69 |     uintptr_t value = (uintptr_t)ptr;
      |                       ^
./Include/internal/pycore_runtime.h: In function '_PyRuntimeState_SetFinalizing':
./Include/internal/pycore_runtime.h:220:53: warning: cast from pointer to integer of different size [-Wpointer-to-int-cast]
  220 |     _Py_atomic_store_relaxed(&runtime->_finalizing, (uintptr_t)tstate);
      |                                                     ^
./Include/internal/pycore_atomic.h:550:5: note: in expansion of macro '_Py_atomic_store_explicit'
  550 |     _Py_atomic_store_explicit((ATOMIC_VAL), (NEW_VAL), _Py_memory_order_relaxed)
      |     ^~~~~~~~~~~~~~~~~~~~~~~~~
./Include/internal/pycore_runtime.h:220:5: note: in expansion of macro '_Py_atomic_store_relaxed'
  220 |     _Py_atomic_store_relaxed(&runtime->_finalizing, (uintptr_t)tstate);
      |     ^~~~~~~~~~~~~~~~~~~~~~~~
gcc -c -fno-strict-overflow -Wsign-compare -DNDEBUG -g -O3 -Wall    -std=c11 -Wextra -Wno-unused-parameter -Wno-missing-field-initializers -Wstrict-prototypes -Werror=implicit-function-declaration -fvisibility=hidden -include posixcompat.h -mabi=sysv  -I./Include/internal  -I. -I./Include    -DPy_BUILD_CORE -o Python/flowgraph.o Python/flowgraph.c
In file included from Python/flowgraph.c:4:
./Include/internal/pycore_pymem.h: In function '_PyMem_IsPtrFreed':
./Include/internal/pycore_pymem.h:69:23: warning: cast from pointer to integer of different size [-Wpointer-to-int-cast]
   69 |     uintptr_t value = (uintptr_t)ptr;
      |                       ^
gcc -c -fno-strict-overflow -Wsign-compare -DNDEBUG -g -O3 -Wall    -std=c11 -Wextra -Wno-unused-parameter -Wno-missing-field-initializers -Wstrict-prototypes -Werror=implicit-function-declaration -fvisibility=hidden -include posixcompat.h -mabi=sysv  -I./Include/internal  -I. -I./Include    -DPy_BUILD_CORE -o Python/frame.o Python/frame.c
In file included from ./Include/Python.h:38,
                 from Python/frame.c:4:
./Include/internal/pycore_gc.h: In function '_PyGCHead_NEXT':
./Include/pyport.h:24:31: warning: cast to pointer from integer of different size [-Wint-to-pointer-cast]
   24 | #define _Py_CAST(type, expr) ((type)(expr))
      |                               ^
./Include/internal/pycore_gc.h:60:12: note: in expansion of macro '_Py_CAST'
   60 |     return _Py_CAST(PyGC_Head*, next);
      |            ^~~~~~~~
./Include/internal/pycore_gc.h: In function '_PyGCHead_SET_NEXT':
./Include/pyport.h:24:31: warning: cast from pointer to integer of different size [-Wpointer-to-int-cast]
   24 | #define _Py_CAST(type, expr) ((type)(expr))
      |                               ^
./Include/internal/pycore_gc.h:63:20: note: in expansion of macro '_Py_CAST'
   63 |     gc->_gc_next = _Py_CAST(uintptr_t, next);
      |                    ^~~~~~~~
./Include/internal/pycore_gc.h: In function '_PyGCHead_PREV':
./Include/pyport.h:24:31: warning: cast to pointer from integer of different size [-Wint-to-pointer-cast]
   24 | #define _Py_CAST(type, expr) ((type)(expr))
      |                               ^
./Include/internal/pycore_gc.h:69:12: note: in expansion of macro '_Py_CAST'
   69 |     return _Py_CAST(PyGC_Head*, prev);
      |            ^~~~~~~~
./Include/internal/pycore_gc.h: In function '_PyGCHead_SET_PREV':
./Include/pyport.h:24:31: warning: cast from pointer to integer of different size [-Wpointer-to-int-cast]
   24 | #define _Py_CAST(type, expr) ((type)(expr))
      |                               ^
./Include/internal/pycore_gc.h:72:23: note: in expansion of macro '_Py_CAST'
   72 |     uintptr_t uprev = _Py_CAST(uintptr_t, prev);
      |                       ^~~~~~~~
In file included from ./Include/internal/pycore_atomic.h:15,
                 from ./Include/internal/pycore_interp.h:15,
                 from ./Include/internal/pycore_object.h:13,
                 from Python/frame.c:8:
./Include/internal/pycore_interp.h: In function '_PyInterpreterState_SetFinalizing':
./Include/internal/pycore_interp.h:253:52: warning: cast from pointer to integer of different size [-Wpointer-to-int-cast]
  253 |     _Py_atomic_store_relaxed(&interp->_finalizing, (uintptr_t)tstate);
      |                                                    ^
./Include/internal/pycore_atomic.h:550:5: note: in expansion of macro '_Py_atomic_store_explicit'
  550 |     _Py_atomic_store_explicit((ATOMIC_VAL), (NEW_VAL), _Py_memory_order_relaxed)
      |     ^~~~~~~~~~~~~~~~~~~~~~~~~
./Include/internal/pycore_interp.h:253:5: note: in expansion of macro '_Py_atomic_store_relaxed'
  253 |     _Py_atomic_store_relaxed(&interp->_finalizing, (uintptr_t)tstate);
      |     ^~~~~~~~~~~~~~~~~~~~~~~~
In file included from ./Include/internal/pycore_runtime.h:21,
                 from ./Include/internal/pycore_pystate.h:11,
                 from ./Include/internal/pycore_object.h:14:
./Include/internal/pycore_pymem.h: In function '_PyMem_IsPtrFreed':
./Include/internal/pycore_pymem.h:69:23: warning: cast from pointer to integer of different size [-Wpointer-to-int-cast]
   69 |     uintptr_t value = (uintptr_t)ptr;
      |                       ^
./Include/internal/pycore_runtime.h: In function '_PyRuntimeState_SetFinalizing':
./Include/internal/pycore_runtime.h:220:53: warning: cast from pointer to integer of different size [-Wpointer-to-int-cast]
  220 |     _Py_atomic_store_relaxed(&runtime->_finalizing, (uintptr_t)tstate);
      |                                                     ^
./Include/internal/pycore_atomic.h:550:5: note: in expansion of macro '_Py_atomic_store_explicit'
  550 |     _Py_atomic_store_explicit((ATOMIC_VAL), (NEW_VAL), _Py_memory_order_relaxed)
      |     ^~~~~~~~~~~~~~~~~~~~~~~~~
./Include/internal/pycore_runtime.h:220:5: note: in expansion of macro '_Py_atomic_store_relaxed'
  220 |     _Py_atomic_store_relaxed(&runtime->_finalizing, (uintptr_t)tstate);
      |     ^~~~~~~~~~~~~~~~~~~~~~~~
./Include/internal/pycore_object.h: In function '_PyObject_GC_TRACK':
./Include/internal/pycore_object.h:227:23: warning: cast to pointer from integer of different size [-Wint-to-pointer-cast]
  227 |     PyGC_Head *last = (PyGC_Head*)(generation0->_gc_prev);
      |                       ^
./Include/internal/pycore_object.h:231:29: warning: cast from pointer to integer of different size [-Wpointer-to-int-cast]
  231 |     generation0->_gc_prev = (uintptr_t)gc;
      |                             ^
./Include/internal/pycore_object.h: In function '_PyDictOrValues_IsValues':
./Include/internal/pycore_object.h:394:13: warning: cast from pointer to integer of different size [-Wpointer-to-int-cast]
  394 |     return ((uintptr_t)dorv.values) & 1;
      |             ^
gcc -c -fno-strict-overflow -Wsign-compare -DNDEBUG -g -O3 -Wall    -std=c11 -Wextra -Wno-unused-parameter -Wno-missing-field-initializers -Wstrict-prototypes -Werror=implicit-function-declaration -fvisibility=hidden -include posixcompat.h -mabi=sysv  -I./Include/internal  -I. -I./Include    -DPy_BUILD_CORE -o Python/frozenmain.o Python/frozenmain.c
In file included from ./Include/Python.h:38,
                 from Python/frozenmain.c:3:
./Include/internal/pycore_gc.h: In function '_PyGCHead_NEXT':
./Include/pyport.h:24:31: warning: cast to pointer from integer of different size [-Wint-to-pointer-cast]
   24 | #define _Py_CAST(type, expr) ((type)(expr))
      |                               ^
./Include/internal/pycore_gc.h:60:12: note: in expansion of macro '_Py_CAST'
   60 |     return _Py_CAST(PyGC_Head*, next);
      |            ^~~~~~~~
./Include/internal/pycore_gc.h: In function '_PyGCHead_SET_NEXT':
./Include/pyport.h:24:31: warning: cast from pointer to integer of different size [-Wpointer-to-int-cast]
   24 | #define _Py_CAST(type, expr) ((type)(expr))
      |                               ^
./Include/internal/pycore_gc.h:63:20: note: in expansion of macro '_Py_CAST'
   63 |     gc->_gc_next = _Py_CAST(uintptr_t, next);
      |                    ^~~~~~~~
./Include/internal/pycore_gc.h: In function '_PyGCHead_PREV':
./Include/pyport.h:24:31: warning: cast to pointer from integer of different size [-Wint-to-pointer-cast]
   24 | #define _Py_CAST(type, expr) ((type)(expr))
      |                               ^
./Include/internal/pycore_gc.h:69:12: note: in expansion of macro '_Py_CAST'
   69 |     return _Py_CAST(PyGC_Head*, prev);
      |            ^~~~~~~~
./Include/internal/pycore_gc.h: In function '_PyGCHead_SET_PREV':
./Include/pyport.h:24:31: warning: cast from pointer to integer of different size [-Wpointer-to-int-cast]
   24 | #define _Py_CAST(type, expr) ((type)(expr))
      |                               ^
./Include/internal/pycore_gc.h:72:23: note: in expansion of macro '_Py_CAST'
   72 |     uintptr_t uprev = _Py_CAST(uintptr_t, prev);
      |                       ^~~~~~~~
In file included from ./Include/internal/pycore_atomic.h:15,
                 from ./Include/internal/pycore_runtime.h:12,
                 from Python/frozenmain.c:4:
./Include/internal/pycore_interp.h: In function '_PyInterpreterState_SetFinalizing':
./Include/internal/pycore_interp.h:253:52: warning: cast from pointer to integer of different size [-Wpointer-to-int-cast]
  253 |     _Py_atomic_store_relaxed(&interp->_finalizing, (uintptr_t)tstate);
      |                                                    ^
./Include/internal/pycore_atomic.h:550:5: note: in expansion of macro '_Py_atomic_store_explicit'
  550 |     _Py_atomic_store_explicit((ATOMIC_VAL), (NEW_VAL), _Py_memory_order_relaxed)
      |     ^~~~~~~~~~~~~~~~~~~~~~~~~
./Include/internal/pycore_interp.h:253:5: note: in expansion of macro '_Py_atomic_store_relaxed'
  253 |     _Py_atomic_store_relaxed(&interp->_finalizing, (uintptr_t)tstate);
      |     ^~~~~~~~~~~~~~~~~~~~~~~~
In file included from ./Include/internal/pycore_runtime.h:21:
./Include/internal/pycore_pymem.h: In function '_PyMem_IsPtrFreed':
./Include/internal/pycore_pymem.h:69:23: warning: cast from pointer to integer of different size [-Wpointer-to-int-cast]
   69 |     uintptr_t value = (uintptr_t)ptr;
      |                       ^
./Include/internal/pycore_runtime.h: In function '_PyRuntimeState_SetFinalizing':
./Include/internal/pycore_runtime.h:220:53: warning: cast from pointer to integer of different size [-Wpointer-to-int-cast]
  220 |     _Py_atomic_store_relaxed(&runtime->_finalizing, (uintptr_t)tstate);
      |                                                     ^
./Include/internal/pycore_atomic.h:550:5: note: in expansion of macro '_Py_atomic_store_explicit'
  550 |     _Py_atomic_store_explicit((ATOMIC_VAL), (NEW_VAL), _Py_memory_order_relaxed)
      |     ^~~~~~~~~~~~~~~~~~~~~~~~~
./Include/internal/pycore_runtime.h:220:5: note: in expansion of macro '_Py_atomic_store_relaxed'
  220 |     _Py_atomic_store_relaxed(&runtime->_finalizing, (uintptr_t)tstate);
      |     ^~~~~~~~~~~~~~~~~~~~~~~~
gcc -c -fno-strict-overflow -Wsign-compare -DNDEBUG -g -O3 -Wall    -std=c11 -Wextra -Wno-unused-parameter -Wno-missing-field-initializers -Wstrict-prototypes -Werror=implicit-function-declaration -fvisibility=hidden -include posixcompat.h -mabi=sysv  -I./Include/internal  -I. -I./Include    -DPy_BUILD_CORE -o Python/future.o Python/future.c
gcc -c -fno-strict-overflow -Wsign-compare -DNDEBUG -g -O3 -Wall    -std=c11 -Wextra -Wno-unused-parameter -Wno-missing-field-initializers -Wstrict-prototypes -Werror=implicit-function-declaration -fvisibility=hidden -include posixcompat.h -mabi=sysv  -I./Include/internal  -I. -I./Include    -DPy_BUILD_CORE -o Python/getargs.o Python/getargs.c
In file included from ./Include/Python.h:38,
                 from Python/getargs.c:4:
./Include/internal/pycore_gc.h: In function '_PyGCHead_NEXT':
./Include/pyport.h:24:31: warning: cast to pointer from integer of different size [-Wint-to-pointer-cast]
   24 | #define _Py_CAST(type, expr) ((type)(expr))
      |                               ^
./Include/internal/pycore_gc.h:60:12: note: in expansion of macro '_Py_CAST'
   60 |     return _Py_CAST(PyGC_Head*, next);
      |            ^~~~~~~~
./Include/internal/pycore_gc.h: In function '_PyGCHead_SET_NEXT':
./Include/pyport.h:24:31: warning: cast from pointer to integer of different size [-Wpointer-to-int-cast]
   24 | #define _Py_CAST(type, expr) ((type)(expr))
      |                               ^
./Include/internal/pycore_gc.h:63:20: note: in expansion of macro '_Py_CAST'
   63 |     gc->_gc_next = _Py_CAST(uintptr_t, next);
      |                    ^~~~~~~~
./Include/internal/pycore_gc.h: In function '_PyGCHead_PREV':
./Include/pyport.h:24:31: warning: cast to pointer from integer of different size [-Wint-to-pointer-cast]
   24 | #define _Py_CAST(type, expr) ((type)(expr))
      |                               ^
./Include/internal/pycore_gc.h:69:12: note: in expansion of macro '_Py_CAST'
   69 |     return _Py_CAST(PyGC_Head*, prev);
      |            ^~~~~~~~
./Include/internal/pycore_gc.h: In function '_PyGCHead_SET_PREV':
./Include/pyport.h:24:31: warning: cast from pointer to integer of different size [-Wpointer-to-int-cast]
   24 | #define _Py_CAST(type, expr) ((type)(expr))
      |                               ^
./Include/internal/pycore_gc.h:72:23: note: in expansion of macro '_Py_CAST'
   72 |     uintptr_t uprev = _Py_CAST(uintptr_t, prev);
      |                       ^~~~~~~~
In file included from ./Include/internal/pycore_atomic.h:15,
                 from ./Include/internal/pycore_runtime.h:12,
                 from ./Include/internal/pycore_pylifecycle.h:11,
                 from Python/getargs.c:6:
./Include/internal/pycore_interp.h: In function '_PyInterpreterState_SetFinalizing':
./Include/internal/pycore_interp.h:253:52: warning: cast from pointer to integer of different size [-Wpointer-to-int-cast]
  253 |     _Py_atomic_store_relaxed(&interp->_finalizing, (uintptr_t)tstate);
      |                                                    ^
./Include/internal/pycore_atomic.h:550:5: note: in expansion of macro '_Py_atomic_store_explicit'
  550 |     _Py_atomic_store_explicit((ATOMIC_VAL), (NEW_VAL), _Py_memory_order_relaxed)
      |     ^~~~~~~~~~~~~~~~~~~~~~~~~
./Include/internal/pycore_interp.h:253:5: note: in expansion of macro '_Py_atomic_store_relaxed'
  253 |     _Py_atomic_store_relaxed(&interp->_finalizing, (uintptr_t)tstate);
      |     ^~~~~~~~~~~~~~~~~~~~~~~~
In file included from ./Include/internal/pycore_runtime.h:21:
./Include/internal/pycore_pymem.h: In function '_PyMem_IsPtrFreed':
./Include/internal/pycore_pymem.h:69:23: warning: cast from pointer to integer of different size [-Wpointer-to-int-cast]
   69 |     uintptr_t value = (uintptr_t)ptr;
      |                       ^
./Include/internal/pycore_runtime.h: In function '_PyRuntimeState_SetFinalizing':
./Include/internal/pycore_runtime.h:220:53: warning: cast from pointer to integer of different size [-Wpointer-to-int-cast]
  220 |     _Py_atomic_store_relaxed(&runtime->_finalizing, (uintptr_t)tstate);
      |                                                     ^
./Include/internal/pycore_atomic.h:550:5: note: in expansion of macro '_Py_atomic_store_explicit'
  550 |     _Py_atomic_store_explicit((ATOMIC_VAL), (NEW_VAL), _Py_memory_order_relaxed)
      |     ^~~~~~~~~~~~~~~~~~~~~~~~~
./Include/internal/pycore_runtime.h:220:5: note: in expansion of macro '_Py_atomic_store_relaxed'
  220 |     _Py_atomic_store_relaxed(&runtime->_finalizing, (uintptr_t)tstate);
      |     ^~~~~~~~~~~~~~~~~~~~~~~~
Python/getargs.c: In function 'seterror':
Python/getargs.c:457:38: warning: unknown conversion type character 'z' in format [-Wformat=]
  457 |                           "argument %zd", iarg);
      |                                      ^
Python/getargs.c:457:27: warning: too many arguments for format [-Wformat-extra-args]
  457 |                           "argument %zd", iarg);
      |                           ^~~~~~~~~~~~~~
Python/getargs.c: In function 'converttuple':
Python/getargs.c:545:57: warning: unknown conversion type character 'z' in format [-Wformat=]
  545 |                           "expected %d argument%s, not %zd",
      |                                                         ^
Python/getargs.c:545:27: warning: too many arguments for format [-Wformat-extra-args]
  545 |                           "expected %d argument%s, not %zd",
      |                           ^~~~~~~~~~~~~~~~~~~~~~~~~~~~~~~~~
Python/getargs.c:552:64: warning: unknown conversion type character 'z' in format [-Wformat=]
  552 |                           "must be sequence of length %d, not %zd",
      |                                                                ^
Python/getargs.c:552:27: warning: too many arguments for format [-Wformat-extra-args]
  552 |                           "must be sequence of length %d, not %zd",
      |                           ^~~~~~~~~~~~~~~~~~~~~~~~~~~~~~~~~~~~~~~~
gcc -c -fno-strict-overflow -Wsign-compare -DNDEBUG -g -O3 -Wall    -std=c11 -Wextra -Wno-unused-parameter -Wno-missing-field-initializers -Wstrict-prototypes -Werror=implicit-function-declaration -fvisibility=hidden -include posixcompat.h -mabi=sysv  -I./Include/internal  -I. -I./Include    -DPy_BUILD_CORE -o Python/getcompiler.o Python/getcompiler.c
gcc -c -fno-strict-overflow -Wsign-compare -DNDEBUG -g -O3 -Wall    -std=c11 -Wextra -Wno-unused-parameter -Wno-missing-field-initializers -Wstrict-prototypes -Werror=implicit-function-declaration -fvisibility=hidden -include posixcompat.h -mabi=sysv  -I./Include/internal  -I. -I./Include    -DPy_BUILD_CORE -o Python/getcopyright.o Python/getcopyright.c
gcc -c -fno-strict-overflow -Wsign-compare -DNDEBUG -g -O3 -Wall    -std=c11 -Wextra -Wno-unused-parameter -Wno-missing-field-initializers -Wstrict-prototypes -Werror=implicit-function-declaration -fvisibility=hidden -include posixcompat.h -mabi=sysv  -I./Include/internal  -I. -I./Include    -DPy_BUILD_CORE -DPLATFORM='"mingw64_nt-10.0-190453"' -o Python/getplatform.o ./Python/getplatform.c
gcc -c -fno-strict-overflow -Wsign-compare -DNDEBUG -g -O3 -Wall    -std=c11 -Wextra -Wno-unused-parameter -Wno-missing-field-initializers -Wstrict-prototypes -Werror=implicit-function-declaration -fvisibility=hidden -include posixcompat.h -mabi=sysv  -I./Include/internal  -I. -I./Include    -DPy_BUILD_CORE -o Python/getversion.o Python/getversion.c
gcc -c -fno-strict-overflow -Wsign-compare -DNDEBUG -g -O3 -Wall    -std=c11 -Wextra -Wno-unused-parameter -Wno-missing-field-initializers -Wstrict-prototypes -Werror=implicit-function-declaration -fvisibility=hidden -include posixcompat.h -mabi=sysv  -I./Include/internal  -I. -I./Include    -DPy_BUILD_CORE -o Python/ceval_gil.o Python/ceval_gil.c
In file included from ./Include/Python.h:38,
                 from Python/ceval_gil.c:2:
./Include/internal/pycore_gc.h: In function '_PyGCHead_NEXT':
./Include/pyport.h:24:31: warning: cast to pointer from integer of different size [-Wint-to-pointer-cast]
   24 | #define _Py_CAST(type, expr) ((type)(expr))
      |                               ^
./Include/internal/pycore_gc.h:60:12: note: in expansion of macro '_Py_CAST'
   60 |     return _Py_CAST(PyGC_Head*, next);
      |            ^~~~~~~~
./Include/internal/pycore_gc.h: In function '_PyGCHead_SET_NEXT':
./Include/pyport.h:24:31: warning: cast from pointer to integer of different size [-Wpointer-to-int-cast]
   24 | #define _Py_CAST(type, expr) ((type)(expr))
      |                               ^
./Include/internal/pycore_gc.h:63:20: note: in expansion of macro '_Py_CAST'
   63 |     gc->_gc_next = _Py_CAST(uintptr_t, next);
      |                    ^~~~~~~~
./Include/internal/pycore_gc.h: In function '_PyGCHead_PREV':
./Include/pyport.h:24:31: warning: cast to pointer from integer of different size [-Wint-to-pointer-cast]
   24 | #define _Py_CAST(type, expr) ((type)(expr))
      |                               ^
./Include/internal/pycore_gc.h:69:12: note: in expansion of macro '_Py_CAST'
   69 |     return _Py_CAST(PyGC_Head*, prev);
      |            ^~~~~~~~
./Include/internal/pycore_gc.h: In function '_PyGCHead_SET_PREV':
./Include/pyport.h:24:31: warning: cast from pointer to integer of different size [-Wpointer-to-int-cast]
   24 | #define _Py_CAST(type, expr) ((type)(expr))
      |                               ^
./Include/internal/pycore_gc.h:72:23: note: in expansion of macro '_Py_CAST'
   72 |     uintptr_t uprev = _Py_CAST(uintptr_t, prev);
      |                       ^~~~~~~~
In file included from ./Include/internal/pycore_atomic.h:15,
                 from Python/ceval_gil.c:3:
./Include/internal/pycore_interp.h: In function '_PyInterpreterState_SetFinalizing':
./Include/internal/pycore_interp.h:253:52: warning: cast from pointer to integer of different size [-Wpointer-to-int-cast]
  253 |     _Py_atomic_store_relaxed(&interp->_finalizing, (uintptr_t)tstate);
      |                                                    ^
./Include/internal/pycore_atomic.h:550:5: note: in expansion of macro '_Py_atomic_store_explicit'
  550 |     _Py_atomic_store_explicit((ATOMIC_VAL), (NEW_VAL), _Py_memory_order_relaxed)
      |     ^~~~~~~~~~~~~~~~~~~~~~~~~
./Include/internal/pycore_interp.h:253:5: note: in expansion of macro '_Py_atomic_store_relaxed'
  253 |     _Py_atomic_store_relaxed(&interp->_finalizing, (uintptr_t)tstate);
      |     ^~~~~~~~~~~~~~~~~~~~~~~~
In file included from ./Include/internal/pycore_runtime.h:21,
                 from ./Include/internal/pycore_pystate.h:11,
                 from ./Include/internal/pycore_ceval.h:20,
                 from Python/ceval_gil.c:4:
./Include/internal/pycore_pymem.h: In function '_PyMem_IsPtrFreed':
./Include/internal/pycore_pymem.h:69:23: warning: cast from pointer to integer of different size [-Wpointer-to-int-cast]
   69 |     uintptr_t value = (uintptr_t)ptr;
      |                       ^
./Include/internal/pycore_runtime.h: In function '_PyRuntimeState_SetFinalizing':
./Include/internal/pycore_runtime.h:220:53: warning: cast from pointer to integer of different size [-Wpointer-to-int-cast]
  220 |     _Py_atomic_store_relaxed(&runtime->_finalizing, (uintptr_t)tstate);
      |                                                     ^
./Include/internal/pycore_atomic.h:550:5: note: in expansion of macro '_Py_atomic_store_explicit'
  550 |     _Py_atomic_store_explicit((ATOMIC_VAL), (NEW_VAL), _Py_memory_order_relaxed)
      |     ^~~~~~~~~~~~~~~~~~~~~~~~~
./Include/internal/pycore_runtime.h:220:5: note: in expansion of macro '_Py_atomic_store_relaxed'
  220 |     _Py_atomic_store_relaxed(&runtime->_finalizing, (uintptr_t)tstate);
      |     ^~~~~~~~~~~~~~~~~~~~~~~~
Python/ceval_gil.c: In function 'drop_gil':
Python/ceval_gil.c:294:53: warning: cast from pointer to integer of different size [-Wpointer-to-int-cast]
  294 |         _Py_atomic_store_relaxed(&gil->last_holder, (uintptr_t)tstate);
      |                                                     ^
./Include/internal/pycore_atomic.h:550:5: note: in expansion of macro '_Py_atomic_store_explicit'
  550 |     _Py_atomic_store_explicit((ATOMIC_VAL), (NEW_VAL), _Py_memory_order_relaxed)
      |     ^~~~~~~~~~~~~~~~~~~~~~~~~
Python/ceval_gil.c:294:9: note: in expansion of macro '_Py_atomic_store_relaxed'
  294 |         _Py_atomic_store_relaxed(&gil->last_holder, (uintptr_t)tstate);
      |         ^~~~~~~~~~~~~~~~~~~~~~~~
Python/ceval_gil.c: In function 'take_gil':
Python/ceval_gil.c:415:53: warning: cast from pointer to integer of different size [-Wpointer-to-int-cast]
  415 |         _Py_atomic_store_relaxed(&gil->last_holder, (uintptr_t)tstate);
      |                                                     ^
./Include/internal/pycore_atomic.h:550:5: note: in expansion of macro '_Py_atomic_store_explicit'
  550 |     _Py_atomic_store_explicit((ATOMIC_VAL), (NEW_VAL), _Py_memory_order_relaxed)
      |     ^~~~~~~~~~~~~~~~~~~~~~~~~
Python/ceval_gil.c:415:9: note: in expansion of macro '_Py_atomic_store_relaxed'
  415 |         _Py_atomic_store_relaxed(&gil->last_holder, (uintptr_t)tstate);
      |         ^~~~~~~~~~~~~~~~~~~~~~~~
gcc -c -fno-strict-overflow -Wsign-compare -DNDEBUG -g -O3 -Wall    -std=c11 -Wextra -Wno-unused-parameter -Wno-missing-field-initializers -Wstrict-prototypes -Werror=implicit-function-declaration -fvisibility=hidden -include posixcompat.h -mabi=sysv  -I./Include/internal  -I. -I./Include    -DPy_BUILD_CORE -o Python/hamt.o Python/hamt.c
In file included from ./Include/Python.h:38,
                 from Python/hamt.c:1:
./Include/internal/pycore_gc.h: In function '_PyGCHead_NEXT':
./Include/pyport.h:24:31: warning: cast to pointer from integer of different size [-Wint-to-pointer-cast]
   24 | #define _Py_CAST(type, expr) ((type)(expr))
      |                               ^
./Include/internal/pycore_gc.h:60:12: note: in expansion of macro '_Py_CAST'
   60 |     return _Py_CAST(PyGC_Head*, next);
      |            ^~~~~~~~
./Include/internal/pycore_gc.h: In function '_PyGCHead_SET_NEXT':
./Include/pyport.h:24:31: warning: cast from pointer to integer of different size [-Wpointer-to-int-cast]
   24 | #define _Py_CAST(type, expr) ((type)(expr))
      |                               ^
./Include/internal/pycore_gc.h:63:20: note: in expansion of macro '_Py_CAST'
   63 |     gc->_gc_next = _Py_CAST(uintptr_t, next);
      |                    ^~~~~~~~
./Include/internal/pycore_gc.h: In function '_PyGCHead_PREV':
./Include/pyport.h:24:31: warning: cast to pointer from integer of different size [-Wint-to-pointer-cast]
   24 | #define _Py_CAST(type, expr) ((type)(expr))
      |                               ^
./Include/internal/pycore_gc.h:69:12: note: in expansion of macro '_Py_CAST'
   69 |     return _Py_CAST(PyGC_Head*, prev);
      |            ^~~~~~~~
./Include/internal/pycore_gc.h: In function '_PyGCHead_SET_PREV':
./Include/pyport.h:24:31: warning: cast from pointer to integer of different size [-Wpointer-to-int-cast]
   24 | #define _Py_CAST(type, expr) ((type)(expr))
      |                               ^
./Include/internal/pycore_gc.h:72:23: note: in expansion of macro '_Py_CAST'
   72 |     uintptr_t uprev = _Py_CAST(uintptr_t, prev);
      |                       ^~~~~~~~
In file included from ./Include/internal/pycore_atomic.h:15,
                 from ./Include/internal/pycore_interp.h:15,
                 from ./Include/internal/pycore_object.h:13,
                 from Python/hamt.c:6:
./Include/internal/pycore_interp.h: In function '_PyInterpreterState_SetFinalizing':
./Include/internal/pycore_interp.h:253:52: warning: cast from pointer to integer of different size [-Wpointer-to-int-cast]
  253 |     _Py_atomic_store_relaxed(&interp->_finalizing, (uintptr_t)tstate);
      |                                                    ^
./Include/internal/pycore_atomic.h:550:5: note: in expansion of macro '_Py_atomic_store_explicit'
  550 |     _Py_atomic_store_explicit((ATOMIC_VAL), (NEW_VAL), _Py_memory_order_relaxed)
      |     ^~~~~~~~~~~~~~~~~~~~~~~~~
./Include/internal/pycore_interp.h:253:5: note: in expansion of macro '_Py_atomic_store_relaxed'
  253 |     _Py_atomic_store_relaxed(&interp->_finalizing, (uintptr_t)tstate);
      |     ^~~~~~~~~~~~~~~~~~~~~~~~
In file included from ./Include/internal/pycore_runtime.h:21,
                 from ./Include/internal/pycore_pystate.h:11,
                 from ./Include/internal/pycore_object.h:14:
./Include/internal/pycore_pymem.h: In function '_PyMem_IsPtrFreed':
./Include/internal/pycore_pymem.h:69:23: warning: cast from pointer to integer of different size [-Wpointer-to-int-cast]
   69 |     uintptr_t value = (uintptr_t)ptr;
      |                       ^
./Include/internal/pycore_runtime.h: In function '_PyRuntimeState_SetFinalizing':
./Include/internal/pycore_runtime.h:220:53: warning: cast from pointer to integer of different size [-Wpointer-to-int-cast]
  220 |     _Py_atomic_store_relaxed(&runtime->_finalizing, (uintptr_t)tstate);
      |                                                     ^
./Include/internal/pycore_atomic.h:550:5: note: in expansion of macro '_Py_atomic_store_explicit'
  550 |     _Py_atomic_store_explicit((ATOMIC_VAL), (NEW_VAL), _Py_memory_order_relaxed)
      |     ^~~~~~~~~~~~~~~~~~~~~~~~~
./Include/internal/pycore_runtime.h:220:5: note: in expansion of macro '_Py_atomic_store_relaxed'
  220 |     _Py_atomic_store_relaxed(&runtime->_finalizing, (uintptr_t)tstate);
      |     ^~~~~~~~~~~~~~~~~~~~~~~~
./Include/internal/pycore_object.h: In function '_PyObject_GC_TRACK':
./Include/internal/pycore_object.h:227:23: warning: cast to pointer from integer of different size [-Wint-to-pointer-cast]
  227 |     PyGC_Head *last = (PyGC_Head*)(generation0->_gc_prev);
      |                       ^
./Include/internal/pycore_object.h:231:29: warning: cast from pointer to integer of different size [-Wpointer-to-int-cast]
  231 |     generation0->_gc_prev = (uintptr_t)gc;
      |                             ^
./Include/internal/pycore_object.h: In function '_PyDictOrValues_IsValues':
./Include/internal/pycore_object.h:394:13: warning: cast from pointer to integer of different size [-Wpointer-to-int-cast]
  394 |     return ((uintptr_t)dorv.values) & 1;
      |             ^
Python/hamt.c: In function 'hamt_hash':
Python/hamt.c:418:68: warning: right shift count >= width of type [-Wshift-count-overflow]
  418 |     int32_t xored = (int32_t)(hash & 0xffffffffl) ^ (int32_t)(hash >> 32);
      |                                                                    ^~
gcc -c -fno-strict-overflow -Wsign-compare -DNDEBUG -g -O3 -Wall    -std=c11 -Wextra -Wno-unused-parameter -Wno-missing-field-initializers -Wstrict-prototypes -Werror=implicit-function-declaration -fvisibility=hidden -include posixcompat.h -mabi=sysv  -I./Include/internal  -I. -I./Include    -DPy_BUILD_CORE -o Python/hashtable.o Python/hashtable.c
gcc -c -fno-strict-overflow -Wsign-compare -DNDEBUG -g -O3 -Wall    -std=c11 -Wextra -Wno-unused-parameter -Wno-missing-field-initializers -Wstrict-prototypes -Werror=implicit-function-declaration -fvisibility=hidden -include posixcompat.h -mabi=sysv  -I./Include/internal  -I. -I./Include    -DPy_BUILD_CORE -o Python/import.o Python/import.c
In file included from ./Include/Python.h:38,
                 from Python/import.c:3:
./Include/internal/pycore_gc.h: In function '_PyGCHead_NEXT':
./Include/pyport.h:24:31: warning: cast to pointer from integer of different size [-Wint-to-pointer-cast]
   24 | #define _Py_CAST(type, expr) ((type)(expr))
      |                               ^
./Include/internal/pycore_gc.h:60:12: note: in expansion of macro '_Py_CAST'
   60 |     return _Py_CAST(PyGC_Head*, next);
      |            ^~~~~~~~
./Include/internal/pycore_gc.h: In function '_PyGCHead_SET_NEXT':
./Include/pyport.h:24:31: warning: cast from pointer to integer of different size [-Wpointer-to-int-cast]
   24 | #define _Py_CAST(type, expr) ((type)(expr))
      |                               ^
./Include/internal/pycore_gc.h:63:20: note: in expansion of macro '_Py_CAST'
   63 |     gc->_gc_next = _Py_CAST(uintptr_t, next);
      |                    ^~~~~~~~
./Include/internal/pycore_gc.h: In function '_PyGCHead_PREV':
./Include/pyport.h:24:31: warning: cast to pointer from integer of different size [-Wint-to-pointer-cast]
   24 | #define _Py_CAST(type, expr) ((type)(expr))
      |                               ^
./Include/internal/pycore_gc.h:69:12: note: in expansion of macro '_Py_CAST'
   69 |     return _Py_CAST(PyGC_Head*, prev);
      |            ^~~~~~~~
./Include/internal/pycore_gc.h: In function '_PyGCHead_SET_PREV':
./Include/pyport.h:24:31: warning: cast from pointer to integer of different size [-Wpointer-to-int-cast]
   24 | #define _Py_CAST(type, expr) ((type)(expr))
      |                               ^
./Include/internal/pycore_gc.h:72:23: note: in expansion of macro '_Py_CAST'
   72 |     uintptr_t uprev = _Py_CAST(uintptr_t, prev);
      |                       ^~~~~~~~
In file included from ./Include/internal/pycore_atomic.h:15,
                 from ./Include/internal/pycore_interp.h:15,
                 from Python/import.c:8:
./Include/internal/pycore_interp.h: In function '_PyInterpreterState_SetFinalizing':
./Include/internal/pycore_interp.h:253:52: warning: cast from pointer to integer of different size [-Wpointer-to-int-cast]
  253 |     _Py_atomic_store_relaxed(&interp->_finalizing, (uintptr_t)tstate);
      |                                                    ^
./Include/internal/pycore_atomic.h:550:5: note: in expansion of macro '_Py_atomic_store_explicit'
  550 |     _Py_atomic_store_explicit((ATOMIC_VAL), (NEW_VAL), _Py_memory_order_relaxed)
      |     ^~~~~~~~~~~~~~~~~~~~~~~~~
./Include/internal/pycore_interp.h:253:5: note: in expansion of macro '_Py_atomic_store_relaxed'
  253 |     _Py_atomic_store_relaxed(&interp->_finalizing, (uintptr_t)tstate);
      |     ^~~~~~~~~~~~~~~~~~~~~~~~
In file included from ./Include/internal/pycore_runtime.h:21,
                 from ./Include/internal/pycore_pystate.h:11,
                 from ./Include/internal/pycore_object.h:14,
                 from Python/import.c:10:
./Include/internal/pycore_pymem.h: In function '_PyMem_IsPtrFreed':
./Include/internal/pycore_pymem.h:69:23: warning: cast from pointer to integer of different size [-Wpointer-to-int-cast]
   69 |     uintptr_t value = (uintptr_t)ptr;
      |                       ^
./Include/internal/pycore_runtime.h: In function '_PyRuntimeState_SetFinalizing':
./Include/internal/pycore_runtime.h:220:53: warning: cast from pointer to integer of different size [-Wpointer-to-int-cast]
  220 |     _Py_atomic_store_relaxed(&runtime->_finalizing, (uintptr_t)tstate);
      |                                                     ^
./Include/internal/pycore_atomic.h:550:5: note: in expansion of macro '_Py_atomic_store_explicit'
  550 |     _Py_atomic_store_explicit((ATOMIC_VAL), (NEW_VAL), _Py_memory_order_relaxed)
      |     ^~~~~~~~~~~~~~~~~~~~~~~~~
./Include/internal/pycore_runtime.h:220:5: note: in expansion of macro '_Py_atomic_store_relaxed'
  220 |     _Py_atomic_store_relaxed(&runtime->_finalizing, (uintptr_t)tstate);
      |     ^~~~~~~~~~~~~~~~~~~~~~~~
./Include/internal/pycore_object.h: In function '_PyObject_GC_TRACK':
./Include/internal/pycore_object.h:227:23: warning: cast to pointer from integer of different size [-Wint-to-pointer-cast]
  227 |     PyGC_Head *last = (PyGC_Head*)(generation0->_gc_prev);
      |                       ^
./Include/internal/pycore_object.h:231:29: warning: cast from pointer to integer of different size [-Wpointer-to-int-cast]
  231 |     generation0->_gc_prev = (uintptr_t)gc;
      |                             ^
./Include/internal/pycore_object.h: In function '_PyDictOrValues_IsValues':
./Include/internal/pycore_object.h:394:13: warning: cast from pointer to integer of different size [-Wpointer-to-int-cast]
  394 |     return ((uintptr_t)dorv.values) & 1;
      |             ^
gcc -c -fno-strict-overflow -Wsign-compare -DNDEBUG -g -O3 -Wall    -std=c11 -Wextra -Wno-unused-parameter -Wno-missing-field-initializers -Wstrict-prototypes -Werror=implicit-function-declaration -fvisibility=hidden -include posixcompat.h -mabi=sysv  -I./Include/internal  -I. -I./Include    -DPy_BUILD_CORE -I. -o Python/importdl.o ./Python/importdl.c
In file included from ./Include/Python.h:38,
                 from ./Python/importdl.c:4:
./Include/internal/pycore_gc.h: In function '_PyGCHead_NEXT':
./Include/pyport.h:24:31: warning: cast to pointer from integer of different size [-Wint-to-pointer-cast]
   24 | #define _Py_CAST(type, expr) ((type)(expr))
      |                               ^
./Include/internal/pycore_gc.h:60:12: note: in expansion of macro '_Py_CAST'
   60 |     return _Py_CAST(PyGC_Head*, next);
      |            ^~~~~~~~
./Include/internal/pycore_gc.h: In function '_PyGCHead_SET_NEXT':
./Include/pyport.h:24:31: warning: cast from pointer to integer of different size [-Wpointer-to-int-cast]
   24 | #define _Py_CAST(type, expr) ((type)(expr))
      |                               ^
./Include/internal/pycore_gc.h:63:20: note: in expansion of macro '_Py_CAST'
   63 |     gc->_gc_next = _Py_CAST(uintptr_t, next);
      |                    ^~~~~~~~
./Include/internal/pycore_gc.h: In function '_PyGCHead_PREV':
./Include/pyport.h:24:31: warning: cast to pointer from integer of different size [-Wint-to-pointer-cast]
   24 | #define _Py_CAST(type, expr) ((type)(expr))
      |                               ^
./Include/internal/pycore_gc.h:69:12: note: in expansion of macro '_Py_CAST'
   69 |     return _Py_CAST(PyGC_Head*, prev);
      |            ^~~~~~~~
./Include/internal/pycore_gc.h: In function '_PyGCHead_SET_PREV':
./Include/pyport.h:24:31: warning: cast from pointer to integer of different size [-Wpointer-to-int-cast]
   24 | #define _Py_CAST(type, expr) ((type)(expr))
      |                               ^
./Include/internal/pycore_gc.h:72:23: note: in expansion of macro '_Py_CAST'
   72 |     uintptr_t uprev = _Py_CAST(uintptr_t, prev);
      |                       ^~~~~~~~
In file included from ./Include/internal/pycore_atomic.h:15,
                 from ./Include/internal/pycore_runtime.h:12,
                 from ./Include/internal/pycore_pystate.h:11,
                 from ./Include/internal/pycore_call.h:11,
                 from ./Python/importdl.c:5:
./Include/internal/pycore_interp.h: In function '_PyInterpreterState_SetFinalizing':
./Include/internal/pycore_interp.h:253:52: warning: cast from pointer to integer of different size [-Wpointer-to-int-cast]
  253 |     _Py_atomic_store_relaxed(&interp->_finalizing, (uintptr_t)tstate);
      |                                                    ^
./Include/internal/pycore_atomic.h:550:5: note: in expansion of macro '_Py_atomic_store_explicit'
  550 |     _Py_atomic_store_explicit((ATOMIC_VAL), (NEW_VAL), _Py_memory_order_relaxed)
      |     ^~~~~~~~~~~~~~~~~~~~~~~~~
./Include/internal/pycore_interp.h:253:5: note: in expansion of macro '_Py_atomic_store_relaxed'
  253 |     _Py_atomic_store_relaxed(&interp->_finalizing, (uintptr_t)tstate);
      |     ^~~~~~~~~~~~~~~~~~~~~~~~
In file included from ./Include/internal/pycore_runtime.h:21:
./Include/internal/pycore_pymem.h: In function '_PyMem_IsPtrFreed':
./Include/internal/pycore_pymem.h:69:23: warning: cast from pointer to integer of different size [-Wpointer-to-int-cast]
   69 |     uintptr_t value = (uintptr_t)ptr;
      |                       ^
./Include/internal/pycore_runtime.h: In function '_PyRuntimeState_SetFinalizing':
./Include/internal/pycore_runtime.h:220:53: warning: cast from pointer to integer of different size [-Wpointer-to-int-cast]
  220 |     _Py_atomic_store_relaxed(&runtime->_finalizing, (uintptr_t)tstate);
      |                                                     ^
./Include/internal/pycore_atomic.h:550:5: note: in expansion of macro '_Py_atomic_store_explicit'
  550 |     _Py_atomic_store_explicit((ATOMIC_VAL), (NEW_VAL), _Py_memory_order_relaxed)
      |     ^~~~~~~~~~~~~~~~~~~~~~~~~
./Include/internal/pycore_runtime.h:220:5: note: in expansion of macro '_Py_atomic_store_relaxed'
  220 |     _Py_atomic_store_relaxed(&runtime->_finalizing, (uintptr_t)tstate);
      |     ^~~~~~~~~~~~~~~~~~~~~~~~
gcc -c -fno-strict-overflow -Wsign-compare -DNDEBUG -g -O3 -Wall    -std=c11 -Wextra -Wno-unused-parameter -Wno-missing-field-initializers -Wstrict-prototypes -Werror=implicit-function-declaration -fvisibility=hidden -include posixcompat.h -mabi=sysv  -I./Include/internal  -I. -I./Include    -DPy_BUILD_CORE -o Python/initconfig.o Python/initconfig.c
In file included from ./Include/Python.h:38,
                 from Python/initconfig.c:1:
./Include/internal/pycore_gc.h: In function '_PyGCHead_NEXT':
./Include/pyport.h:24:31: warning: cast to pointer from integer of different size [-Wint-to-pointer-cast]
   24 | #define _Py_CAST(type, expr) ((type)(expr))
      |                               ^
./Include/internal/pycore_gc.h:60:12: note: in expansion of macro '_Py_CAST'
   60 |     return _Py_CAST(PyGC_Head*, next);
      |            ^~~~~~~~
./Include/internal/pycore_gc.h: In function '_PyGCHead_SET_NEXT':
./Include/pyport.h:24:31: warning: cast from pointer to integer of different size [-Wpointer-to-int-cast]
   24 | #define _Py_CAST(type, expr) ((type)(expr))
      |                               ^
./Include/internal/pycore_gc.h:63:20: note: in expansion of macro '_Py_CAST'
   63 |     gc->_gc_next = _Py_CAST(uintptr_t, next);
      |                    ^~~~~~~~
./Include/internal/pycore_gc.h: In function '_PyGCHead_PREV':
./Include/pyport.h:24:31: warning: cast to pointer from integer of different size [-Wint-to-pointer-cast]
   24 | #define _Py_CAST(type, expr) ((type)(expr))
      |                               ^
./Include/internal/pycore_gc.h:69:12: note: in expansion of macro '_Py_CAST'
   69 |     return _Py_CAST(PyGC_Head*, prev);
      |            ^~~~~~~~
./Include/internal/pycore_gc.h: In function '_PyGCHead_SET_PREV':
./Include/pyport.h:24:31: warning: cast from pointer to integer of different size [-Wpointer-to-int-cast]
   24 | #define _Py_CAST(type, expr) ((type)(expr))
      |                               ^
./Include/internal/pycore_gc.h:72:23: note: in expansion of macro '_Py_CAST'
   72 |     uintptr_t uprev = _Py_CAST(uintptr_t, prev);
      |                       ^~~~~~~~
In file included from ./Include/internal/pycore_atomic.h:15,
                 from ./Include/internal/pycore_interp.h:15,
                 from Python/initconfig.c:5:
./Include/internal/pycore_interp.h: In function '_PyInterpreterState_SetFinalizing':
./Include/internal/pycore_interp.h:253:52: warning: cast from pointer to integer of different size [-Wpointer-to-int-cast]
  253 |     _Py_atomic_store_relaxed(&interp->_finalizing, (uintptr_t)tstate);
      |                                                    ^
./Include/internal/pycore_atomic.h:550:5: note: in expansion of macro '_Py_atomic_store_explicit'
  550 |     _Py_atomic_store_explicit((ATOMIC_VAL), (NEW_VAL), _Py_memory_order_relaxed)
      |     ^~~~~~~~~~~~~~~~~~~~~~~~~
./Include/internal/pycore_interp.h:253:5: note: in expansion of macro '_Py_atomic_store_relaxed'
  253 |     _Py_atomic_store_relaxed(&interp->_finalizing, (uintptr_t)tstate);
      |     ^~~~~~~~~~~~~~~~~~~~~~~~
In file included from ./Include/internal/pycore_runtime.h:21,
                 from ./Include/internal/pycore_long.h:12,
                 from Python/initconfig.c:6:
./Include/internal/pycore_pymem.h: In function '_PyMem_IsPtrFreed':
./Include/internal/pycore_pymem.h:69:23: warning: cast from pointer to integer of different size [-Wpointer-to-int-cast]
   69 |     uintptr_t value = (uintptr_t)ptr;
      |                       ^
./Include/internal/pycore_runtime.h: In function '_PyRuntimeState_SetFinalizing':
./Include/internal/pycore_runtime.h:220:53: warning: cast from pointer to integer of different size [-Wpointer-to-int-cast]
  220 |     _Py_atomic_store_relaxed(&runtime->_finalizing, (uintptr_t)tstate);
      |                                                     ^
./Include/internal/pycore_atomic.h:550:5: note: in expansion of macro '_Py_atomic_store_explicit'
  550 |     _Py_atomic_store_explicit((ATOMIC_VAL), (NEW_VAL), _Py_memory_order_relaxed)
      |     ^~~~~~~~~~~~~~~~~~~~~~~~~
./Include/internal/pycore_runtime.h:220:5: note: in expansion of macro '_Py_atomic_store_relaxed'
  220 |     _Py_atomic_store_relaxed(&runtime->_finalizing, (uintptr_t)tstate);
      |     ^~~~~~~~~~~~~~~~~~~~~~~~
gcc -c -fno-strict-overflow -Wsign-compare -DNDEBUG -g -O3 -Wall    -std=c11 -Wextra -Wno-unused-parameter -Wno-missing-field-initializers -Wstrict-prototypes -Werror=implicit-function-declaration -fvisibility=hidden -include posixcompat.h -mabi=sysv  -I./Include/internal  -I. -I./Include    -DPy_BUILD_CORE -o Python/instrumentation.o Python/instrumentation.c
In file included from ./Include/Python.h:38,
                 from Python/instrumentation.c:5:
./Include/internal/pycore_gc.h: In function '_PyGCHead_NEXT':
./Include/pyport.h:24:31: warning: cast to pointer from integer of different size [-Wint-to-pointer-cast]
   24 | #define _Py_CAST(type, expr) ((type)(expr))
      |                               ^
./Include/internal/pycore_gc.h:60:12: note: in expansion of macro '_Py_CAST'
   60 |     return _Py_CAST(PyGC_Head*, next);
      |            ^~~~~~~~
./Include/internal/pycore_gc.h: In function '_PyGCHead_SET_NEXT':
./Include/pyport.h:24:31: warning: cast from pointer to integer of different size [-Wpointer-to-int-cast]
   24 | #define _Py_CAST(type, expr) ((type)(expr))
      |                               ^
./Include/internal/pycore_gc.h:63:20: note: in expansion of macro '_Py_CAST'
   63 |     gc->_gc_next = _Py_CAST(uintptr_t, next);
      |                    ^~~~~~~~
./Include/internal/pycore_gc.h: In function '_PyGCHead_PREV':
./Include/pyport.h:24:31: warning: cast to pointer from integer of different size [-Wint-to-pointer-cast]
   24 | #define _Py_CAST(type, expr) ((type)(expr))
      |                               ^
./Include/internal/pycore_gc.h:69:12: note: in expansion of macro '_Py_CAST'
   69 |     return _Py_CAST(PyGC_Head*, prev);
      |            ^~~~~~~~
./Include/internal/pycore_gc.h: In function '_PyGCHead_SET_PREV':
./Include/pyport.h:24:31: warning: cast from pointer to integer of different size [-Wpointer-to-int-cast]
   24 | #define _Py_CAST(type, expr) ((type)(expr))
      |                               ^
./Include/internal/pycore_gc.h:72:23: note: in expansion of macro '_Py_CAST'
   72 |     uintptr_t uprev = _Py_CAST(uintptr_t, prev);
      |                       ^~~~~~~~
In file included from ./Include/internal/pycore_atomic.h:15,
                 from ./Include/internal/pycore_runtime.h:12,
                 from ./Include/internal/pycore_pystate.h:11,
                 from ./Include/internal/pycore_call.h:11,
                 from Python/instrumentation.c:6:
./Include/internal/pycore_interp.h: In function '_PyInterpreterState_SetFinalizing':
./Include/internal/pycore_interp.h:253:52: warning: cast from pointer to integer of different size [-Wpointer-to-int-cast]
  253 |     _Py_atomic_store_relaxed(&interp->_finalizing, (uintptr_t)tstate);
      |                                                    ^
./Include/internal/pycore_atomic.h:550:5: note: in expansion of macro '_Py_atomic_store_explicit'
  550 |     _Py_atomic_store_explicit((ATOMIC_VAL), (NEW_VAL), _Py_memory_order_relaxed)
      |     ^~~~~~~~~~~~~~~~~~~~~~~~~
./Include/internal/pycore_interp.h:253:5: note: in expansion of macro '_Py_atomic_store_relaxed'
  253 |     _Py_atomic_store_relaxed(&interp->_finalizing, (uintptr_t)tstate);
      |     ^~~~~~~~~~~~~~~~~~~~~~~~
In file included from ./Include/internal/pycore_runtime.h:21:
./Include/internal/pycore_pymem.h: In function '_PyMem_IsPtrFreed':
./Include/internal/pycore_pymem.h:69:23: warning: cast from pointer to integer of different size [-Wpointer-to-int-cast]
   69 |     uintptr_t value = (uintptr_t)ptr;
      |                       ^
./Include/internal/pycore_runtime.h: In function '_PyRuntimeState_SetFinalizing':
./Include/internal/pycore_runtime.h:220:53: warning: cast from pointer to integer of different size [-Wpointer-to-int-cast]
  220 |     _Py_atomic_store_relaxed(&runtime->_finalizing, (uintptr_t)tstate);
      |                                                     ^
./Include/internal/pycore_atomic.h:550:5: note: in expansion of macro '_Py_atomic_store_explicit'
  550 |     _Py_atomic_store_explicit((ATOMIC_VAL), (NEW_VAL), _Py_memory_order_relaxed)
      |     ^~~~~~~~~~~~~~~~~~~~~~~~~
./Include/internal/pycore_runtime.h:220:5: note: in expansion of macro '_Py_atomic_store_relaxed'
  220 |     _Py_atomic_store_relaxed(&runtime->_finalizing, (uintptr_t)tstate);
      |     ^~~~~~~~~~~~~~~~~~~~~~~~
In file included from Python/instrumentation.c:11:
./Include/internal/pycore_object.h: In function '_PyObject_GC_TRACK':
./Include/internal/pycore_object.h:227:23: warning: cast to pointer from integer of different size [-Wint-to-pointer-cast]
  227 |     PyGC_Head *last = (PyGC_Head*)(generation0->_gc_prev);
      |                       ^
./Include/internal/pycore_object.h:231:29: warning: cast from pointer to integer of different size [-Wpointer-to-int-cast]
  231 |     generation0->_gc_prev = (uintptr_t)gc;
      |                             ^
./Include/internal/pycore_object.h: In function '_PyDictOrValues_IsValues':
./Include/internal/pycore_object.h:394:13: warning: cast from pointer to integer of different size [-Wpointer-to-int-cast]
  394 |     return ((uintptr_t)dorv.values) & 1;
      |             ^
gcc -c -fno-strict-overflow -Wsign-compare -DNDEBUG -g -O3 -Wall    -std=c11 -Wextra -Wno-unused-parameter -Wno-missing-field-initializers -Wstrict-prototypes -Werror=implicit-function-declaration -fvisibility=hidden -include posixcompat.h -mabi=sysv  -I./Include/internal  -I. -I./Include    -DPy_BUILD_CORE -o Python/intrinsics.o Python/intrinsics.c
In file included from ./Include/Python.h:38,
                 from Python/intrinsics.c:4:
./Include/internal/pycore_gc.h: In function '_PyGCHead_NEXT':
./Include/pyport.h:24:31: warning: cast to pointer from integer of different size [-Wint-to-pointer-cast]
   24 | #define _Py_CAST(type, expr) ((type)(expr))
      |                               ^
./Include/internal/pycore_gc.h:60:12: note: in expansion of macro '_Py_CAST'
   60 |     return _Py_CAST(PyGC_Head*, next);
      |            ^~~~~~~~
./Include/internal/pycore_gc.h: In function '_PyGCHead_SET_NEXT':
./Include/pyport.h:24:31: warning: cast from pointer to integer of different size [-Wpointer-to-int-cast]
   24 | #define _Py_CAST(type, expr) ((type)(expr))
      |                               ^
./Include/internal/pycore_gc.h:63:20: note: in expansion of macro '_Py_CAST'
   63 |     gc->_gc_next = _Py_CAST(uintptr_t, next);
      |                    ^~~~~~~~
./Include/internal/pycore_gc.h: In function '_PyGCHead_PREV':
./Include/pyport.h:24:31: warning: cast to pointer from integer of different size [-Wint-to-pointer-cast]
   24 | #define _Py_CAST(type, expr) ((type)(expr))
      |                               ^
./Include/internal/pycore_gc.h:69:12: note: in expansion of macro '_Py_CAST'
   69 |     return _Py_CAST(PyGC_Head*, prev);
      |            ^~~~~~~~
./Include/internal/pycore_gc.h: In function '_PyGCHead_SET_PREV':
./Include/pyport.h:24:31: warning: cast from pointer to integer of different size [-Wpointer-to-int-cast]
   24 | #define _Py_CAST(type, expr) ((type)(expr))
      |                               ^
./Include/internal/pycore_gc.h:72:23: note: in expansion of macro '_Py_CAST'
   72 |     uintptr_t uprev = _Py_CAST(uintptr_t, prev);
      |                       ^~~~~~~~
In file included from ./Include/internal/pycore_atomic.h:15,
                 from ./Include/internal/pycore_runtime.h:12,
                 from Python/intrinsics.c:7:
./Include/internal/pycore_interp.h: In function '_PyInterpreterState_SetFinalizing':
./Include/internal/pycore_interp.h:253:52: warning: cast from pointer to integer of different size [-Wpointer-to-int-cast]
  253 |     _Py_atomic_store_relaxed(&interp->_finalizing, (uintptr_t)tstate);
      |                                                    ^
./Include/internal/pycore_atomic.h:550:5: note: in expansion of macro '_Py_atomic_store_explicit'
  550 |     _Py_atomic_store_explicit((ATOMIC_VAL), (NEW_VAL), _Py_memory_order_relaxed)
      |     ^~~~~~~~~~~~~~~~~~~~~~~~~
./Include/internal/pycore_interp.h:253:5: note: in expansion of macro '_Py_atomic_store_relaxed'
  253 |     _Py_atomic_store_relaxed(&interp->_finalizing, (uintptr_t)tstate);
      |     ^~~~~~~~~~~~~~~~~~~~~~~~
In file included from ./Include/internal/pycore_runtime.h:21:
./Include/internal/pycore_pymem.h: In function '_PyMem_IsPtrFreed':
./Include/internal/pycore_pymem.h:69:23: warning: cast from pointer to integer of different size [-Wpointer-to-int-cast]
   69 |     uintptr_t value = (uintptr_t)ptr;
      |                       ^
./Include/internal/pycore_runtime.h: In function '_PyRuntimeState_SetFinalizing':
./Include/internal/pycore_runtime.h:220:53: warning: cast from pointer to integer of different size [-Wpointer-to-int-cast]
  220 |     _Py_atomic_store_relaxed(&runtime->_finalizing, (uintptr_t)tstate);
      |                                                     ^
./Include/internal/pycore_atomic.h:550:5: note: in expansion of macro '_Py_atomic_store_explicit'
  550 |     _Py_atomic_store_explicit((ATOMIC_VAL), (NEW_VAL), _Py_memory_order_relaxed)
      |     ^~~~~~~~~~~~~~~~~~~~~~~~~
./Include/internal/pycore_runtime.h:220:5: note: in expansion of macro '_Py_atomic_store_relaxed'
  220 |     _Py_atomic_store_relaxed(&runtime->_finalizing, (uintptr_t)tstate);
      |     ^~~~~~~~~~~~~~~~~~~~~~~~
gcc -c -fno-strict-overflow -Wsign-compare -DNDEBUG -g -O3 -Wall    -std=c11 -Wextra -Wno-unused-parameter -Wno-missing-field-initializers -Wstrict-prototypes -Werror=implicit-function-declaration -fvisibility=hidden -include posixcompat.h -mabi=sysv  -I./Include/internal  -I. -I./Include    -DPy_BUILD_CORE -o Python/legacy_tracing.o Python/legacy_tracing.c
In file included from ./Include/Python.h:38,
                 from Python/legacy_tracing.c:6:
./Include/internal/pycore_gc.h: In function '_PyGCHead_NEXT':
./Include/pyport.h:24:31: warning: cast to pointer from integer of different size [-Wint-to-pointer-cast]
   24 | #define _Py_CAST(type, expr) ((type)(expr))
      |                               ^
./Include/internal/pycore_gc.h:60:12: note: in expansion of macro '_Py_CAST'
   60 |     return _Py_CAST(PyGC_Head*, next);
      |            ^~~~~~~~
./Include/internal/pycore_gc.h: In function '_PyGCHead_SET_NEXT':
./Include/pyport.h:24:31: warning: cast from pointer to integer of different size [-Wpointer-to-int-cast]
   24 | #define _Py_CAST(type, expr) ((type)(expr))
      |                               ^
./Include/internal/pycore_gc.h:63:20: note: in expansion of macro '_Py_CAST'
   63 |     gc->_gc_next = _Py_CAST(uintptr_t, next);
      |                    ^~~~~~~~
./Include/internal/pycore_gc.h: In function '_PyGCHead_PREV':
./Include/pyport.h:24:31: warning: cast to pointer from integer of different size [-Wint-to-pointer-cast]
   24 | #define _Py_CAST(type, expr) ((type)(expr))
      |                               ^
./Include/internal/pycore_gc.h:69:12: note: in expansion of macro '_Py_CAST'
   69 |     return _Py_CAST(PyGC_Head*, prev);
      |            ^~~~~~~~
./Include/internal/pycore_gc.h: In function '_PyGCHead_SET_PREV':
./Include/pyport.h:24:31: warning: cast from pointer to integer of different size [-Wpointer-to-int-cast]
   24 | #define _Py_CAST(type, expr) ((type)(expr))
      |                               ^
./Include/internal/pycore_gc.h:72:23: note: in expansion of macro '_Py_CAST'
   72 |     uintptr_t uprev = _Py_CAST(uintptr_t, prev);
      |                       ^~~~~~~~
In file included from ./Include/internal/pycore_atomic.h:15,
                 from ./Include/internal/pycore_interp.h:15,
                 from ./Include/internal/pycore_ceval.h:19,
                 from Python/legacy_tracing.c:8:
./Include/internal/pycore_interp.h: In function '_PyInterpreterState_SetFinalizing':
./Include/internal/pycore_interp.h:253:52: warning: cast from pointer to integer of different size [-Wpointer-to-int-cast]
  253 |     _Py_atomic_store_relaxed(&interp->_finalizing, (uintptr_t)tstate);
      |                                                    ^
./Include/internal/pycore_atomic.h:550:5: note: in expansion of macro '_Py_atomic_store_explicit'
  550 |     _Py_atomic_store_explicit((ATOMIC_VAL), (NEW_VAL), _Py_memory_order_relaxed)
      |     ^~~~~~~~~~~~~~~~~~~~~~~~~
./Include/internal/pycore_interp.h:253:5: note: in expansion of macro '_Py_atomic_store_relaxed'
  253 |     _Py_atomic_store_relaxed(&interp->_finalizing, (uintptr_t)tstate);
      |     ^~~~~~~~~~~~~~~~~~~~~~~~
In file included from ./Include/internal/pycore_runtime.h:21,
                 from ./Include/internal/pycore_pystate.h:11,
                 from ./Include/internal/pycore_ceval.h:20:
./Include/internal/pycore_pymem.h: In function '_PyMem_IsPtrFreed':
./Include/internal/pycore_pymem.h:69:23: warning: cast from pointer to integer of different size [-Wpointer-to-int-cast]
   69 |     uintptr_t value = (uintptr_t)ptr;
      |                       ^
./Include/internal/pycore_runtime.h: In function '_PyRuntimeState_SetFinalizing':
./Include/internal/pycore_runtime.h:220:53: warning: cast from pointer to integer of different size [-Wpointer-to-int-cast]
  220 |     _Py_atomic_store_relaxed(&runtime->_finalizing, (uintptr_t)tstate);
      |                                                     ^
./Include/internal/pycore_atomic.h:550:5: note: in expansion of macro '_Py_atomic_store_explicit'
  550 |     _Py_atomic_store_explicit((ATOMIC_VAL), (NEW_VAL), _Py_memory_order_relaxed)
      |     ^~~~~~~~~~~~~~~~~~~~~~~~~
./Include/internal/pycore_runtime.h:220:5: note: in expansion of macro '_Py_atomic_store_relaxed'
  220 |     _Py_atomic_store_relaxed(&runtime->_finalizing, (uintptr_t)tstate);
      |     ^~~~~~~~~~~~~~~~~~~~~~~~
In file included from Python/legacy_tracing.c:9:
./Include/internal/pycore_object.h: In function '_PyObject_GC_TRACK':
./Include/internal/pycore_object.h:227:23: warning: cast to pointer from integer of different size [-Wint-to-pointer-cast]
  227 |     PyGC_Head *last = (PyGC_Head*)(generation0->_gc_prev);
      |                       ^
./Include/internal/pycore_object.h:231:29: warning: cast from pointer to integer of different size [-Wpointer-to-int-cast]
  231 |     generation0->_gc_prev = (uintptr_t)gc;
      |                             ^
./Include/internal/pycore_object.h: In function '_PyDictOrValues_IsValues':
./Include/internal/pycore_object.h:394:13: warning: cast from pointer to integer of different size [-Wpointer-to-int-cast]
  394 |     return ((uintptr_t)dorv.values) & 1;
      |             ^
gcc -c -fno-strict-overflow -Wsign-compare -DNDEBUG -g -O3 -Wall    -std=c11 -Wextra -Wno-unused-parameter -Wno-missing-field-initializers -Wstrict-prototypes -Werror=implicit-function-declaration -fvisibility=hidden -include posixcompat.h -mabi=sysv  -I./Include/internal  -I. -I./Include    -DPy_BUILD_CORE -o Python/marshal.o Python/marshal.c
In file included from ./Include/Python.h:38,
                 from Python/marshal.c:11:
./Include/internal/pycore_gc.h: In function '_PyGCHead_NEXT':
./Include/pyport.h:24:31: warning: cast to pointer from integer of different size [-Wint-to-pointer-cast]
   24 | #define _Py_CAST(type, expr) ((type)(expr))
      |                               ^
./Include/internal/pycore_gc.h:60:12: note: in expansion of macro '_Py_CAST'
   60 |     return _Py_CAST(PyGC_Head*, next);
      |            ^~~~~~~~
./Include/internal/pycore_gc.h: In function '_PyGCHead_SET_NEXT':
./Include/pyport.h:24:31: warning: cast from pointer to integer of different size [-Wpointer-to-int-cast]
   24 | #define _Py_CAST(type, expr) ((type)(expr))
      |                               ^
./Include/internal/pycore_gc.h:63:20: note: in expansion of macro '_Py_CAST'
   63 |     gc->_gc_next = _Py_CAST(uintptr_t, next);
      |                    ^~~~~~~~
./Include/internal/pycore_gc.h: In function '_PyGCHead_PREV':
./Include/pyport.h:24:31: warning: cast to pointer from integer of different size [-Wint-to-pointer-cast]
   24 | #define _Py_CAST(type, expr) ((type)(expr))
      |                               ^
./Include/internal/pycore_gc.h:69:12: note: in expansion of macro '_Py_CAST'
   69 |     return _Py_CAST(PyGC_Head*, prev);
      |            ^~~~~~~~
./Include/internal/pycore_gc.h: In function '_PyGCHead_SET_PREV':
./Include/pyport.h:24:31: warning: cast from pointer to integer of different size [-Wpointer-to-int-cast]
   24 | #define _Py_CAST(type, expr) ((type)(expr))
      |                               ^
./Include/internal/pycore_gc.h:72:23: note: in expansion of macro '_Py_CAST'
   72 |     uintptr_t uprev = _Py_CAST(uintptr_t, prev);
      |                       ^~~~~~~~
In file included from ./Include/internal/pycore_atomic.h:15,
                 from ./Include/internal/pycore_runtime.h:12,
                 from ./Include/internal/pycore_pystate.h:11,
                 from ./Include/internal/pycore_call.h:11,
                 from Python/marshal.c:12:
./Include/internal/pycore_interp.h: In function '_PyInterpreterState_SetFinalizing':
./Include/internal/pycore_interp.h:253:52: warning: cast from pointer to integer of different size [-Wpointer-to-int-cast]
  253 |     _Py_atomic_store_relaxed(&interp->_finalizing, (uintptr_t)tstate);
      |                                                    ^
./Include/internal/pycore_atomic.h:550:5: note: in expansion of macro '_Py_atomic_store_explicit'
  550 |     _Py_atomic_store_explicit((ATOMIC_VAL), (NEW_VAL), _Py_memory_order_relaxed)
      |     ^~~~~~~~~~~~~~~~~~~~~~~~~
./Include/internal/pycore_interp.h:253:5: note: in expansion of macro '_Py_atomic_store_relaxed'
  253 |     _Py_atomic_store_relaxed(&interp->_finalizing, (uintptr_t)tstate);
      |     ^~~~~~~~~~~~~~~~~~~~~~~~
In file included from ./Include/internal/pycore_runtime.h:21:
./Include/internal/pycore_pymem.h: In function '_PyMem_IsPtrFreed':
./Include/internal/pycore_pymem.h:69:23: warning: cast from pointer to integer of different size [-Wpointer-to-int-cast]
   69 |     uintptr_t value = (uintptr_t)ptr;
      |                       ^
./Include/internal/pycore_runtime.h: In function '_PyRuntimeState_SetFinalizing':
./Include/internal/pycore_runtime.h:220:53: warning: cast from pointer to integer of different size [-Wpointer-to-int-cast]
  220 |     _Py_atomic_store_relaxed(&runtime->_finalizing, (uintptr_t)tstate);
      |                                                     ^
./Include/internal/pycore_atomic.h:550:5: note: in expansion of macro '_Py_atomic_store_explicit'
  550 |     _Py_atomic_store_explicit((ATOMIC_VAL), (NEW_VAL), _Py_memory_order_relaxed)
      |     ^~~~~~~~~~~~~~~~~~~~~~~~~
./Include/internal/pycore_runtime.h:220:5: note: in expansion of macro '_Py_atomic_store_relaxed'
  220 |     _Py_atomic_store_relaxed(&runtime->_finalizing, (uintptr_t)tstate);
      |     ^~~~~~~~~~~~~~~~~~~~~~~~
Python/marshal.c: In function 'w_ref':
Python/marshal.c:317:18: warning: cast from pointer to integer of different size [-Wpointer-to-int-cast]
  317 |         w = (int)(uintptr_t)entry->value;
      |                  ^
Python/marshal.c:332:31: warning: cast to pointer from integer of different size [-Wint-to-pointer-cast]
  332 |                               (void *)(uintptr_t)w) < 0) {
      |                               ^
gcc -c -fno-strict-overflow -Wsign-compare -DNDEBUG -g -O3 -Wall    -std=c11 -Wextra -Wno-unused-parameter -Wno-missing-field-initializers -Wstrict-prototypes -Werror=implicit-function-declaration -fvisibility=hidden -include posixcompat.h -mabi=sysv  -I./Include/internal  -I. -I./Include    -DPy_BUILD_CORE -o Python/modsupport.o Python/modsupport.c
In file included from ./Include/Python.h:38,
                 from Python/modsupport.c:4:
./Include/internal/pycore_gc.h: In function '_PyGCHead_NEXT':
./Include/pyport.h:24:31: warning: cast to pointer from integer of different size [-Wint-to-pointer-cast]
   24 | #define _Py_CAST(type, expr) ((type)(expr))
      |                               ^
./Include/internal/pycore_gc.h:60:12: note: in expansion of macro '_Py_CAST'
   60 |     return _Py_CAST(PyGC_Head*, next);
      |            ^~~~~~~~
./Include/internal/pycore_gc.h: In function '_PyGCHead_SET_NEXT':
./Include/pyport.h:24:31: warning: cast from pointer to integer of different size [-Wpointer-to-int-cast]
   24 | #define _Py_CAST(type, expr) ((type)(expr))
      |                               ^
./Include/internal/pycore_gc.h:63:20: note: in expansion of macro '_Py_CAST'
   63 |     gc->_gc_next = _Py_CAST(uintptr_t, next);
      |                    ^~~~~~~~
./Include/internal/pycore_gc.h: In function '_PyGCHead_PREV':
./Include/pyport.h:24:31: warning: cast to pointer from integer of different size [-Wint-to-pointer-cast]
   24 | #define _Py_CAST(type, expr) ((type)(expr))
      |                               ^
./Include/internal/pycore_gc.h:69:12: note: in expansion of macro '_Py_CAST'
   69 |     return _Py_CAST(PyGC_Head*, prev);
      |            ^~~~~~~~
./Include/internal/pycore_gc.h: In function '_PyGCHead_SET_PREV':
./Include/pyport.h:24:31: warning: cast from pointer to integer of different size [-Wpointer-to-int-cast]
   24 | #define _Py_CAST(type, expr) ((type)(expr))
      |                               ^
./Include/internal/pycore_gc.h:72:23: note: in expansion of macro '_Py_CAST'
   72 |     uintptr_t uprev = _Py_CAST(uintptr_t, prev);
      |                       ^~~~~~~~
In file included from ./Include/internal/pycore_atomic.h:15,
                 from ./Include/internal/pycore_interp.h:15,
                 from ./Include/internal/pycore_object.h:13,
                 from Python/modsupport.c:6:
./Include/internal/pycore_interp.h: In function '_PyInterpreterState_SetFinalizing':
./Include/internal/pycore_interp.h:253:52: warning: cast from pointer to integer of different size [-Wpointer-to-int-cast]
  253 |     _Py_atomic_store_relaxed(&interp->_finalizing, (uintptr_t)tstate);
      |                                                    ^
./Include/internal/pycore_atomic.h:550:5: note: in expansion of macro '_Py_atomic_store_explicit'
  550 |     _Py_atomic_store_explicit((ATOMIC_VAL), (NEW_VAL), _Py_memory_order_relaxed)
      |     ^~~~~~~~~~~~~~~~~~~~~~~~~
./Include/internal/pycore_interp.h:253:5: note: in expansion of macro '_Py_atomic_store_relaxed'
  253 |     _Py_atomic_store_relaxed(&interp->_finalizing, (uintptr_t)tstate);
      |     ^~~~~~~~~~~~~~~~~~~~~~~~
In file included from ./Include/internal/pycore_runtime.h:21,
                 from ./Include/internal/pycore_pystate.h:11,
                 from ./Include/internal/pycore_object.h:14:
./Include/internal/pycore_pymem.h: In function '_PyMem_IsPtrFreed':
./Include/internal/pycore_pymem.h:69:23: warning: cast from pointer to integer of different size [-Wpointer-to-int-cast]
   69 |     uintptr_t value = (uintptr_t)ptr;
      |                       ^
./Include/internal/pycore_runtime.h: In function '_PyRuntimeState_SetFinalizing':
./Include/internal/pycore_runtime.h:220:53: warning: cast from pointer to integer of different size [-Wpointer-to-int-cast]
  220 |     _Py_atomic_store_relaxed(&runtime->_finalizing, (uintptr_t)tstate);
      |                                                     ^
./Include/internal/pycore_atomic.h:550:5: note: in expansion of macro '_Py_atomic_store_explicit'
  550 |     _Py_atomic_store_explicit((ATOMIC_VAL), (NEW_VAL), _Py_memory_order_relaxed)
      |     ^~~~~~~~~~~~~~~~~~~~~~~~~
./Include/internal/pycore_runtime.h:220:5: note: in expansion of macro '_Py_atomic_store_relaxed'
  220 |     _Py_atomic_store_relaxed(&runtime->_finalizing, (uintptr_t)tstate);
      |     ^~~~~~~~~~~~~~~~~~~~~~~~
./Include/internal/pycore_object.h: In function '_PyObject_GC_TRACK':
./Include/internal/pycore_object.h:227:23: warning: cast to pointer from integer of different size [-Wint-to-pointer-cast]
  227 |     PyGC_Head *last = (PyGC_Head*)(generation0->_gc_prev);
      |                       ^
./Include/internal/pycore_object.h:231:29: warning: cast from pointer to integer of different size [-Wpointer-to-int-cast]
  231 |     generation0->_gc_prev = (uintptr_t)gc;
      |                             ^
./Include/internal/pycore_object.h: In function '_PyDictOrValues_IsValues':
./Include/internal/pycore_object.h:394:13: warning: cast from pointer to integer of different size [-Wpointer-to-int-cast]
  394 |     return ((uintptr_t)dorv.values) & 1;
      |             ^
gcc -c -fno-strict-overflow -Wsign-compare -DNDEBUG -g -O3 -Wall    -std=c11 -Wextra -Wno-unused-parameter -Wno-missing-field-initializers -Wstrict-prototypes -Werror=implicit-function-declaration -fvisibility=hidden -include posixcompat.h -mabi=sysv  -I./Include/internal  -I. -I./Include    -DPy_BUILD_CORE -o Python/mysnprintf.o Python/mysnprintf.c
gcc -c -fno-strict-overflow -Wsign-compare -DNDEBUG -g -O3 -Wall    -std=c11 -Wextra -Wno-unused-parameter -Wno-missing-field-initializers -Wstrict-prototypes -Werror=implicit-function-declaration -fvisibility=hidden -include posixcompat.h -mabi=sysv  -I./Include/internal  -I. -I./Include    -DPy_BUILD_CORE -o Python/mystrtoul.o Python/mystrtoul.c
In file included from ./Include/Python.h:38,
                 from Python/mystrtoul.c:1:
./Include/internal/pycore_gc.h: In function '_PyGCHead_NEXT':
./Include/pyport.h:24:31: warning: cast to pointer from integer of different size [-Wint-to-pointer-cast]
   24 | #define _Py_CAST(type, expr) ((type)(expr))
      |                               ^
./Include/internal/pycore_gc.h:60:12: note: in expansion of macro '_Py_CAST'
   60 |     return _Py_CAST(PyGC_Head*, next);
      |            ^~~~~~~~
./Include/internal/pycore_gc.h: In function '_PyGCHead_SET_NEXT':
./Include/pyport.h:24:31: warning: cast from pointer to integer of different size [-Wpointer-to-int-cast]
   24 | #define _Py_CAST(type, expr) ((type)(expr))
      |                               ^
./Include/internal/pycore_gc.h:63:20: note: in expansion of macro '_Py_CAST'
   63 |     gc->_gc_next = _Py_CAST(uintptr_t, next);
      |                    ^~~~~~~~
./Include/internal/pycore_gc.h: In function '_PyGCHead_PREV':
./Include/pyport.h:24:31: warning: cast to pointer from integer of different size [-Wint-to-pointer-cast]
   24 | #define _Py_CAST(type, expr) ((type)(expr))
      |                               ^
./Include/internal/pycore_gc.h:69:12: note: in expansion of macro '_Py_CAST'
   69 |     return _Py_CAST(PyGC_Head*, prev);
      |            ^~~~~~~~
./Include/internal/pycore_gc.h: In function '_PyGCHead_SET_PREV':
./Include/pyport.h:24:31: warning: cast from pointer to integer of different size [-Wpointer-to-int-cast]
   24 | #define _Py_CAST(type, expr) ((type)(expr))
      |                               ^
./Include/internal/pycore_gc.h:72:23: note: in expansion of macro '_Py_CAST'
   72 |     uintptr_t uprev = _Py_CAST(uintptr_t, prev);
      |                       ^~~~~~~~
In file included from ./Include/internal/pycore_atomic.h:15,
                 from ./Include/internal/pycore_runtime.h:12,
                 from ./Include/internal/pycore_long.h:12,
                 from Python/mystrtoul.c:2:
./Include/internal/pycore_interp.h: In function '_PyInterpreterState_SetFinalizing':
./Include/internal/pycore_interp.h:253:52: warning: cast from pointer to integer of different size [-Wpointer-to-int-cast]
  253 |     _Py_atomic_store_relaxed(&interp->_finalizing, (uintptr_t)tstate);
      |                                                    ^
./Include/internal/pycore_atomic.h:550:5: note: in expansion of macro '_Py_atomic_store_explicit'
  550 |     _Py_atomic_store_explicit((ATOMIC_VAL), (NEW_VAL), _Py_memory_order_relaxed)
      |     ^~~~~~~~~~~~~~~~~~~~~~~~~
./Include/internal/pycore_interp.h:253:5: note: in expansion of macro '_Py_atomic_store_relaxed'
  253 |     _Py_atomic_store_relaxed(&interp->_finalizing, (uintptr_t)tstate);
      |     ^~~~~~~~~~~~~~~~~~~~~~~~
In file included from ./Include/internal/pycore_runtime.h:21:
./Include/internal/pycore_pymem.h: In function '_PyMem_IsPtrFreed':
./Include/internal/pycore_pymem.h:69:23: warning: cast from pointer to integer of different size [-Wpointer-to-int-cast]
   69 |     uintptr_t value = (uintptr_t)ptr;
      |                       ^
./Include/internal/pycore_runtime.h: In function '_PyRuntimeState_SetFinalizing':
./Include/internal/pycore_runtime.h:220:53: warning: cast from pointer to integer of different size [-Wpointer-to-int-cast]
  220 |     _Py_atomic_store_relaxed(&runtime->_finalizing, (uintptr_t)tstate);
      |                                                     ^
./Include/internal/pycore_atomic.h:550:5: note: in expansion of macro '_Py_atomic_store_explicit'
  550 |     _Py_atomic_store_explicit((ATOMIC_VAL), (NEW_VAL), _Py_memory_order_relaxed)
      |     ^~~~~~~~~~~~~~~~~~~~~~~~~
./Include/internal/pycore_runtime.h:220:5: note: in expansion of macro '_Py_atomic_store_relaxed'
  220 |     _Py_atomic_store_relaxed(&runtime->_finalizing, (uintptr_t)tstate);
      |     ^~~~~~~~~~~~~~~~~~~~~~~~
gcc -c -fno-strict-overflow -Wsign-compare -DNDEBUG -g -O3 -Wall    -std=c11 -Wextra -Wno-unused-parameter -Wno-missing-field-initializers -Wstrict-prototypes -Werror=implicit-function-declaration -fvisibility=hidden -include posixcompat.h -mabi=sysv  -I./Include/internal  -I. -I./Include    -DPy_BUILD_CORE -o Python/pathconfig.o Python/pathconfig.c
In file included from Python/pathconfig.c:9:
./Include/internal/pycore_pymem.h: In function '_PyMem_IsPtrFreed':
./Include/internal/pycore_pymem.h:69:23: warning: cast from pointer to integer of different size [-Wpointer-to-int-cast]
   69 |     uintptr_t value = (uintptr_t)ptr;
      |                       ^
gcc -c -fno-strict-overflow -Wsign-compare -DNDEBUG -g -O3 -Wall    -std=c11 -Wextra -Wno-unused-parameter -Wno-missing-field-initializers -Wstrict-prototypes -Werror=implicit-function-declaration -fvisibility=hidden -include posixcompat.h -mabi=sysv  -I./Include/internal  -I. -I./Include    -DPy_BUILD_CORE -o Python/preconfig.o Python/preconfig.c
In file included from Python/preconfig.c:5:
./Include/internal/pycore_pymem.h: In function '_PyMem_IsPtrFreed':
./Include/internal/pycore_pymem.h:69:23: warning: cast from pointer to integer of different size [-Wpointer-to-int-cast]
   69 |     uintptr_t value = (uintptr_t)ptr;
      |                       ^
In file included from ./Include/Python.h:38,
                 from Python/preconfig.c:1:
./Include/internal/pycore_gc.h: In function '_PyGCHead_NEXT':
./Include/pyport.h:24:31: warning: cast to pointer from integer of different size [-Wint-to-pointer-cast]
   24 | #define _Py_CAST(type, expr) ((type)(expr))
      |                               ^
./Include/internal/pycore_gc.h:60:12: note: in expansion of macro '_Py_CAST'
   60 |     return _Py_CAST(PyGC_Head*, next);
      |            ^~~~~~~~
./Include/internal/pycore_gc.h: In function '_PyGCHead_SET_NEXT':
./Include/pyport.h:24:31: warning: cast from pointer to integer of different size [-Wpointer-to-int-cast]
   24 | #define _Py_CAST(type, expr) ((type)(expr))
      |                               ^
./Include/internal/pycore_gc.h:63:20: note: in expansion of macro '_Py_CAST'
   63 |     gc->_gc_next = _Py_CAST(uintptr_t, next);
      |                    ^~~~~~~~
./Include/internal/pycore_gc.h: In function '_PyGCHead_PREV':
./Include/pyport.h:24:31: warning: cast to pointer from integer of different size [-Wint-to-pointer-cast]
   24 | #define _Py_CAST(type, expr) ((type)(expr))
      |                               ^
./Include/internal/pycore_gc.h:69:12: note: in expansion of macro '_Py_CAST'
   69 |     return _Py_CAST(PyGC_Head*, prev);
      |            ^~~~~~~~
./Include/internal/pycore_gc.h: In function '_PyGCHead_SET_PREV':
./Include/pyport.h:24:31: warning: cast from pointer to integer of different size [-Wpointer-to-int-cast]
   24 | #define _Py_CAST(type, expr) ((type)(expr))
      |                               ^
./Include/internal/pycore_gc.h:72:23: note: in expansion of macro '_Py_CAST'
   72 |     uintptr_t uprev = _Py_CAST(uintptr_t, prev);
      |                       ^~~~~~~~
In file included from ./Include/internal/pycore_atomic.h:15,
                 from ./Include/internal/pycore_runtime.h:12,
                 from Python/preconfig.c:6:
./Include/internal/pycore_interp.h: In function '_PyInterpreterState_SetFinalizing':
./Include/internal/pycore_interp.h:253:52: warning: cast from pointer to integer of different size [-Wpointer-to-int-cast]
  253 |     _Py_atomic_store_relaxed(&interp->_finalizing, (uintptr_t)tstate);
      |                                                    ^
./Include/internal/pycore_atomic.h:550:5: note: in expansion of macro '_Py_atomic_store_explicit'
  550 |     _Py_atomic_store_explicit((ATOMIC_VAL), (NEW_VAL), _Py_memory_order_relaxed)
      |     ^~~~~~~~~~~~~~~~~~~~~~~~~
./Include/internal/pycore_interp.h:253:5: note: in expansion of macro '_Py_atomic_store_relaxed'
  253 |     _Py_atomic_store_relaxed(&interp->_finalizing, (uintptr_t)tstate);
      |     ^~~~~~~~~~~~~~~~~~~~~~~~
./Include/internal/pycore_runtime.h: In function '_PyRuntimeState_SetFinalizing':
./Include/internal/pycore_runtime.h:220:53: warning: cast from pointer to integer of different size [-Wpointer-to-int-cast]
  220 |     _Py_atomic_store_relaxed(&runtime->_finalizing, (uintptr_t)tstate);
      |                                                     ^
./Include/internal/pycore_atomic.h:550:5: note: in expansion of macro '_Py_atomic_store_explicit'
  550 |     _Py_atomic_store_explicit((ATOMIC_VAL), (NEW_VAL), _Py_memory_order_relaxed)
      |     ^~~~~~~~~~~~~~~~~~~~~~~~~
./Include/internal/pycore_runtime.h:220:5: note: in expansion of macro '_Py_atomic_store_relaxed'
  220 |     _Py_atomic_store_relaxed(&runtime->_finalizing, (uintptr_t)tstate);
      |     ^~~~~~~~~~~~~~~~~~~~~~~~
gcc -c -fno-strict-overflow -Wsign-compare -DNDEBUG -g -O3 -Wall    -std=c11 -Wextra -Wno-unused-parameter -Wno-missing-field-initializers -Wstrict-prototypes -Werror=implicit-function-declaration -fvisibility=hidden -include posixcompat.h -mabi=sysv  -I./Include/internal  -I. -I./Include    -DPy_BUILD_CORE -o Python/pyarena.o Python/pyarena.c
In file included from ./Include/Python.h:39,
                 from Python/pyarena.c:1:
Python/pyarena.c: In function 'block_new':
./Include/pymacro.h:109:39: warning: cast from pointer to integer of different size [-Wpointer-to-int-cast]
  109 | #define _Py_ALIGN_UP(p, a) ((void *)(((uintptr_t)(p) + \
      |                                       ^
Python/pyarena.c:87:28: note: in expansion of macro '_Py_ALIGN_UP'
   87 |     b->ab_offset = (char *)_Py_ALIGN_UP(b->ab_mem, ALIGNMENT) -
      |                            ^~~~~~~~~~~~
./Include/pymacro.h:109:29: warning: cast to pointer from integer of different size [-Wint-to-pointer-cast]
  109 | #define _Py_ALIGN_UP(p, a) ((void *)(((uintptr_t)(p) + \
      |                             ^
Python/pyarena.c:87:28: note: in expansion of macro '_Py_ALIGN_UP'
   87 |     b->ab_offset = (char *)_Py_ALIGN_UP(b->ab_mem, ALIGNMENT) -
      |                            ^~~~~~~~~~~~
gcc -c -fno-strict-overflow -Wsign-compare -DNDEBUG -g -O3 -Wall    -std=c11 -Wextra -Wno-unused-parameter -Wno-missing-field-initializers -Wstrict-prototypes -Werror=implicit-function-declaration -fvisibility=hidden -include posixcompat.h -mabi=sysv  -I./Include/internal  -I. -I./Include    -DPy_BUILD_CORE -o Python/pyctype.o Python/pyctype.c
gcc -c -fno-strict-overflow -Wsign-compare -DNDEBUG -g -O3 -Wall    -std=c11 -Wextra -Wno-unused-parameter -Wno-missing-field-initializers -Wstrict-prototypes -Werror=implicit-function-declaration -fvisibility=hidden -include posixcompat.h -mabi=sysv  -I./Include/internal  -I. -I./Include    -DPy_BUILD_CORE -o Python/pyfpe.o Python/pyfpe.c
gcc -c -fno-strict-overflow -Wsign-compare -DNDEBUG -g -O3 -Wall    -std=c11 -Wextra -Wno-unused-parameter -Wno-missing-field-initializers -Wstrict-prototypes -Werror=implicit-function-declaration -fvisibility=hidden -include posixcompat.h -mabi=sysv  -I./Include/internal  -I. -I./Include    -DPy_BUILD_CORE -o Python/pyhash.o Python/pyhash.c
In file included from ./Include/Python.h:47,
                 from Python/pyhash.c:6:
Python/pyhash.c: In function '_Py_HashDouble':
./Include/pyhash.h:30:37: warning: left shift count >= width of type [-Wshift-count-overflow]
   30 | #define _PyHASH_MODULUS (((size_t)1 << _PyHASH_BITS) - 1)
      |                                     ^~
Python/pyhash.c:117:26: note: in expansion of macro '_PyHASH_MODULUS'
  117 |         x = ((x << 28) & _PyHASH_MODULUS) | x >> (_PyHASH_BITS - 28);
      |                          ^~~~~~~~~~~~~~~
Python/pyhash.c:117:47: warning: right shift count >= width of type [-Wshift-count-overflow]
  117 |         x = ((x << 28) & _PyHASH_MODULUS) | x >> (_PyHASH_BITS - 28);
      |                                               ^~
./Include/pyhash.h:30:37: warning: left shift count >= width of type [-Wshift-count-overflow]
   30 | #define _PyHASH_MODULUS (((size_t)1 << _PyHASH_BITS) - 1)
      |                                     ^~
Python/pyhash.c:123:18: note: in expansion of macro '_PyHASH_MODULUS'
  123 |         if (x >= _PyHASH_MODULUS)
      |                  ^~~~~~~~~~~~~~~
./Include/pyhash.h:30:37: warning: left shift count >= width of type [-Wshift-count-overflow]
   30 | #define _PyHASH_MODULUS (((size_t)1 << _PyHASH_BITS) - 1)
      |                                     ^~
Python/pyhash.c:124:18: note: in expansion of macro '_PyHASH_MODULUS'
  124 |             x -= _PyHASH_MODULUS;
      |                  ^~~~~~~~~~~~~~~
./Include/pyhash.h:30:37: warning: left shift count >= width of type [-Wshift-count-overflow]
   30 | #define _PyHASH_MODULUS (((size_t)1 << _PyHASH_BITS) - 1)
      |                                     ^~
Python/pyhash.c:129:21: note: in expansion of macro '_PyHASH_MODULUS'
  129 |     x = ((x << e) & _PyHASH_MODULUS) | x >> (_PyHASH_BITS - e);
      |                     ^~~~~~~~~~~~~~~
Python/pyhash.c: In function '_Py_HashPointerRaw':
Python/pyhash.c:140:16: warning: cast from pointer to integer of different size [-Wpointer-to-int-cast]
  140 |     size_t y = (size_t)p;
      |                ^
Python/pyhash.c:143:23: warning: left shift count >= width of type [-Wshift-count-overflow]
  143 |     y = (y >> 4) | (y << (8 * SIZEOF_VOID_P - 4));
      |                       ^~
gcc -c -fno-strict-overflow -Wsign-compare -DNDEBUG -g -O3 -Wall    -std=c11 -Wextra -Wno-unused-parameter -Wno-missing-field-initializers -Wstrict-prototypes -Werror=implicit-function-declaration -fvisibility=hidden -include posixcompat.h -mabi=sysv  -I./Include/internal  -I. -I./Include    -DPy_BUILD_CORE -o Python/pylifecycle.o Python/pylifecycle.c
In file included from ./Include/Python.h:38,
                 from Python/pylifecycle.c:3:
./Include/internal/pycore_gc.h: In function '_PyGCHead_NEXT':
./Include/pyport.h:24:31: warning: cast to pointer from integer of different size [-Wint-to-pointer-cast]
   24 | #define _Py_CAST(type, expr) ((type)(expr))
      |                               ^
./Include/internal/pycore_gc.h:60:12: note: in expansion of macro '_Py_CAST'
   60 |     return _Py_CAST(PyGC_Head*, next);
      |            ^~~~~~~~
./Include/internal/pycore_gc.h: In function '_PyGCHead_SET_NEXT':
./Include/pyport.h:24:31: warning: cast from pointer to integer of different size [-Wpointer-to-int-cast]
   24 | #define _Py_CAST(type, expr) ((type)(expr))
      |                               ^
./Include/internal/pycore_gc.h:63:20: note: in expansion of macro '_Py_CAST'
   63 |     gc->_gc_next = _Py_CAST(uintptr_t, next);
      |                    ^~~~~~~~
./Include/internal/pycore_gc.h: In function '_PyGCHead_PREV':
./Include/pyport.h:24:31: warning: cast to pointer from integer of different size [-Wint-to-pointer-cast]
   24 | #define _Py_CAST(type, expr) ((type)(expr))
      |                               ^
./Include/internal/pycore_gc.h:69:12: note: in expansion of macro '_Py_CAST'
   69 |     return _Py_CAST(PyGC_Head*, prev);
      |            ^~~~~~~~
./Include/internal/pycore_gc.h: In function '_PyGCHead_SET_PREV':
./Include/pyport.h:24:31: warning: cast from pointer to integer of different size [-Wpointer-to-int-cast]
   24 | #define _Py_CAST(type, expr) ((type)(expr))
      |                               ^
./Include/internal/pycore_gc.h:72:23: note: in expansion of macro '_Py_CAST'
   72 |     uintptr_t uprev = _Py_CAST(uintptr_t, prev);
      |                       ^~~~~~~~
In file included from ./Include/internal/pycore_atomic.h:15,
                 from ./Include/internal/pycore_interp.h:15,
                 from ./Include/internal/pycore_ceval.h:19,
                 from Python/pylifecycle.c:5:
./Include/internal/pycore_interp.h: In function '_PyInterpreterState_SetFinalizing':
./Include/internal/pycore_interp.h:253:52: warning: cast from pointer to integer of different size [-Wpointer-to-int-cast]
  253 |     _Py_atomic_store_relaxed(&interp->_finalizing, (uintptr_t)tstate);
      |                                                    ^
./Include/internal/pycore_atomic.h:550:5: note: in expansion of macro '_Py_atomic_store_explicit'
  550 |     _Py_atomic_store_explicit((ATOMIC_VAL), (NEW_VAL), _Py_memory_order_relaxed)
      |     ^~~~~~~~~~~~~~~~~~~~~~~~~
./Include/internal/pycore_interp.h:253:5: note: in expansion of macro '_Py_atomic_store_relaxed'
  253 |     _Py_atomic_store_relaxed(&interp->_finalizing, (uintptr_t)tstate);
      |     ^~~~~~~~~~~~~~~~~~~~~~~~
In file included from ./Include/internal/pycore_runtime.h:21,
                 from ./Include/internal/pycore_pystate.h:11,
                 from ./Include/internal/pycore_ceval.h:20:
./Include/internal/pycore_pymem.h: In function '_PyMem_IsPtrFreed':
./Include/internal/pycore_pymem.h:69:23: warning: cast from pointer to integer of different size [-Wpointer-to-int-cast]
   69 |     uintptr_t value = (uintptr_t)ptr;
      |                       ^
./Include/internal/pycore_runtime.h: In function '_PyRuntimeState_SetFinalizing':
./Include/internal/pycore_runtime.h:220:53: warning: cast from pointer to integer of different size [-Wpointer-to-int-cast]
  220 |     _Py_atomic_store_relaxed(&runtime->_finalizing, (uintptr_t)tstate);
      |                                                     ^
./Include/internal/pycore_atomic.h:550:5: note: in expansion of macro '_Py_atomic_store_explicit'
  550 |     _Py_atomic_store_explicit((ATOMIC_VAL), (NEW_VAL), _Py_memory_order_relaxed)
      |     ^~~~~~~~~~~~~~~~~~~~~~~~~
./Include/internal/pycore_runtime.h:220:5: note: in expansion of macro '_Py_atomic_store_relaxed'
  220 |     _Py_atomic_store_relaxed(&runtime->_finalizing, (uintptr_t)tstate);
      |     ^~~~~~~~~~~~~~~~~~~~~~~~
In file included from Python/pylifecycle.c:17:
./Include/internal/pycore_object.h: In function '_PyObject_GC_TRACK':
./Include/internal/pycore_object.h:227:23: warning: cast to pointer from integer of different size [-Wint-to-pointer-cast]
  227 |     PyGC_Head *last = (PyGC_Head*)(generation0->_gc_prev);
      |                       ^
./Include/internal/pycore_object.h:231:29: warning: cast from pointer to integer of different size [-Wpointer-to-int-cast]
  231 |     generation0->_gc_prev = (uintptr_t)gc;
      |                             ^
./Include/internal/pycore_object.h: In function '_PyDictOrValues_IsValues':
./Include/internal/pycore_object.h:394:13: warning: cast from pointer to integer of different size [-Wpointer-to-int-cast]
  394 |     return ((uintptr_t)dorv.values) & 1;
      |             ^
Python/pylifecycle.c: In function 'fatal_error_dump_runtime':
Python/pylifecycle.c:2749:33: warning: cast from pointer to integer of different size [-Wpointer-to-int-cast]
 2749 |         _Py_DumpHexadecimal(fd, (uintptr_t)finalizing, sizeof(finalizing) * 2);
      |                                 ^
gcc -c -fno-strict-overflow -Wsign-compare -DNDEBUG -g -O3 -Wall    -std=c11 -Wextra -Wno-unused-parameter -Wno-missing-field-initializers -Wstrict-prototypes -Werror=implicit-function-declaration -fvisibility=hidden -include posixcompat.h -mabi=sysv  -I./Include/internal  -I. -I./Include    -DPy_BUILD_CORE -o Python/pymath.o Python/pymath.c
gcc -c -fno-strict-overflow -Wsign-compare -DNDEBUG -g -O3 -Wall    -std=c11 -Wextra -Wno-unused-parameter -Wno-missing-field-initializers -Wstrict-prototypes -Werror=implicit-function-declaration -fvisibility=hidden -include posixcompat.h -mabi=sysv  -I./Include/internal  -I. -I./Include    -DPy_BUILD_CORE -o Python/pystate.o Python/pystate.c
In file included from ./Include/Python.h:38,
                 from Python/pystate.c:4:
./Include/internal/pycore_gc.h: In function '_PyGCHead_NEXT':
./Include/pyport.h:24:31: warning: cast to pointer from integer of different size [-Wint-to-pointer-cast]
   24 | #define _Py_CAST(type, expr) ((type)(expr))
      |                               ^
./Include/internal/pycore_gc.h:60:12: note: in expansion of macro '_Py_CAST'
   60 |     return _Py_CAST(PyGC_Head*, next);
      |            ^~~~~~~~
./Include/internal/pycore_gc.h: In function '_PyGCHead_SET_NEXT':
./Include/pyport.h:24:31: warning: cast from pointer to integer of different size [-Wpointer-to-int-cast]
   24 | #define _Py_CAST(type, expr) ((type)(expr))
      |                               ^
./Include/internal/pycore_gc.h:63:20: note: in expansion of macro '_Py_CAST'
   63 |     gc->_gc_next = _Py_CAST(uintptr_t, next);
      |                    ^~~~~~~~
./Include/internal/pycore_gc.h: In function '_PyGCHead_PREV':
./Include/pyport.h:24:31: warning: cast to pointer from integer of different size [-Wint-to-pointer-cast]
   24 | #define _Py_CAST(type, expr) ((type)(expr))
      |                               ^
./Include/internal/pycore_gc.h:69:12: note: in expansion of macro '_Py_CAST'
   69 |     return _Py_CAST(PyGC_Head*, prev);
      |            ^~~~~~~~
./Include/internal/pycore_gc.h: In function '_PyGCHead_SET_PREV':
./Include/pyport.h:24:31: warning: cast from pointer to integer of different size [-Wpointer-to-int-cast]
   24 | #define _Py_CAST(type, expr) ((type)(expr))
      |                               ^
./Include/internal/pycore_gc.h:72:23: note: in expansion of macro '_Py_CAST'
   72 |     uintptr_t uprev = _Py_CAST(uintptr_t, prev);
      |                       ^~~~~~~~
In file included from ./Include/internal/pycore_atomic.h:15,
                 from ./Include/internal/pycore_interp.h:15,
                 from ./Include/internal/pycore_ceval.h:19,
                 from Python/pystate.c:5:
./Include/internal/pycore_interp.h: In function '_PyInterpreterState_SetFinalizing':
./Include/internal/pycore_interp.h:253:52: warning: cast from pointer to integer of different size [-Wpointer-to-int-cast]
  253 |     _Py_atomic_store_relaxed(&interp->_finalizing, (uintptr_t)tstate);
      |                                                    ^
./Include/internal/pycore_atomic.h:550:5: note: in expansion of macro '_Py_atomic_store_explicit'
  550 |     _Py_atomic_store_explicit((ATOMIC_VAL), (NEW_VAL), _Py_memory_order_relaxed)
      |     ^~~~~~~~~~~~~~~~~~~~~~~~~
./Include/internal/pycore_interp.h:253:5: note: in expansion of macro '_Py_atomic_store_relaxed'
  253 |     _Py_atomic_store_relaxed(&interp->_finalizing, (uintptr_t)tstate);
      |     ^~~~~~~~~~~~~~~~~~~~~~~~
In file included from ./Include/internal/pycore_runtime.h:21,
                 from ./Include/internal/pycore_pystate.h:11,
                 from ./Include/internal/pycore_ceval.h:20:
./Include/internal/pycore_pymem.h: In function '_PyMem_IsPtrFreed':
./Include/internal/pycore_pymem.h:69:23: warning: cast from pointer to integer of different size [-Wpointer-to-int-cast]
   69 |     uintptr_t value = (uintptr_t)ptr;
      |                       ^
./Include/internal/pycore_runtime.h: In function '_PyRuntimeState_SetFinalizing':
./Include/internal/pycore_runtime.h:220:53: warning: cast from pointer to integer of different size [-Wpointer-to-int-cast]
  220 |     _Py_atomic_store_relaxed(&runtime->_finalizing, (uintptr_t)tstate);
      |                                                     ^
./Include/internal/pycore_atomic.h:550:5: note: in expansion of macro '_Py_atomic_store_explicit'
  550 |     _Py_atomic_store_explicit((ATOMIC_VAL), (NEW_VAL), _Py_memory_order_relaxed)
      |     ^~~~~~~~~~~~~~~~~~~~~~~~~
./Include/internal/pycore_runtime.h:220:5: note: in expansion of macro '_Py_atomic_store_relaxed'
  220 |     _Py_atomic_store_relaxed(&runtime->_finalizing, (uintptr_t)tstate);
      |     ^~~~~~~~~~~~~~~~~~~~~~~~
In file included from Python/pystate.c:10:
./Include/internal/pycore_object.h: In function '_PyObject_GC_TRACK':
./Include/internal/pycore_object.h:227:23: warning: cast to pointer from integer of different size [-Wint-to-pointer-cast]
  227 |     PyGC_Head *last = (PyGC_Head*)(generation0->_gc_prev);
      |                       ^
./Include/internal/pycore_object.h:231:29: warning: cast from pointer to integer of different size [-Wpointer-to-int-cast]
  231 |     generation0->_gc_prev = (uintptr_t)gc;
      |                             ^
./Include/internal/pycore_object.h: In function '_PyDictOrValues_IsValues':
./Include/internal/pycore_object.h:394:13: warning: cast from pointer to integer of different size [-Wpointer-to-int-cast]
  394 |     return ((uintptr_t)dorv.values) & 1;
      |             ^
Python/pystate.c: In function '_new_long_object':
Python/pystate.c:2819:31: warning: cast from pointer to integer of different size [-Wpointer-to-int-cast]
 2819 |     return PyLong_FromSsize_t((Py_ssize_t)(data->data));
      |                               ^
Python/pystate.c: In function '_long_shared':
Python/pystate.c:2837:56: warning: cast to pointer from integer of different size [-Wint-to-pointer-cast]
 2837 |     _PyCrossInterpreterData_Init(data, tstate->interp, (void *)value, NULL,
      |                                                        ^
gcc -c -fno-strict-overflow -Wsign-compare -DNDEBUG -g -O3 -Wall    -std=c11 -Wextra -Wno-unused-parameter -Wno-missing-field-initializers -Wstrict-prototypes -Werror=implicit-function-declaration -fvisibility=hidden -include posixcompat.h -mabi=sysv  -I./Include/internal  -I. -I./Include    -DPy_BUILD_CORE -o Python/pythonrun.o Python/pythonrun.c
In file included from ./Include/Python.h:38,
                 from Python/pythonrun.c:11:
./Include/internal/pycore_gc.h: In function '_PyGCHead_NEXT':
./Include/pyport.h:24:31: warning: cast to pointer from integer of different size [-Wint-to-pointer-cast]
   24 | #define _Py_CAST(type, expr) ((type)(expr))
      |                               ^
./Include/internal/pycore_gc.h:60:12: note: in expansion of macro '_Py_CAST'
   60 |     return _Py_CAST(PyGC_Head*, next);
      |            ^~~~~~~~
./Include/internal/pycore_gc.h: In function '_PyGCHead_SET_NEXT':
./Include/pyport.h:24:31: warning: cast from pointer to integer of different size [-Wpointer-to-int-cast]
   24 | #define _Py_CAST(type, expr) ((type)(expr))
      |                               ^
./Include/internal/pycore_gc.h:63:20: note: in expansion of macro '_Py_CAST'
   63 |     gc->_gc_next = _Py_CAST(uintptr_t, next);
      |                    ^~~~~~~~
./Include/internal/pycore_gc.h: In function '_PyGCHead_PREV':
./Include/pyport.h:24:31: warning: cast to pointer from integer of different size [-Wint-to-pointer-cast]
   24 | #define _Py_CAST(type, expr) ((type)(expr))
      |                               ^
./Include/internal/pycore_gc.h:69:12: note: in expansion of macro '_Py_CAST'
   69 |     return _Py_CAST(PyGC_Head*, prev);
      |            ^~~~~~~~
./Include/internal/pycore_gc.h: In function '_PyGCHead_SET_PREV':
./Include/pyport.h:24:31: warning: cast from pointer to integer of different size [-Wpointer-to-int-cast]
   24 | #define _Py_CAST(type, expr) ((type)(expr))
      |                               ^
./Include/internal/pycore_gc.h:72:23: note: in expansion of macro '_Py_CAST'
   72 |     uintptr_t uprev = _Py_CAST(uintptr_t, prev);
      |                       ^~~~~~~~
In file included from ./Include/internal/pycore_atomic.h:15,
                 from ./Include/internal/pycore_interp.h:15,
                 from ./Include/internal/pycore_ceval.h:19,
                 from Python/pythonrun.c:14:
./Include/internal/pycore_interp.h: In function '_PyInterpreterState_SetFinalizing':
./Include/internal/pycore_interp.h:253:52: warning: cast from pointer to integer of different size [-Wpointer-to-int-cast]
  253 |     _Py_atomic_store_relaxed(&interp->_finalizing, (uintptr_t)tstate);
      |                                                    ^
./Include/internal/pycore_atomic.h:550:5: note: in expansion of macro '_Py_atomic_store_explicit'
  550 |     _Py_atomic_store_explicit((ATOMIC_VAL), (NEW_VAL), _Py_memory_order_relaxed)
      |     ^~~~~~~~~~~~~~~~~~~~~~~~~
./Include/internal/pycore_interp.h:253:5: note: in expansion of macro '_Py_atomic_store_relaxed'
  253 |     _Py_atomic_store_relaxed(&interp->_finalizing, (uintptr_t)tstate);
      |     ^~~~~~~~~~~~~~~~~~~~~~~~
In file included from ./Include/internal/pycore_runtime.h:21,
                 from ./Include/internal/pycore_pystate.h:11,
                 from ./Include/internal/pycore_ceval.h:20:
./Include/internal/pycore_pymem.h: In function '_PyMem_IsPtrFreed':
./Include/internal/pycore_pymem.h:69:23: warning: cast from pointer to integer of different size [-Wpointer-to-int-cast]
   69 |     uintptr_t value = (uintptr_t)ptr;
      |                       ^
./Include/internal/pycore_runtime.h: In function '_PyRuntimeState_SetFinalizing':
./Include/internal/pycore_runtime.h:220:53: warning: cast from pointer to integer of different size [-Wpointer-to-int-cast]
  220 |     _Py_atomic_store_relaxed(&runtime->_finalizing, (uintptr_t)tstate);
      |                                                     ^
./Include/internal/pycore_atomic.h:550:5: note: in expansion of macro '_Py_atomic_store_explicit'
  550 |     _Py_atomic_store_explicit((ATOMIC_VAL), (NEW_VAL), _Py_memory_order_relaxed)
      |     ^~~~~~~~~~~~~~~~~~~~~~~~~
./Include/internal/pycore_runtime.h:220:5: note: in expansion of macro '_Py_atomic_store_relaxed'
  220 |     _Py_atomic_store_relaxed(&runtime->_finalizing, (uintptr_t)tstate);
      |     ^~~~~~~~~~~~~~~~~~~~~~~~
In file included from Python/pythonrun.c:17:
./Include/internal/pycore_object.h: In function '_PyObject_GC_TRACK':
./Include/internal/pycore_object.h:227:23: warning: cast to pointer from integer of different size [-Wint-to-pointer-cast]
  227 |     PyGC_Head *last = (PyGC_Head*)(generation0->_gc_prev);
      |                       ^
./Include/internal/pycore_object.h:231:29: warning: cast from pointer to integer of different size [-Wpointer-to-int-cast]
  231 |     generation0->_gc_prev = (uintptr_t)gc;
      |                             ^
./Include/internal/pycore_object.h: In function '_PyDictOrValues_IsValues':
./Include/internal/pycore_object.h:394:13: warning: cast from pointer to integer of different size [-Wpointer-to-int-cast]
  394 |     return ((uintptr_t)dorv.values) & 1;
      |             ^
gcc -c -fno-strict-overflow -Wsign-compare -DNDEBUG -g -O3 -Wall    -std=c11 -Wextra -Wno-unused-parameter -Wno-missing-field-initializers -Wstrict-prototypes -Werror=implicit-function-declaration -fvisibility=hidden -include posixcompat.h -mabi=sysv  -I./Include/internal  -I. -I./Include    -DPy_BUILD_CORE -o Python/pytime.o Python/pytime.c
gcc -c -fno-strict-overflow -Wsign-compare -DNDEBUG -g -O3 -Wall    -std=c11 -Wextra -Wno-unused-parameter -Wno-missing-field-initializers -Wstrict-prototypes -Werror=implicit-function-declaration -fvisibility=hidden -include posixcompat.h -mabi=sysv  -I./Include/internal  -I. -I./Include    -DPy_BUILD_CORE -o Python/bootstrap_hash.o Python/bootstrap_hash.c
In file included from ./Include/Python.h:38,
                 from Python/bootstrap_hash.c:1:
./Include/internal/pycore_gc.h: In function '_PyGCHead_NEXT':
./Include/pyport.h:24:31: warning: cast to pointer from integer of different size [-Wint-to-pointer-cast]
   24 | #define _Py_CAST(type, expr) ((type)(expr))
      |                               ^
./Include/internal/pycore_gc.h:60:12: note: in expansion of macro '_Py_CAST'
   60 |     return _Py_CAST(PyGC_Head*, next);
      |            ^~~~~~~~
./Include/internal/pycore_gc.h: In function '_PyGCHead_SET_NEXT':
./Include/pyport.h:24:31: warning: cast from pointer to integer of different size [-Wpointer-to-int-cast]
   24 | #define _Py_CAST(type, expr) ((type)(expr))
      |                               ^
./Include/internal/pycore_gc.h:63:20: note: in expansion of macro '_Py_CAST'
   63 |     gc->_gc_next = _Py_CAST(uintptr_t, next);
      |                    ^~~~~~~~
./Include/internal/pycore_gc.h: In function '_PyGCHead_PREV':
./Include/pyport.h:24:31: warning: cast to pointer from integer of different size [-Wint-to-pointer-cast]
   24 | #define _Py_CAST(type, expr) ((type)(expr))
      |                               ^
./Include/internal/pycore_gc.h:69:12: note: in expansion of macro '_Py_CAST'
   69 |     return _Py_CAST(PyGC_Head*, prev);
      |            ^~~~~~~~
./Include/internal/pycore_gc.h: In function '_PyGCHead_SET_PREV':
./Include/pyport.h:24:31: warning: cast from pointer to integer of different size [-Wpointer-to-int-cast]
   24 | #define _Py_CAST(type, expr) ((type)(expr))
      |                               ^
./Include/internal/pycore_gc.h:72:23: note: in expansion of macro '_Py_CAST'
   72 |     uintptr_t uprev = _Py_CAST(uintptr_t, prev);
      |                       ^~~~~~~~
In file included from ./Include/internal/pycore_atomic.h:15,
                 from ./Include/internal/pycore_runtime.h:12,
                 from Python/bootstrap_hash.c:4:
./Include/internal/pycore_interp.h: In function '_PyInterpreterState_SetFinalizing':
./Include/internal/pycore_interp.h:253:52: warning: cast from pointer to integer of different size [-Wpointer-to-int-cast]
  253 |     _Py_atomic_store_relaxed(&interp->_finalizing, (uintptr_t)tstate);
      |                                                    ^
./Include/internal/pycore_atomic.h:550:5: note: in expansion of macro '_Py_atomic_store_explicit'
  550 |     _Py_atomic_store_explicit((ATOMIC_VAL), (NEW_VAL), _Py_memory_order_relaxed)
      |     ^~~~~~~~~~~~~~~~~~~~~~~~~
./Include/internal/pycore_interp.h:253:5: note: in expansion of macro '_Py_atomic_store_relaxed'
  253 |     _Py_atomic_store_relaxed(&interp->_finalizing, (uintptr_t)tstate);
      |     ^~~~~~~~~~~~~~~~~~~~~~~~
In file included from ./Include/internal/pycore_runtime.h:21:
./Include/internal/pycore_pymem.h: In function '_PyMem_IsPtrFreed':
./Include/internal/pycore_pymem.h:69:23: warning: cast from pointer to integer of different size [-Wpointer-to-int-cast]
   69 |     uintptr_t value = (uintptr_t)ptr;
      |                       ^
./Include/internal/pycore_runtime.h: In function '_PyRuntimeState_SetFinalizing':
./Include/internal/pycore_runtime.h:220:53: warning: cast from pointer to integer of different size [-Wpointer-to-int-cast]
  220 |     _Py_atomic_store_relaxed(&runtime->_finalizing, (uintptr_t)tstate);
      |                                                     ^
./Include/internal/pycore_atomic.h:550:5: note: in expansion of macro '_Py_atomic_store_explicit'
  550 |     _Py_atomic_store_explicit((ATOMIC_VAL), (NEW_VAL), _Py_memory_order_relaxed)
      |     ^~~~~~~~~~~~~~~~~~~~~~~~~
./Include/internal/pycore_runtime.h:220:5: note: in expansion of macro '_Py_atomic_store_relaxed'
  220 |     _Py_atomic_store_relaxed(&runtime->_finalizing, (uintptr_t)tstate);
      |     ^~~~~~~~~~~~~~~~~~~~~~~~
gcc -c -fno-strict-overflow -Wsign-compare -DNDEBUG -g -O3 -Wall    -std=c11 -Wextra -Wno-unused-parameter -Wno-missing-field-initializers -Wstrict-prototypes -Werror=implicit-function-declaration -fvisibility=hidden -include posixcompat.h -mabi=sysv  -I./Include/internal  -I. -I./Include    -DPy_BUILD_CORE -o Python/specialize.o Python/specialize.c
In file included from ./Include/Python.h:38,
                 from Python/specialize.c:1:
./Include/internal/pycore_gc.h: In function '_PyGCHead_NEXT':
./Include/pyport.h:24:31: warning: cast to pointer from integer of different size [-Wint-to-pointer-cast]
   24 | #define _Py_CAST(type, expr) ((type)(expr))
      |                               ^
./Include/internal/pycore_gc.h:60:12: note: in expansion of macro '_Py_CAST'
   60 |     return _Py_CAST(PyGC_Head*, next);
      |            ^~~~~~~~
./Include/internal/pycore_gc.h: In function '_PyGCHead_SET_NEXT':
./Include/pyport.h:24:31: warning: cast from pointer to integer of different size [-Wpointer-to-int-cast]
   24 | #define _Py_CAST(type, expr) ((type)(expr))
      |                               ^
./Include/internal/pycore_gc.h:63:20: note: in expansion of macro '_Py_CAST'
   63 |     gc->_gc_next = _Py_CAST(uintptr_t, next);
      |                    ^~~~~~~~
./Include/internal/pycore_gc.h: In function '_PyGCHead_PREV':
./Include/pyport.h:24:31: warning: cast to pointer from integer of different size [-Wint-to-pointer-cast]
   24 | #define _Py_CAST(type, expr) ((type)(expr))
      |                               ^
./Include/internal/pycore_gc.h:69:12: note: in expansion of macro '_Py_CAST'
   69 |     return _Py_CAST(PyGC_Head*, prev);
      |            ^~~~~~~~
./Include/internal/pycore_gc.h: In function '_PyGCHead_SET_PREV':
./Include/pyport.h:24:31: warning: cast from pointer to integer of different size [-Wpointer-to-int-cast]
   24 | #define _Py_CAST(type, expr) ((type)(expr))
      |                               ^
./Include/internal/pycore_gc.h:72:23: note: in expansion of macro '_Py_CAST'
   72 |     uintptr_t uprev = _Py_CAST(uintptr_t, prev);
      |                       ^~~~~~~~
In file included from ./Include/internal/pycore_atomic.h:15,
                 from ./Include/internal/pycore_runtime.h:12,
                 from ./Include/internal/pycore_dict.h:13,
                 from Python/specialize.c:3:
./Include/internal/pycore_interp.h: In function '_PyInterpreterState_SetFinalizing':
./Include/internal/pycore_interp.h:253:52: warning: cast from pointer to integer of different size [-Wpointer-to-int-cast]
  253 |     _Py_atomic_store_relaxed(&interp->_finalizing, (uintptr_t)tstate);
      |                                                    ^
./Include/internal/pycore_atomic.h:550:5: note: in expansion of macro '_Py_atomic_store_explicit'
  550 |     _Py_atomic_store_explicit((ATOMIC_VAL), (NEW_VAL), _Py_memory_order_relaxed)
      |     ^~~~~~~~~~~~~~~~~~~~~~~~~
./Include/internal/pycore_interp.h:253:5: note: in expansion of macro '_Py_atomic_store_relaxed'
  253 |     _Py_atomic_store_relaxed(&interp->_finalizing, (uintptr_t)tstate);
      |     ^~~~~~~~~~~~~~~~~~~~~~~~
In file included from ./Include/internal/pycore_runtime.h:21:
./Include/internal/pycore_pymem.h: In function '_PyMem_IsPtrFreed':
./Include/internal/pycore_pymem.h:69:23: warning: cast from pointer to integer of different size [-Wpointer-to-int-cast]
   69 |     uintptr_t value = (uintptr_t)ptr;
      |                       ^
./Include/internal/pycore_runtime.h: In function '_PyRuntimeState_SetFinalizing':
./Include/internal/pycore_runtime.h:220:53: warning: cast from pointer to integer of different size [-Wpointer-to-int-cast]
  220 |     _Py_atomic_store_relaxed(&runtime->_finalizing, (uintptr_t)tstate);
      |                                                     ^
./Include/internal/pycore_atomic.h:550:5: note: in expansion of macro '_Py_atomic_store_explicit'
  550 |     _Py_atomic_store_explicit((ATOMIC_VAL), (NEW_VAL), _Py_memory_order_relaxed)
      |     ^~~~~~~~~~~~~~~~~~~~~~~~~
./Include/internal/pycore_runtime.h:220:5: note: in expansion of macro '_Py_atomic_store_relaxed'
  220 |     _Py_atomic_store_relaxed(&runtime->_finalizing, (uintptr_t)tstate);
      |     ^~~~~~~~~~~~~~~~~~~~~~~~
In file included from Python/specialize.c:8:
./Include/internal/pycore_object.h: In function '_PyObject_GC_TRACK':
./Include/internal/pycore_object.h:227:23: warning: cast to pointer from integer of different size [-Wint-to-pointer-cast]
  227 |     PyGC_Head *last = (PyGC_Head*)(generation0->_gc_prev);
      |                       ^
./Include/internal/pycore_object.h:231:29: warning: cast from pointer to integer of different size [-Wpointer-to-int-cast]
  231 |     generation0->_gc_prev = (uintptr_t)gc;
      |                             ^
./Include/internal/pycore_object.h: In function '_PyDictOrValues_IsValues':
./Include/internal/pycore_object.h:394:13: warning: cast from pointer to integer of different size [-Wpointer-to-int-cast]
  394 |     return ((uintptr_t)dorv.values) & 1;
      |             ^
gcc -c -fno-strict-overflow -Wsign-compare -DNDEBUG -g -O3 -Wall    -std=c11 -Wextra -Wno-unused-parameter -Wno-missing-field-initializers -Wstrict-prototypes -Werror=implicit-function-declaration -fvisibility=hidden -include posixcompat.h -mabi=sysv  -I./Include/internal  -I. -I./Include    -DPy_BUILD_CORE -o Python/structmember.o Python/structmember.c
In file included from ./Include/Python.h:38,
                 from Python/structmember.c:4:
./Include/internal/pycore_gc.h: In function '_PyGCHead_NEXT':
./Include/pyport.h:24:31: warning: cast to pointer from integer of different size [-Wint-to-pointer-cast]
   24 | #define _Py_CAST(type, expr) ((type)(expr))
      |                               ^
./Include/internal/pycore_gc.h:60:12: note: in expansion of macro '_Py_CAST'
   60 |     return _Py_CAST(PyGC_Head*, next);
      |            ^~~~~~~~
./Include/internal/pycore_gc.h: In function '_PyGCHead_SET_NEXT':
./Include/pyport.h:24:31: warning: cast from pointer to integer of different size [-Wpointer-to-int-cast]
   24 | #define _Py_CAST(type, expr) ((type)(expr))
      |                               ^
./Include/internal/pycore_gc.h:63:20: note: in expansion of macro '_Py_CAST'
   63 |     gc->_gc_next = _Py_CAST(uintptr_t, next);
      |                    ^~~~~~~~
./Include/internal/pycore_gc.h: In function '_PyGCHead_PREV':
./Include/pyport.h:24:31: warning: cast to pointer from integer of different size [-Wint-to-pointer-cast]
   24 | #define _Py_CAST(type, expr) ((type)(expr))
      |                               ^
./Include/internal/pycore_gc.h:69:12: note: in expansion of macro '_Py_CAST'
   69 |     return _Py_CAST(PyGC_Head*, prev);
      |            ^~~~~~~~
./Include/internal/pycore_gc.h: In function '_PyGCHead_SET_PREV':
./Include/pyport.h:24:31: warning: cast from pointer to integer of different size [-Wpointer-to-int-cast]
   24 | #define _Py_CAST(type, expr) ((type)(expr))
      |                               ^
./Include/internal/pycore_gc.h:72:23: note: in expansion of macro '_Py_CAST'
   72 |     uintptr_t uprev = _Py_CAST(uintptr_t, prev);
      |                       ^~~~~~~~
In file included from ./Include/internal/pycore_atomic.h:15,
                 from ./Include/internal/pycore_runtime.h:12,
                 from ./Include/internal/pycore_long.h:12,
                 from Python/structmember.c:7:
./Include/internal/pycore_interp.h: In function '_PyInterpreterState_SetFinalizing':
./Include/internal/pycore_interp.h:253:52: warning: cast from pointer to integer of different size [-Wpointer-to-int-cast]
  253 |     _Py_atomic_store_relaxed(&interp->_finalizing, (uintptr_t)tstate);
      |                                                    ^
./Include/internal/pycore_atomic.h:550:5: note: in expansion of macro '_Py_atomic_store_explicit'
  550 |     _Py_atomic_store_explicit((ATOMIC_VAL), (NEW_VAL), _Py_memory_order_relaxed)
      |     ^~~~~~~~~~~~~~~~~~~~~~~~~
./Include/internal/pycore_interp.h:253:5: note: in expansion of macro '_Py_atomic_store_relaxed'
  253 |     _Py_atomic_store_relaxed(&interp->_finalizing, (uintptr_t)tstate);
      |     ^~~~~~~~~~~~~~~~~~~~~~~~
In file included from ./Include/internal/pycore_runtime.h:21:
./Include/internal/pycore_pymem.h: In function '_PyMem_IsPtrFreed':
./Include/internal/pycore_pymem.h:69:23: warning: cast from pointer to integer of different size [-Wpointer-to-int-cast]
   69 |     uintptr_t value = (uintptr_t)ptr;
      |                       ^
./Include/internal/pycore_runtime.h: In function '_PyRuntimeState_SetFinalizing':
./Include/internal/pycore_runtime.h:220:53: warning: cast from pointer to integer of different size [-Wpointer-to-int-cast]
  220 |     _Py_atomic_store_relaxed(&runtime->_finalizing, (uintptr_t)tstate);
      |                                                     ^
./Include/internal/pycore_atomic.h:550:5: note: in expansion of macro '_Py_atomic_store_explicit'
  550 |     _Py_atomic_store_explicit((ATOMIC_VAL), (NEW_VAL), _Py_memory_order_relaxed)
      |     ^~~~~~~~~~~~~~~~~~~~~~~~~
./Include/internal/pycore_runtime.h:220:5: note: in expansion of macro '_Py_atomic_store_relaxed'
  220 |     _Py_atomic_store_relaxed(&runtime->_finalizing, (uintptr_t)tstate);
      |     ^~~~~~~~~~~~~~~~~~~~~~~~
gcc -c -fno-strict-overflow -Wsign-compare -DNDEBUG -g -O3 -Wall    -std=c11 -Wextra -Wno-unused-parameter -Wno-missing-field-initializers -Wstrict-prototypes -Werror=implicit-function-declaration -fvisibility=hidden -include posixcompat.h -mabi=sysv  -I./Include/internal  -I. -I./Include    -DPy_BUILD_CORE -o Python/symtable.o Python/symtable.c
In file included from ./Include/Python.h:38,
                 from Python/symtable.c:1:
./Include/internal/pycore_gc.h: In function '_PyGCHead_NEXT':
./Include/pyport.h:24:31: warning: cast to pointer from integer of different size [-Wint-to-pointer-cast]
   24 | #define _Py_CAST(type, expr) ((type)(expr))
      |                               ^
./Include/internal/pycore_gc.h:60:12: note: in expansion of macro '_Py_CAST'
   60 |     return _Py_CAST(PyGC_Head*, next);
      |            ^~~~~~~~
./Include/internal/pycore_gc.h: In function '_PyGCHead_SET_NEXT':
./Include/pyport.h:24:31: warning: cast from pointer to integer of different size [-Wpointer-to-int-cast]
   24 | #define _Py_CAST(type, expr) ((type)(expr))
      |                               ^
./Include/internal/pycore_gc.h:63:20: note: in expansion of macro '_Py_CAST'
   63 |     gc->_gc_next = _Py_CAST(uintptr_t, next);
      |                    ^~~~~~~~
./Include/internal/pycore_gc.h: In function '_PyGCHead_PREV':
./Include/pyport.h:24:31: warning: cast to pointer from integer of different size [-Wint-to-pointer-cast]
   24 | #define _Py_CAST(type, expr) ((type)(expr))
      |                               ^
./Include/internal/pycore_gc.h:69:12: note: in expansion of macro '_Py_CAST'
   69 |     return _Py_CAST(PyGC_Head*, prev);
      |            ^~~~~~~~
./Include/internal/pycore_gc.h: In function '_PyGCHead_SET_PREV':
./Include/pyport.h:24:31: warning: cast from pointer to integer of different size [-Wpointer-to-int-cast]
   24 | #define _Py_CAST(type, expr) ((type)(expr))
      |                               ^
./Include/internal/pycore_gc.h:72:23: note: in expansion of macro '_Py_CAST'
   72 |     uintptr_t uprev = _Py_CAST(uintptr_t, prev);
      |                       ^~~~~~~~
In file included from ./Include/internal/pycore_atomic.h:15,
                 from ./Include/internal/pycore_runtime.h:12,
                 from ./Include/internal/pycore_pystate.h:11,
                 from Python/symtable.c:4:
./Include/internal/pycore_interp.h: In function '_PyInterpreterState_SetFinalizing':
./Include/internal/pycore_interp.h:253:52: warning: cast from pointer to integer of different size [-Wpointer-to-int-cast]
  253 |     _Py_atomic_store_relaxed(&interp->_finalizing, (uintptr_t)tstate);
      |                                                    ^
./Include/internal/pycore_atomic.h:550:5: note: in expansion of macro '_Py_atomic_store_explicit'
  550 |     _Py_atomic_store_explicit((ATOMIC_VAL), (NEW_VAL), _Py_memory_order_relaxed)
      |     ^~~~~~~~~~~~~~~~~~~~~~~~~
./Include/internal/pycore_interp.h:253:5: note: in expansion of macro '_Py_atomic_store_relaxed'
  253 |     _Py_atomic_store_relaxed(&interp->_finalizing, (uintptr_t)tstate);
      |     ^~~~~~~~~~~~~~~~~~~~~~~~
In file included from ./Include/internal/pycore_runtime.h:21:
./Include/internal/pycore_pymem.h: In function '_PyMem_IsPtrFreed':
./Include/internal/pycore_pymem.h:69:23: warning: cast from pointer to integer of different size [-Wpointer-to-int-cast]
   69 |     uintptr_t value = (uintptr_t)ptr;
      |                       ^
./Include/internal/pycore_runtime.h: In function '_PyRuntimeState_SetFinalizing':
./Include/internal/pycore_runtime.h:220:53: warning: cast from pointer to integer of different size [-Wpointer-to-int-cast]
  220 |     _Py_atomic_store_relaxed(&runtime->_finalizing, (uintptr_t)tstate);
      |                                                     ^
./Include/internal/pycore_atomic.h:550:5: note: in expansion of macro '_Py_atomic_store_explicit'
  550 |     _Py_atomic_store_explicit((ATOMIC_VAL), (NEW_VAL), _Py_memory_order_relaxed)
      |     ^~~~~~~~~~~~~~~~~~~~~~~~~
./Include/internal/pycore_runtime.h:220:5: note: in expansion of macro '_Py_atomic_store_relaxed'
  220 |     _Py_atomic_store_relaxed(&runtime->_finalizing, (uintptr_t)tstate);
      |     ^~~~~~~~~~~~~~~~~~~~~~~~
gcc -c -fno-strict-overflow -Wsign-compare -DNDEBUG -g -O3 -Wall    -std=c11 -Wextra -Wno-unused-parameter -Wno-missing-field-initializers -Wstrict-prototypes -Werror=implicit-function-declaration -fvisibility=hidden -include posixcompat.h -mabi=sysv  -I./Include/internal  -I. -I./Include    -DPy_BUILD_CORE \
	-DABIFLAGS='""' \
	 \
	-o Python/sysmodule.o ./Python/sysmodule.c
In file included from ./Include/Python.h:38,
                 from ./Python/sysmodule.c:17:
./Include/internal/pycore_gc.h: In function '_PyGCHead_NEXT':
./Include/pyport.h:24:31: warning: cast to pointer from integer of different size [-Wint-to-pointer-cast]
   24 | #define _Py_CAST(type, expr) ((type)(expr))
      |                               ^
./Include/internal/pycore_gc.h:60:12: note: in expansion of macro '_Py_CAST'
   60 |     return _Py_CAST(PyGC_Head*, next);
      |            ^~~~~~~~
./Include/internal/pycore_gc.h: In function '_PyGCHead_SET_NEXT':
./Include/pyport.h:24:31: warning: cast from pointer to integer of different size [-Wpointer-to-int-cast]
   24 | #define _Py_CAST(type, expr) ((type)(expr))
      |                               ^
./Include/internal/pycore_gc.h:63:20: note: in expansion of macro '_Py_CAST'
   63 |     gc->_gc_next = _Py_CAST(uintptr_t, next);
      |                    ^~~~~~~~
./Include/internal/pycore_gc.h: In function '_PyGCHead_PREV':
./Include/pyport.h:24:31: warning: cast to pointer from integer of different size [-Wint-to-pointer-cast]
   24 | #define _Py_CAST(type, expr) ((type)(expr))
      |                               ^
./Include/internal/pycore_gc.h:69:12: note: in expansion of macro '_Py_CAST'
   69 |     return _Py_CAST(PyGC_Head*, prev);
      |            ^~~~~~~~
./Include/internal/pycore_gc.h: In function '_PyGCHead_SET_PREV':
./Include/pyport.h:24:31: warning: cast from pointer to integer of different size [-Wpointer-to-int-cast]
   24 | #define _Py_CAST(type, expr) ((type)(expr))
      |                               ^
./Include/internal/pycore_gc.h:72:23: note: in expansion of macro '_Py_CAST'
   72 |     uintptr_t uprev = _Py_CAST(uintptr_t, prev);
      |                       ^~~~~~~~
In file included from ./Include/internal/pycore_atomic.h:15,
                 from ./Include/internal/pycore_runtime.h:12,
                 from ./Include/internal/pycore_pystate.h:11,
                 from ./Include/internal/pycore_call.h:11,
                 from ./Python/sysmodule.c:18:
./Include/internal/pycore_interp.h: In function '_PyInterpreterState_SetFinalizing':
./Include/internal/pycore_interp.h:253:52: warning: cast from pointer to integer of different size [-Wpointer-to-int-cast]
  253 |     _Py_atomic_store_relaxed(&interp->_finalizing, (uintptr_t)tstate);
      |                                                    ^
./Include/internal/pycore_atomic.h:550:5: note: in expansion of macro '_Py_atomic_store_explicit'
  550 |     _Py_atomic_store_explicit((ATOMIC_VAL), (NEW_VAL), _Py_memory_order_relaxed)
      |     ^~~~~~~~~~~~~~~~~~~~~~~~~
./Include/internal/pycore_interp.h:253:5: note: in expansion of macro '_Py_atomic_store_relaxed'
  253 |     _Py_atomic_store_relaxed(&interp->_finalizing, (uintptr_t)tstate);
      |     ^~~~~~~~~~~~~~~~~~~~~~~~
In file included from ./Include/internal/pycore_runtime.h:21:
./Include/internal/pycore_pymem.h: In function '_PyMem_IsPtrFreed':
./Include/internal/pycore_pymem.h:69:23: warning: cast from pointer to integer of different size [-Wpointer-to-int-cast]
   69 |     uintptr_t value = (uintptr_t)ptr;
      |                       ^
./Include/internal/pycore_runtime.h: In function '_PyRuntimeState_SetFinalizing':
./Include/internal/pycore_runtime.h:220:53: warning: cast from pointer to integer of different size [-Wpointer-to-int-cast]
  220 |     _Py_atomic_store_relaxed(&runtime->_finalizing, (uintptr_t)tstate);
      |                                                     ^
./Include/internal/pycore_atomic.h:550:5: note: in expansion of macro '_Py_atomic_store_explicit'
  550 |     _Py_atomic_store_explicit((ATOMIC_VAL), (NEW_VAL), _Py_memory_order_relaxed)
      |     ^~~~~~~~~~~~~~~~~~~~~~~~~
./Include/internal/pycore_runtime.h:220:5: note: in expansion of macro '_Py_atomic_store_relaxed'
  220 |     _Py_atomic_store_relaxed(&runtime->_finalizing, (uintptr_t)tstate);
      |     ^~~~~~~~~~~~~~~~~~~~~~~~
In file included from ./Python/sysmodule.c:24:
./Include/internal/pycore_object.h: In function '_PyObject_GC_TRACK':
./Include/internal/pycore_object.h:227:23: warning: cast to pointer from integer of different size [-Wint-to-pointer-cast]
  227 |     PyGC_Head *last = (PyGC_Head*)(generation0->_gc_prev);
      |                       ^
./Include/internal/pycore_object.h:231:29: warning: cast from pointer to integer of different size [-Wpointer-to-int-cast]
  231 |     generation0->_gc_prev = (uintptr_t)gc;
      |                             ^
./Include/internal/pycore_object.h: In function '_PyDictOrValues_IsValues':
./Include/internal/pycore_object.h:394:13: warning: cast from pointer to integer of different size [-Wpointer-to-int-cast]
  394 |     return ((uintptr_t)dorv.values) & 1;
      |             ^
./Python/sysmodule.c: In function 'get_hash_info':
./Include/pyhash.h:30:37: warning: left shift count >= width of type [-Wshift-count-overflow]
   30 | #define _PyHASH_MODULUS (((size_t)1 << _PyHASH_BITS) - 1)
      |                                     ^~
./Python/sysmodule.c:1540:27: note: in definition of macro 'SET_HASH_INFO_ITEM'
 1540 |         PyObject *item = (CALL);                             \
      |                           ^~~~
./Python/sysmodule.c:1549:43: note: in expansion of macro '_PyHASH_MODULUS'
 1549 |     SET_HASH_INFO_ITEM(PyLong_FromSsize_t(_PyHASH_MODULUS));
      |                                           ^~~~~~~~~~~~~~~
./Python/sysmodule.c: In function 'PyUnstable_WritePerfMapEntry':
./Python/sysmodule.c:2437:62: warning: cast from pointer to integer of different size [-Wpointer-to-int-cast]
 2437 |     fprintf(perf_map_state.perf_map, "%" PRIxPTR " %x %s\n", (uintptr_t) code_addr, code_size, entry_name);
      |                                                              ^
gcc -c -fno-strict-overflow -Wsign-compare -DNDEBUG -g -O3 -Wall    -std=c11 -Wextra -Wno-unused-parameter -Wno-missing-field-initializers -Wstrict-prototypes -Werror=implicit-function-declaration -fvisibility=hidden -include posixcompat.h -mabi=sysv  -I./Include/internal  -I. -I./Include    -DPy_BUILD_CORE -o Python/thread.o Python/thread.c
In file included from ./Include/Python.h:38,
                 from Python/thread.c:8:
./Include/internal/pycore_gc.h: In function '_PyGCHead_NEXT':
./Include/pyport.h:24:31: warning: cast to pointer from integer of different size [-Wint-to-pointer-cast]
   24 | #define _Py_CAST(type, expr) ((type)(expr))
      |                               ^
./Include/internal/pycore_gc.h:60:12: note: in expansion of macro '_Py_CAST'
   60 |     return _Py_CAST(PyGC_Head*, next);
      |            ^~~~~~~~
./Include/internal/pycore_gc.h: In function '_PyGCHead_SET_NEXT':
./Include/pyport.h:24:31: warning: cast from pointer to integer of different size [-Wpointer-to-int-cast]
   24 | #define _Py_CAST(type, expr) ((type)(expr))
      |                               ^
./Include/internal/pycore_gc.h:63:20: note: in expansion of macro '_Py_CAST'
   63 |     gc->_gc_next = _Py_CAST(uintptr_t, next);
      |                    ^~~~~~~~
./Include/internal/pycore_gc.h: In function '_PyGCHead_PREV':
./Include/pyport.h:24:31: warning: cast to pointer from integer of different size [-Wint-to-pointer-cast]
   24 | #define _Py_CAST(type, expr) ((type)(expr))
      |                               ^
./Include/internal/pycore_gc.h:69:12: note: in expansion of macro '_Py_CAST'
   69 |     return _Py_CAST(PyGC_Head*, prev);
      |            ^~~~~~~~
./Include/internal/pycore_gc.h: In function '_PyGCHead_SET_PREV':
./Include/pyport.h:24:31: warning: cast from pointer to integer of different size [-Wpointer-to-int-cast]
   24 | #define _Py_CAST(type, expr) ((type)(expr))
      |                               ^
./Include/internal/pycore_gc.h:72:23: note: in expansion of macro '_Py_CAST'
   72 |     uintptr_t uprev = _Py_CAST(uintptr_t, prev);
      |                       ^~~~~~~~
In file included from ./Include/internal/pycore_atomic.h:15,
                 from ./Include/internal/pycore_runtime.h:12,
                 from ./Include/internal/pycore_pystate.h:11,
                 from Python/thread.c:9:
./Include/internal/pycore_interp.h: In function '_PyInterpreterState_SetFinalizing':
./Include/internal/pycore_interp.h:253:52: warning: cast from pointer to integer of different size [-Wpointer-to-int-cast]
  253 |     _Py_atomic_store_relaxed(&interp->_finalizing, (uintptr_t)tstate);
      |                                                    ^
./Include/internal/pycore_atomic.h:550:5: note: in expansion of macro '_Py_atomic_store_explicit'
  550 |     _Py_atomic_store_explicit((ATOMIC_VAL), (NEW_VAL), _Py_memory_order_relaxed)
      |     ^~~~~~~~~~~~~~~~~~~~~~~~~
./Include/internal/pycore_interp.h:253:5: note: in expansion of macro '_Py_atomic_store_relaxed'
  253 |     _Py_atomic_store_relaxed(&interp->_finalizing, (uintptr_t)tstate);
      |     ^~~~~~~~~~~~~~~~~~~~~~~~
In file included from ./Include/internal/pycore_runtime.h:21:
./Include/internal/pycore_pymem.h: In function '_PyMem_IsPtrFreed':
./Include/internal/pycore_pymem.h:69:23: warning: cast from pointer to integer of different size [-Wpointer-to-int-cast]
   69 |     uintptr_t value = (uintptr_t)ptr;
      |                       ^
./Include/internal/pycore_runtime.h: In function '_PyRuntimeState_SetFinalizing':
./Include/internal/pycore_runtime.h:220:53: warning: cast from pointer to integer of different size [-Wpointer-to-int-cast]
  220 |     _Py_atomic_store_relaxed(&runtime->_finalizing, (uintptr_t)tstate);
      |                                                     ^
./Include/internal/pycore_atomic.h:550:5: note: in expansion of macro '_Py_atomic_store_explicit'
  550 |     _Py_atomic_store_explicit((ATOMIC_VAL), (NEW_VAL), _Py_memory_order_relaxed)
      |     ^~~~~~~~~~~~~~~~~~~~~~~~~
./Include/internal/pycore_runtime.h:220:5: note: in expansion of macro '_Py_atomic_store_relaxed'
  220 |     _Py_atomic_store_relaxed(&runtime->_finalizing, (uintptr_t)tstate);
      |     ^~~~~~~~~~~~~~~~~~~~~~~~
In file included from Python/thread.c:43:
Python/thread_pthread.h: In function 'PyThread_start_new_thread':
Python/thread_pthread.h:306:29: warning: dereferencing type-punned pointer will break strict-aliasing rules [-Wstrict-aliasing]
  306 |     return (unsigned long) *(unsigned long *) &th;
      |                             ^~~~~~~~~~~~~~~~~~~~~
Python/thread_pthread.h: In function 'PyThread_exit_thread':
Python/thread_pthread.h:375:1: warning: 'noreturn' function does return
  375 | }
      | ^
gcc -c -fno-strict-overflow -Wsign-compare -DNDEBUG -g -O3 -Wall    -std=c11 -Wextra -Wno-unused-parameter -Wno-missing-field-initializers -Wstrict-prototypes -Werror=implicit-function-declaration -fvisibility=hidden -include posixcompat.h -mabi=sysv  -I./Include/internal  -I. -I./Include    -DPy_BUILD_CORE -o Python/traceback.o Python/traceback.c
In file included from ./Include/Python.h:38,
                 from Python/traceback.c:4:
./Include/internal/pycore_gc.h: In function '_PyGCHead_NEXT':
./Include/pyport.h:24:31: warning: cast to pointer from integer of different size [-Wint-to-pointer-cast]
   24 | #define _Py_CAST(type, expr) ((type)(expr))
      |                               ^
./Include/internal/pycore_gc.h:60:12: note: in expansion of macro '_Py_CAST'
   60 |     return _Py_CAST(PyGC_Head*, next);
      |            ^~~~~~~~
./Include/internal/pycore_gc.h: In function '_PyGCHead_SET_NEXT':
./Include/pyport.h:24:31: warning: cast from pointer to integer of different size [-Wpointer-to-int-cast]
   24 | #define _Py_CAST(type, expr) ((type)(expr))
      |                               ^
./Include/internal/pycore_gc.h:63:20: note: in expansion of macro '_Py_CAST'
   63 |     gc->_gc_next = _Py_CAST(uintptr_t, next);
      |                    ^~~~~~~~
./Include/internal/pycore_gc.h: In function '_PyGCHead_PREV':
./Include/pyport.h:24:31: warning: cast to pointer from integer of different size [-Wint-to-pointer-cast]
   24 | #define _Py_CAST(type, expr) ((type)(expr))
      |                               ^
./Include/internal/pycore_gc.h:69:12: note: in expansion of macro '_Py_CAST'
   69 |     return _Py_CAST(PyGC_Head*, prev);
      |            ^~~~~~~~
./Include/internal/pycore_gc.h: In function '_PyGCHead_SET_PREV':
./Include/pyport.h:24:31: warning: cast from pointer to integer of different size [-Wpointer-to-int-cast]
   24 | #define _Py_CAST(type, expr) ((type)(expr))
      |                               ^
./Include/internal/pycore_gc.h:72:23: note: in expansion of macro '_Py_CAST'
   72 |     uintptr_t uprev = _Py_CAST(uintptr_t, prev);
      |                       ^~~~~~~~
In file included from ./Include/internal/pycore_atomic.h:15,
                 from ./Include/internal/pycore_runtime.h:12,
                 from ./Include/internal/pycore_pystate.h:11,
                 from ./Include/internal/pycore_call.h:11,
                 from Python/traceback.c:7:
./Include/internal/pycore_interp.h: In function '_PyInterpreterState_SetFinalizing':
./Include/internal/pycore_interp.h:253:52: warning: cast from pointer to integer of different size [-Wpointer-to-int-cast]
  253 |     _Py_atomic_store_relaxed(&interp->_finalizing, (uintptr_t)tstate);
      |                                                    ^
./Include/internal/pycore_atomic.h:550:5: note: in expansion of macro '_Py_atomic_store_explicit'
  550 |     _Py_atomic_store_explicit((ATOMIC_VAL), (NEW_VAL), _Py_memory_order_relaxed)
      |     ^~~~~~~~~~~~~~~~~~~~~~~~~
./Include/internal/pycore_interp.h:253:5: note: in expansion of macro '_Py_atomic_store_relaxed'
  253 |     _Py_atomic_store_relaxed(&interp->_finalizing, (uintptr_t)tstate);
      |     ^~~~~~~~~~~~~~~~~~~~~~~~
In file included from ./Include/internal/pycore_runtime.h:21:
./Include/internal/pycore_pymem.h: In function '_PyMem_IsPtrFreed':
./Include/internal/pycore_pymem.h:69:23: warning: cast from pointer to integer of different size [-Wpointer-to-int-cast]
   69 |     uintptr_t value = (uintptr_t)ptr;
      |                       ^
./Include/internal/pycore_runtime.h: In function '_PyRuntimeState_SetFinalizing':
./Include/internal/pycore_runtime.h:220:53: warning: cast from pointer to integer of different size [-Wpointer-to-int-cast]
  220 |     _Py_atomic_store_relaxed(&runtime->_finalizing, (uintptr_t)tstate);
      |                                                     ^
./Include/internal/pycore_atomic.h:550:5: note: in expansion of macro '_Py_atomic_store_explicit'
  550 |     _Py_atomic_store_explicit((ATOMIC_VAL), (NEW_VAL), _Py_memory_order_relaxed)
      |     ^~~~~~~~~~~~~~~~~~~~~~~~~
./Include/internal/pycore_runtime.h:220:5: note: in expansion of macro '_Py_atomic_store_relaxed'
  220 |     _Py_atomic_store_relaxed(&runtime->_finalizing, (uintptr_t)tstate);
      |     ^~~~~~~~~~~~~~~~~~~~~~~~
gcc -c -fno-strict-overflow -Wsign-compare -DNDEBUG -g -O3 -Wall    -std=c11 -Wextra -Wno-unused-parameter -Wno-missing-field-initializers -Wstrict-prototypes -Werror=implicit-function-declaration -fvisibility=hidden -include posixcompat.h -mabi=sysv  -I./Include/internal  -I. -I./Include    -DPy_BUILD_CORE -o Python/tracemalloc.o Python/tracemalloc.c
In file included from ./Include/Python.h:38,
                 from Python/tracemalloc.c:1:
./Include/internal/pycore_gc.h: In function '_PyGCHead_NEXT':
./Include/pyport.h:24:31: warning: cast to pointer from integer of different size [-Wint-to-pointer-cast]
   24 | #define _Py_CAST(type, expr) ((type)(expr))
      |                               ^
./Include/internal/pycore_gc.h:60:12: note: in expansion of macro '_Py_CAST'
   60 |     return _Py_CAST(PyGC_Head*, next);
      |            ^~~~~~~~
./Include/internal/pycore_gc.h: In function '_PyGCHead_SET_NEXT':
./Include/pyport.h:24:31: warning: cast from pointer to integer of different size [-Wpointer-to-int-cast]
   24 | #define _Py_CAST(type, expr) ((type)(expr))
      |                               ^
./Include/internal/pycore_gc.h:63:20: note: in expansion of macro '_Py_CAST'
   63 |     gc->_gc_next = _Py_CAST(uintptr_t, next);
      |                    ^~~~~~~~
./Include/internal/pycore_gc.h: In function '_PyGCHead_PREV':
./Include/pyport.h:24:31: warning: cast to pointer from integer of different size [-Wint-to-pointer-cast]
   24 | #define _Py_CAST(type, expr) ((type)(expr))
      |                               ^
./Include/internal/pycore_gc.h:69:12: note: in expansion of macro '_Py_CAST'
   69 |     return _Py_CAST(PyGC_Head*, prev);
      |            ^~~~~~~~
./Include/internal/pycore_gc.h: In function '_PyGCHead_SET_PREV':
./Include/pyport.h:24:31: warning: cast from pointer to integer of different size [-Wpointer-to-int-cast]
   24 | #define _Py_CAST(type, expr) ((type)(expr))
      |                               ^
./Include/internal/pycore_gc.h:72:23: note: in expansion of macro '_Py_CAST'
   72 |     uintptr_t uprev = _Py_CAST(uintptr_t, prev);
      |                       ^~~~~~~~
In file included from ./Include/internal/pycore_atomic.h:15,
                 from ./Include/internal/pycore_interp.h:15,
                 from ./Include/internal/pycore_object.h:13,
                 from Python/tracemalloc.c:6:
./Include/internal/pycore_interp.h: In function '_PyInterpreterState_SetFinalizing':
./Include/internal/pycore_interp.h:253:52: warning: cast from pointer to integer of different size [-Wpointer-to-int-cast]
  253 |     _Py_atomic_store_relaxed(&interp->_finalizing, (uintptr_t)tstate);
      |                                                    ^
./Include/internal/pycore_atomic.h:550:5: note: in expansion of macro '_Py_atomic_store_explicit'
  550 |     _Py_atomic_store_explicit((ATOMIC_VAL), (NEW_VAL), _Py_memory_order_relaxed)
      |     ^~~~~~~~~~~~~~~~~~~~~~~~~
./Include/internal/pycore_interp.h:253:5: note: in expansion of macro '_Py_atomic_store_relaxed'
  253 |     _Py_atomic_store_relaxed(&interp->_finalizing, (uintptr_t)tstate);
      |     ^~~~~~~~~~~~~~~~~~~~~~~~
In file included from ./Include/internal/pycore_runtime.h:21,
                 from ./Include/internal/pycore_pystate.h:11,
                 from ./Include/internal/pycore_object.h:14:
./Include/internal/pycore_pymem.h: In function '_PyMem_IsPtrFreed':
./Include/internal/pycore_pymem.h:69:23: warning: cast from pointer to integer of different size [-Wpointer-to-int-cast]
   69 |     uintptr_t value = (uintptr_t)ptr;
      |                       ^
./Include/internal/pycore_runtime.h: In function '_PyRuntimeState_SetFinalizing':
./Include/internal/pycore_runtime.h:220:53: warning: cast from pointer to integer of different size [-Wpointer-to-int-cast]
  220 |     _Py_atomic_store_relaxed(&runtime->_finalizing, (uintptr_t)tstate);
      |                                                     ^
./Include/internal/pycore_atomic.h:550:5: note: in expansion of macro '_Py_atomic_store_explicit'
  550 |     _Py_atomic_store_explicit((ATOMIC_VAL), (NEW_VAL), _Py_memory_order_relaxed)
      |     ^~~~~~~~~~~~~~~~~~~~~~~~~
./Include/internal/pycore_runtime.h:220:5: note: in expansion of macro '_Py_atomic_store_relaxed'
  220 |     _Py_atomic_store_relaxed(&runtime->_finalizing, (uintptr_t)tstate);
      |     ^~~~~~~~~~~~~~~~~~~~~~~~
./Include/internal/pycore_object.h: In function '_PyObject_GC_TRACK':
./Include/internal/pycore_object.h:227:23: warning: cast to pointer from integer of different size [-Wint-to-pointer-cast]
  227 |     PyGC_Head *last = (PyGC_Head*)(generation0->_gc_prev);
      |                       ^
./Include/internal/pycore_object.h:231:29: warning: cast from pointer to integer of different size [-Wpointer-to-int-cast]
  231 |     generation0->_gc_prev = (uintptr_t)gc;
      |                             ^
./Include/internal/pycore_object.h: In function '_PyDictOrValues_IsValues':
./Include/internal/pycore_object.h:394:13: warning: cast from pointer to integer of different size [-Wpointer-to-int-cast]
  394 |     return ((uintptr_t)dorv.values) & 1;
      |             ^
Python/tracemalloc.c: In function 'hashtable_hash_uint':
Python/tracemalloc.c:28:24: warning: cast from pointer to integer of different size [-Wpointer-to-int-cast]
   28 | #define FROM_PTR(key) ((uintptr_t)(key))
      |                        ^
Python/tracemalloc.c:182:38: note: in expansion of macro 'FROM_PTR'
  182 |     unsigned int key = (unsigned int)FROM_PTR(key_raw);
      |                                      ^~~~~~~~
Python/tracemalloc.c: In function 'tracemalloc_get_traces_table':
Python/tracemalloc.c:27:22: warning: cast to pointer from integer of different size [-Wint-to-pointer-cast]
   27 | #define TO_PTR(key) ((const void *)(uintptr_t)(key))
      |                      ^
Python/tracemalloc.c:436:55: note: in expansion of macro 'TO_PTR'
  436 |         return _Py_hashtable_get(tracemalloc_domains, TO_PTR(domain));
      |                                                       ^~~~~~
Python/tracemalloc.c: In function 'tracemalloc_remove_trace':
Python/tracemalloc.c:27:22: warning: cast to pointer from integer of different size [-Wint-to-pointer-cast]
   27 | #define TO_PTR(key) ((const void *)(uintptr_t)(key))
      |                      ^
Python/tracemalloc.c:451:50: note: in expansion of macro 'TO_PTR'
  451 |     trace_t *trace = _Py_hashtable_steal(traces, TO_PTR(ptr));
      |                                                  ^~~~~~
Python/tracemalloc.c: In function 'tracemalloc_add_trace':
Python/tracemalloc.c:27:22: warning: cast to pointer from integer of different size [-Wint-to-pointer-cast]
   27 | #define TO_PTR(key) ((const void *)(uintptr_t)(key))
      |                      ^
Python/tracemalloc.c:482:52: note: in expansion of macro 'TO_PTR'
  482 |         if (_Py_hashtable_set(tracemalloc_domains, TO_PTR(domain), traces) < 0) {
      |                                                    ^~~~~~
Python/tracemalloc.c:27:22: warning: cast to pointer from integer of different size [-Wint-to-pointer-cast]
   27 | #define TO_PTR(key) ((const void *)(uintptr_t)(key))
      |                      ^
Python/tracemalloc.c:488:48: note: in expansion of macro 'TO_PTR'
  488 |     trace_t *trace = _Py_hashtable_get(traces, TO_PTR(ptr));
      |                                                ^~~~~~
Python/tracemalloc.c:27:22: warning: cast to pointer from integer of different size [-Wint-to-pointer-cast]
   27 | #define TO_PTR(key) ((const void *)(uintptr_t)(key))
      |                      ^
Python/tracemalloc.c:505:45: note: in expansion of macro 'TO_PTR'
  505 |         int res = _Py_hashtable_set(traces, TO_PTR(ptr), trace);
      |                                             ^~~~~~
Python/tracemalloc.c: In function 'tracemalloc_alloc':
Python/tracemalloc.c:521:51: warning: cast from pointer to integer of different size [-Wpointer-to-int-cast]
  521 |             tracemalloc_add_trace(DEFAULT_DOMAIN, (uintptr_t)(ptr), size)
      |                                                   ^
Python/tracemalloc.c:542:13: note: in expansion of macro 'ADD_TRACE'
  542 |         if (ADD_TRACE(ptr, nelem * elsize) < 0) {
      |             ^~~~~~~~~
Python/tracemalloc.c: In function 'tracemalloc_realloc':
Python/tracemalloc.c:461:54: warning: cast from pointer to integer of different size [-Wpointer-to-int-cast]
  461 |             tracemalloc_remove_trace(DEFAULT_DOMAIN, (uintptr_t)(ptr))
      |                                                      ^
Python/tracemalloc.c:577:13: note: in expansion of macro 'REMOVE_TRACE'
  577 |             REMOVE_TRACE(ptr);
      |             ^~~~~~~~~~~~
Python/tracemalloc.c:521:51: warning: cast from pointer to integer of different size [-Wpointer-to-int-cast]
  521 |             tracemalloc_add_trace(DEFAULT_DOMAIN, (uintptr_t)(ptr), size)
      |                                                   ^
Python/tracemalloc.c:580:13: note: in expansion of macro 'ADD_TRACE'
  580 |         if (ADD_TRACE(ptr2, new_size) < 0) {
      |             ^~~~~~~~~
Python/tracemalloc.c:521:51: warning: cast from pointer to integer of different size [-Wpointer-to-int-cast]
  521 |             tracemalloc_add_trace(DEFAULT_DOMAIN, (uintptr_t)(ptr), size)
      |                                                   ^
Python/tracemalloc.c:596:13: note: in expansion of macro 'ADD_TRACE'
  596 |         if (ADD_TRACE(ptr2, new_size) < 0) {
      |             ^~~~~~~~~
Python/tracemalloc.c: In function 'tracemalloc_free':
Python/tracemalloc.c:461:54: warning: cast from pointer to integer of different size [-Wpointer-to-int-cast]
  461 |             tracemalloc_remove_trace(DEFAULT_DOMAIN, (uintptr_t)(ptr))
      |                                                      ^
Python/tracemalloc.c:625:9: note: in expansion of macro 'REMOVE_TRACE'
  625 |         REMOVE_TRACE(ptr);
      |         ^~~~~~~~~~~~
Python/tracemalloc.c: In function 'tracemalloc_realloc_gil':
Python/tracemalloc.c:461:54: warning: cast from pointer to integer of different size [-Wpointer-to-int-cast]
  461 |             tracemalloc_remove_trace(DEFAULT_DOMAIN, (uintptr_t)(ptr))
      |                                                      ^
Python/tracemalloc.c:688:17: note: in expansion of macro 'REMOVE_TRACE'
  688 |                 REMOVE_TRACE(ptr);
      |                 ^~~~~~~~~~~~
Python/tracemalloc.c: In function 'tracemalloc_raw_realloc':
Python/tracemalloc.c:461:54: warning: cast from pointer to integer of different size [-Wpointer-to-int-cast]
  461 |             tracemalloc_remove_trace(DEFAULT_DOMAIN, (uintptr_t)(ptr))
      |                                                      ^
Python/tracemalloc.c:765:17: note: in expansion of macro 'REMOVE_TRACE'
  765 |                 REMOVE_TRACE(ptr);
      |                 ^~~~~~~~~~~~
Python/tracemalloc.c: In function 'tracemalloc_copy_domain':
Python/tracemalloc.c:28:24: warning: cast from pointer to integer of different size [-Wpointer-to-int-cast]
   28 | #define FROM_PTR(key) ((uintptr_t)(key))
      |                        ^
Python/tracemalloc.c:1149:41: note: in expansion of macro 'FROM_PTR'
 1149 |     unsigned int domain = (unsigned int)FROM_PTR(key);
      |                                         ^~~~~~~~
Python/tracemalloc.c:27:22: warning: cast to pointer from integer of different size [-Wint-to-pointer-cast]
   27 | #define TO_PTR(key) ((const void *)(uintptr_t)(key))
      |                      ^
Python/tracemalloc.c:1156:37: note: in expansion of macro 'TO_PTR'
 1156 |     if (_Py_hashtable_set(domains2, TO_PTR(domain), traces2) < 0) {
      |                                     ^~~~~~
Python/tracemalloc.c: In function 'tracemalloc_get_traces_domain':
Python/tracemalloc.c:28:24: warning: cast from pointer to integer of different size [-Wpointer-to-int-cast]
   28 | #define FROM_PTR(key) ((uintptr_t)(key))
      |                        ^
Python/tracemalloc.c:1215:41: note: in expansion of macro 'FROM_PTR'
 1215 |     unsigned int domain = (unsigned int)FROM_PTR(key);
      |                                         ^~~~~~~~
Python/tracemalloc.c: In function 'tracemalloc_get_traceback_unlocked':
Python/tracemalloc.c:27:22: warning: cast to pointer from integer of different size [-Wint-to-pointer-cast]
   27 | #define TO_PTR(key) ((const void *)(uintptr_t)(key))
      |                      ^
Python/tracemalloc.c:1243:43: note: in expansion of macro 'TO_PTR'
 1243 |         trace = _Py_hashtable_get(traces, TO_PTR(ptr));
      |                                           ^~~~~~
Python/tracemalloc.c: In function '_PyMem_DumpTraceback':
Python/tracemalloc.c:1277:56: warning: cast from pointer to integer of different size [-Wpointer-to-int-cast]
 1277 |                                                        (uintptr_t)ptr);
      |                                                        ^
Python/tracemalloc.c: In function '_PyTraceMalloc_NewReference':
Python/tracemalloc.c:1399:21: warning: cast from pointer to integer of different size [-Wpointer-to-int-cast]
 1399 |     uintptr_t ptr = (uintptr_t)((char *)op - presize);
      |                     ^
Python/tracemalloc.c:27:22: warning: cast to pointer from integer of different size [-Wint-to-pointer-cast]
   27 | #define TO_PTR(key) ((const void *)(uintptr_t)(key))
      |                      ^
Python/tracemalloc.c:1410:60: note: in expansion of macro 'TO_PTR'
 1410 |     trace_t *trace = _Py_hashtable_get(tracemalloc_traces, TO_PTR(ptr));
      |                                                            ^~~~~~
Python/tracemalloc.c: In function '_PyTraceMalloc_GetObjectTraceback':
Python/tracemalloc.c:1547:21: warning: cast from pointer to integer of different size [-Wpointer-to-int-cast]
 1547 |     uintptr_t ptr = (uintptr_t)((char *)obj - presize);
      |                     ^
gcc -c -fno-strict-overflow -Wsign-compare -DNDEBUG -g -O3 -Wall    -std=c11 -Wextra -Wno-unused-parameter -Wno-missing-field-initializers -Wstrict-prototypes -Werror=implicit-function-declaration -fvisibility=hidden -include posixcompat.h -mabi=sysv  -I./Include/internal  -I. -I./Include    -DPy_BUILD_CORE -o Python/getopt.o Python/getopt.c
gcc -c -fno-strict-overflow -Wsign-compare -DNDEBUG -g -O3 -Wall    -std=c11 -Wextra -Wno-unused-parameter -Wno-missing-field-initializers -Wstrict-prototypes -Werror=implicit-function-declaration -fvisibility=hidden -include posixcompat.h -mabi=sysv  -I./Include/internal  -I. -I./Include    -DPy_BUILD_CORE -o Python/pystrcmp.o Python/pystrcmp.c
gcc -c -fno-strict-overflow -Wsign-compare -DNDEBUG -g -O3 -Wall    -std=c11 -Wextra -Wno-unused-parameter -Wno-missing-field-initializers -Wstrict-prototypes -Werror=implicit-function-declaration -fvisibility=hidden -include posixcompat.h -mabi=sysv  -I./Include/internal  -I. -I./Include    -DPy_BUILD_CORE -o Python/pystrtod.o Python/pystrtod.c
gcc -c -fno-strict-overflow -Wsign-compare -DNDEBUG -g -O3 -Wall    -std=c11 -Wextra -Wno-unused-parameter -Wno-missing-field-initializers -Wstrict-prototypes -Werror=implicit-function-declaration -fvisibility=hidden -include posixcompat.h -mabi=sysv  -I./Include/internal  -I. -I./Include    -DPy_BUILD_CORE -o Python/pystrhex.o Python/pystrhex.c
gcc -c -fno-strict-overflow -Wsign-compare -DNDEBUG -g -O3 -Wall    -std=c11 -Wextra -Wno-unused-parameter -Wno-missing-field-initializers -Wstrict-prototypes -Werror=implicit-function-declaration -fvisibility=hidden -include posixcompat.h -mabi=sysv  -I./Include/internal  -I. -I./Include    -DPy_BUILD_CORE  -o Python/dtoa.o Python/dtoa.c
In file included from ./Include/Python.h:38,
                 from Python/dtoa.c:120:
./Include/internal/pycore_gc.h: In function '_PyGCHead_NEXT':
./Include/pyport.h:24:31: warning: cast to pointer from integer of different size [-Wint-to-pointer-cast]
   24 | #define _Py_CAST(type, expr) ((type)(expr))
      |                               ^
./Include/internal/pycore_gc.h:60:12: note: in expansion of macro '_Py_CAST'
   60 |     return _Py_CAST(PyGC_Head*, next);
      |            ^~~~~~~~
./Include/internal/pycore_gc.h: In function '_PyGCHead_SET_NEXT':
./Include/pyport.h:24:31: warning: cast from pointer to integer of different size [-Wpointer-to-int-cast]
   24 | #define _Py_CAST(type, expr) ((type)(expr))
      |                               ^
./Include/internal/pycore_gc.h:63:20: note: in expansion of macro '_Py_CAST'
   63 |     gc->_gc_next = _Py_CAST(uintptr_t, next);
      |                    ^~~~~~~~
./Include/internal/pycore_gc.h: In function '_PyGCHead_PREV':
./Include/pyport.h:24:31: warning: cast to pointer from integer of different size [-Wint-to-pointer-cast]
   24 | #define _Py_CAST(type, expr) ((type)(expr))
      |                               ^
./Include/internal/pycore_gc.h:69:12: note: in expansion of macro '_Py_CAST'
   69 |     return _Py_CAST(PyGC_Head*, prev);
      |            ^~~~~~~~
./Include/internal/pycore_gc.h: In function '_PyGCHead_SET_PREV':
./Include/pyport.h:24:31: warning: cast from pointer to integer of different size [-Wpointer-to-int-cast]
   24 | #define _Py_CAST(type, expr) ((type)(expr))
      |                               ^
./Include/internal/pycore_gc.h:72:23: note: in expansion of macro '_Py_CAST'
   72 |     uintptr_t uprev = _Py_CAST(uintptr_t, prev);
      |                       ^~~~~~~~
In file included from ./Include/internal/pycore_atomic.h:15,
                 from ./Include/internal/pycore_runtime.h:12,
                 from ./Include/internal/pycore_pystate.h:11,
                 from Python/dtoa.c:122:
./Include/internal/pycore_interp.h: In function '_PyInterpreterState_SetFinalizing':
./Include/internal/pycore_interp.h:253:52: warning: cast from pointer to integer of different size [-Wpointer-to-int-cast]
  253 |     _Py_atomic_store_relaxed(&interp->_finalizing, (uintptr_t)tstate);
      |                                                    ^
./Include/internal/pycore_atomic.h:550:5: note: in expansion of macro '_Py_atomic_store_explicit'
  550 |     _Py_atomic_store_explicit((ATOMIC_VAL), (NEW_VAL), _Py_memory_order_relaxed)
      |     ^~~~~~~~~~~~~~~~~~~~~~~~~
./Include/internal/pycore_interp.h:253:5: note: in expansion of macro '_Py_atomic_store_relaxed'
  253 |     _Py_atomic_store_relaxed(&interp->_finalizing, (uintptr_t)tstate);
      |     ^~~~~~~~~~~~~~~~~~~~~~~~
In file included from ./Include/internal/pycore_runtime.h:21:
./Include/internal/pycore_pymem.h: In function '_PyMem_IsPtrFreed':
./Include/internal/pycore_pymem.h:69:23: warning: cast from pointer to integer of different size [-Wpointer-to-int-cast]
   69 |     uintptr_t value = (uintptr_t)ptr;
      |                       ^
./Include/internal/pycore_runtime.h: In function '_PyRuntimeState_SetFinalizing':
./Include/internal/pycore_runtime.h:220:53: warning: cast from pointer to integer of different size [-Wpointer-to-int-cast]
  220 |     _Py_atomic_store_relaxed(&runtime->_finalizing, (uintptr_t)tstate);
      |                                                     ^
./Include/internal/pycore_atomic.h:550:5: note: in expansion of macro '_Py_atomic_store_explicit'
  550 |     _Py_atomic_store_explicit((ATOMIC_VAL), (NEW_VAL), _Py_memory_order_relaxed)
      |     ^~~~~~~~~~~~~~~~~~~~~~~~~
./Include/internal/pycore_runtime.h:220:5: note: in expansion of macro '_Py_atomic_store_relaxed'
  220 |     _Py_atomic_store_relaxed(&runtime->_finalizing, (uintptr_t)tstate);
      |     ^~~~~~~~~~~~~~~~~~~~~~~~
gcc -c -fno-strict-overflow -Wsign-compare -DNDEBUG -g -O3 -Wall    -std=c11 -Wextra -Wno-unused-parameter -Wno-missing-field-initializers -Wstrict-prototypes -Werror=implicit-function-declaration -fvisibility=hidden -include posixcompat.h -mabi=sysv  -I./Include/internal  -I. -I./Include    -DPy_BUILD_CORE -o Python/formatter_unicode.o Python/formatter_unicode.c
In file included from ./Include/Python.h:38,
                 from Python/formatter_unicode.c:5:
./Include/internal/pycore_gc.h: In function '_PyGCHead_NEXT':
./Include/pyport.h:24:31: warning: cast to pointer from integer of different size [-Wint-to-pointer-cast]
   24 | #define _Py_CAST(type, expr) ((type)(expr))
      |                               ^
./Include/internal/pycore_gc.h:60:12: note: in expansion of macro '_Py_CAST'
   60 |     return _Py_CAST(PyGC_Head*, next);
      |            ^~~~~~~~
./Include/internal/pycore_gc.h: In function '_PyGCHead_SET_NEXT':
./Include/pyport.h:24:31: warning: cast from pointer to integer of different size [-Wpointer-to-int-cast]
   24 | #define _Py_CAST(type, expr) ((type)(expr))
      |                               ^
./Include/internal/pycore_gc.h:63:20: note: in expansion of macro '_Py_CAST'
   63 |     gc->_gc_next = _Py_CAST(uintptr_t, next);
      |                    ^~~~~~~~
./Include/internal/pycore_gc.h: In function '_PyGCHead_PREV':
./Include/pyport.h:24:31: warning: cast to pointer from integer of different size [-Wint-to-pointer-cast]
   24 | #define _Py_CAST(type, expr) ((type)(expr))
      |                               ^
./Include/internal/pycore_gc.h:69:12: note: in expansion of macro '_Py_CAST'
   69 |     return _Py_CAST(PyGC_Head*, prev);
      |            ^~~~~~~~
./Include/internal/pycore_gc.h: In function '_PyGCHead_SET_PREV':
./Include/pyport.h:24:31: warning: cast from pointer to integer of different size [-Wpointer-to-int-cast]
   24 | #define _Py_CAST(type, expr) ((type)(expr))
      |                               ^
./Include/internal/pycore_gc.h:72:23: note: in expansion of macro '_Py_CAST'
   72 |     uintptr_t uprev = _Py_CAST(uintptr_t, prev);
      |                       ^~~~~~~~
In file included from ./Include/internal/pycore_atomic.h:15,
                 from ./Include/internal/pycore_runtime.h:12,
                 from ./Include/internal/pycore_long.h:12,
                 from Python/formatter_unicode.c:7:
./Include/internal/pycore_interp.h: In function '_PyInterpreterState_SetFinalizing':
./Include/internal/pycore_interp.h:253:52: warning: cast from pointer to integer of different size [-Wpointer-to-int-cast]
  253 |     _Py_atomic_store_relaxed(&interp->_finalizing, (uintptr_t)tstate);
      |                                                    ^
./Include/internal/pycore_atomic.h:550:5: note: in expansion of macro '_Py_atomic_store_explicit'
  550 |     _Py_atomic_store_explicit((ATOMIC_VAL), (NEW_VAL), _Py_memory_order_relaxed)
      |     ^~~~~~~~~~~~~~~~~~~~~~~~~
./Include/internal/pycore_interp.h:253:5: note: in expansion of macro '_Py_atomic_store_relaxed'
  253 |     _Py_atomic_store_relaxed(&interp->_finalizing, (uintptr_t)tstate);
      |     ^~~~~~~~~~~~~~~~~~~~~~~~
In file included from ./Include/internal/pycore_runtime.h:21:
./Include/internal/pycore_pymem.h: In function '_PyMem_IsPtrFreed':
./Include/internal/pycore_pymem.h:69:23: warning: cast from pointer to integer of different size [-Wpointer-to-int-cast]
   69 |     uintptr_t value = (uintptr_t)ptr;
      |                       ^
./Include/internal/pycore_runtime.h: In function '_PyRuntimeState_SetFinalizing':
./Include/internal/pycore_runtime.h:220:53: warning: cast from pointer to integer of different size [-Wpointer-to-int-cast]
  220 |     _Py_atomic_store_relaxed(&runtime->_finalizing, (uintptr_t)tstate);
      |                                                     ^
./Include/internal/pycore_atomic.h:550:5: note: in expansion of macro '_Py_atomic_store_explicit'
  550 |     _Py_atomic_store_explicit((ATOMIC_VAL), (NEW_VAL), _Py_memory_order_relaxed)
      |     ^~~~~~~~~~~~~~~~~~~~~~~~~
./Include/internal/pycore_runtime.h:220:5: note: in expansion of macro '_Py_atomic_store_relaxed'
  220 |     _Py_atomic_store_relaxed(&runtime->_finalizing, (uintptr_t)tstate);
      |     ^~~~~~~~~~~~~~~~~~~~~~~~
gcc -c -fno-strict-overflow -Wsign-compare -DNDEBUG -g -O3 -Wall    -std=c11 -Wextra -Wno-unused-parameter -Wno-missing-field-initializers -Wstrict-prototypes -Werror=implicit-function-declaration -fvisibility=hidden -include posixcompat.h -mabi=sysv  -I./Include/internal  -I. -I./Include    -DPy_BUILD_CORE -o Python/fileutils.o Python/fileutils.c
In file included from ./Include/Python.h:38,
                 from Python/fileutils.c:1:
./Include/internal/pycore_gc.h: In function '_PyGCHead_NEXT':
./Include/pyport.h:24:31: warning: cast to pointer from integer of different size [-Wint-to-pointer-cast]
   24 | #define _Py_CAST(type, expr) ((type)(expr))
      |                               ^
./Include/internal/pycore_gc.h:60:12: note: in expansion of macro '_Py_CAST'
   60 |     return _Py_CAST(PyGC_Head*, next);
      |            ^~~~~~~~
./Include/internal/pycore_gc.h: In function '_PyGCHead_SET_NEXT':
./Include/pyport.h:24:31: warning: cast from pointer to integer of different size [-Wpointer-to-int-cast]
   24 | #define _Py_CAST(type, expr) ((type)(expr))
      |                               ^
./Include/internal/pycore_gc.h:63:20: note: in expansion of macro '_Py_CAST'
   63 |     gc->_gc_next = _Py_CAST(uintptr_t, next);
      |                    ^~~~~~~~
./Include/internal/pycore_gc.h: In function '_PyGCHead_PREV':
./Include/pyport.h:24:31: warning: cast to pointer from integer of different size [-Wint-to-pointer-cast]
   24 | #define _Py_CAST(type, expr) ((type)(expr))
      |                               ^
./Include/internal/pycore_gc.h:69:12: note: in expansion of macro '_Py_CAST'
   69 |     return _Py_CAST(PyGC_Head*, prev);
      |            ^~~~~~~~
./Include/internal/pycore_gc.h: In function '_PyGCHead_SET_PREV':
./Include/pyport.h:24:31: warning: cast from pointer to integer of different size [-Wpointer-to-int-cast]
   24 | #define _Py_CAST(type, expr) ((type)(expr))
      |                               ^
./Include/internal/pycore_gc.h:72:23: note: in expansion of macro '_Py_CAST'
   72 |     uintptr_t uprev = _Py_CAST(uintptr_t, prev);
      |                       ^~~~~~~~
In file included from ./Include/internal/pycore_atomic.h:15,
                 from ./Include/internal/pycore_runtime.h:12,
                 from Python/fileutils.c:3:
./Include/internal/pycore_interp.h: In function '_PyInterpreterState_SetFinalizing':
./Include/internal/pycore_interp.h:253:52: warning: cast from pointer to integer of different size [-Wpointer-to-int-cast]
  253 |     _Py_atomic_store_relaxed(&interp->_finalizing, (uintptr_t)tstate);
      |                                                    ^
./Include/internal/pycore_atomic.h:550:5: note: in expansion of macro '_Py_atomic_store_explicit'
  550 |     _Py_atomic_store_explicit((ATOMIC_VAL), (NEW_VAL), _Py_memory_order_relaxed)
      |     ^~~~~~~~~~~~~~~~~~~~~~~~~
./Include/internal/pycore_interp.h:253:5: note: in expansion of macro '_Py_atomic_store_relaxed'
  253 |     _Py_atomic_store_relaxed(&interp->_finalizing, (uintptr_t)tstate);
      |     ^~~~~~~~~~~~~~~~~~~~~~~~
In file included from ./Include/internal/pycore_runtime.h:21:
./Include/internal/pycore_pymem.h: In function '_PyMem_IsPtrFreed':
./Include/internal/pycore_pymem.h:69:23: warning: cast from pointer to integer of different size [-Wpointer-to-int-cast]
   69 |     uintptr_t value = (uintptr_t)ptr;
      |                       ^
./Include/internal/pycore_runtime.h: In function '_PyRuntimeState_SetFinalizing':
./Include/internal/pycore_runtime.h:220:53: warning: cast from pointer to integer of different size [-Wpointer-to-int-cast]
  220 |     _Py_atomic_store_relaxed(&runtime->_finalizing, (uintptr_t)tstate);
      |                                                     ^
./Include/internal/pycore_atomic.h:550:5: note: in expansion of macro '_Py_atomic_store_explicit'
  550 |     _Py_atomic_store_explicit((ATOMIC_VAL), (NEW_VAL), _Py_memory_order_relaxed)
      |     ^~~~~~~~~~~~~~~~~~~~~~~~~
./Include/internal/pycore_runtime.h:220:5: note: in expansion of macro '_Py_atomic_store_relaxed'
  220 |     _Py_atomic_store_relaxed(&runtime->_finalizing, (uintptr_t)tstate);
      |     ^~~~~~~~~~~~~~~~~~~~~~~~
Python/fileutils.c: In function 'is_valid_wide_char':
Python/fileutils.c:128:12: warning: comparison is always false due to limited range of data type [-Wtype-limits]
  128 |     if (ch > MAX_UNICODE) {
      |            ^
gcc -c -fno-strict-overflow -Wsign-compare -DNDEBUG -g -O3 -Wall    -std=c11 -Wextra -Wno-unused-parameter -Wno-missing-field-initializers -Wstrict-prototypes -Werror=implicit-function-declaration -fvisibility=hidden -include posixcompat.h -mabi=sysv  -I./Include/internal  -I. -I./Include    -DPy_BUILD_CORE -o Python/suggestions.o Python/suggestions.c
In file included from ./Include/Python.h:38,
                 from Python/suggestions.c:1:
./Include/internal/pycore_gc.h: In function '_PyGCHead_NEXT':
./Include/pyport.h:24:31: warning: cast to pointer from integer of different size [-Wint-to-pointer-cast]
   24 | #define _Py_CAST(type, expr) ((type)(expr))
      |                               ^
./Include/internal/pycore_gc.h:60:12: note: in expansion of macro '_Py_CAST'
   60 |     return _Py_CAST(PyGC_Head*, next);
      |            ^~~~~~~~
./Include/internal/pycore_gc.h: In function '_PyGCHead_SET_NEXT':
./Include/pyport.h:24:31: warning: cast from pointer to integer of different size [-Wpointer-to-int-cast]
   24 | #define _Py_CAST(type, expr) ((type)(expr))
      |                               ^
./Include/internal/pycore_gc.h:63:20: note: in expansion of macro '_Py_CAST'
   63 |     gc->_gc_next = _Py_CAST(uintptr_t, next);
      |                    ^~~~~~~~
./Include/internal/pycore_gc.h: In function '_PyGCHead_PREV':
./Include/pyport.h:24:31: warning: cast to pointer from integer of different size [-Wint-to-pointer-cast]
   24 | #define _Py_CAST(type, expr) ((type)(expr))
      |                               ^
./Include/internal/pycore_gc.h:69:12: note: in expansion of macro '_Py_CAST'
   69 |     return _Py_CAST(PyGC_Head*, prev);
      |            ^~~~~~~~
./Include/internal/pycore_gc.h: In function '_PyGCHead_SET_PREV':
./Include/pyport.h:24:31: warning: cast from pointer to integer of different size [-Wpointer-to-int-cast]
   24 | #define _Py_CAST(type, expr) ((type)(expr))
      |                               ^
./Include/internal/pycore_gc.h:72:23: note: in expansion of macro '_Py_CAST'
   72 |     uintptr_t uprev = _Py_CAST(uintptr_t, prev);
      |                       ^~~~~~~~
In file included from ./Include/internal/pycore_atomic.h:15,
                 from ./Include/internal/pycore_runtime.h:12,
                 from Python/suggestions.c:3:
./Include/internal/pycore_interp.h: In function '_PyInterpreterState_SetFinalizing':
./Include/internal/pycore_interp.h:253:52: warning: cast from pointer to integer of different size [-Wpointer-to-int-cast]
  253 |     _Py_atomic_store_relaxed(&interp->_finalizing, (uintptr_t)tstate);
      |                                                    ^
./Include/internal/pycore_atomic.h:550:5: note: in expansion of macro '_Py_atomic_store_explicit'
  550 |     _Py_atomic_store_explicit((ATOMIC_VAL), (NEW_VAL), _Py_memory_order_relaxed)
      |     ^~~~~~~~~~~~~~~~~~~~~~~~~
./Include/internal/pycore_interp.h:253:5: note: in expansion of macro '_Py_atomic_store_relaxed'
  253 |     _Py_atomic_store_relaxed(&interp->_finalizing, (uintptr_t)tstate);
      |     ^~~~~~~~~~~~~~~~~~~~~~~~
In file included from ./Include/internal/pycore_runtime.h:21:
./Include/internal/pycore_pymem.h: In function '_PyMem_IsPtrFreed':
./Include/internal/pycore_pymem.h:69:23: warning: cast from pointer to integer of different size [-Wpointer-to-int-cast]
   69 |     uintptr_t value = (uintptr_t)ptr;
      |                       ^
./Include/internal/pycore_runtime.h: In function '_PyRuntimeState_SetFinalizing':
./Include/internal/pycore_runtime.h:220:53: warning: cast from pointer to integer of different size [-Wpointer-to-int-cast]
  220 |     _Py_atomic_store_relaxed(&runtime->_finalizing, (uintptr_t)tstate);
      |                                                     ^
./Include/internal/pycore_atomic.h:550:5: note: in expansion of macro '_Py_atomic_store_explicit'
  550 |     _Py_atomic_store_explicit((ATOMIC_VAL), (NEW_VAL), _Py_memory_order_relaxed)
      |     ^~~~~~~~~~~~~~~~~~~~~~~~~
./Include/internal/pycore_runtime.h:220:5: note: in expansion of macro '_Py_atomic_store_relaxed'
  220 |     _Py_atomic_store_relaxed(&runtime->_finalizing, (uintptr_t)tstate);
      |     ^~~~~~~~~~~~~~~~~~~~~~~~
gcc -c -fno-strict-overflow -Wsign-compare -DNDEBUG -g -O3 -Wall    -std=c11 -Wextra -Wno-unused-parameter -Wno-missing-field-initializers -Wstrict-prototypes -Werror=implicit-function-declaration -fvisibility=hidden -include posixcompat.h -mabi=sysv  -I./Include/internal  -I. -I./Include    -DPy_BUILD_CORE -o Python/perf_trampoline.o Python/perf_trampoline.c
In file included from ./Include/Python.h:38,
                 from Python/perf_trampoline.c:132:
./Include/internal/pycore_gc.h: In function '_PyGCHead_NEXT':
./Include/pyport.h:24:31: warning: cast to pointer from integer of different size [-Wint-to-pointer-cast]
   24 | #define _Py_CAST(type, expr) ((type)(expr))
      |                               ^
./Include/internal/pycore_gc.h:60:12: note: in expansion of macro '_Py_CAST'
   60 |     return _Py_CAST(PyGC_Head*, next);
      |            ^~~~~~~~
./Include/internal/pycore_gc.h: In function '_PyGCHead_SET_NEXT':
./Include/pyport.h:24:31: warning: cast from pointer to integer of different size [-Wpointer-to-int-cast]
   24 | #define _Py_CAST(type, expr) ((type)(expr))
      |                               ^
./Include/internal/pycore_gc.h:63:20: note: in expansion of macro '_Py_CAST'
   63 |     gc->_gc_next = _Py_CAST(uintptr_t, next);
      |                    ^~~~~~~~
./Include/internal/pycore_gc.h: In function '_PyGCHead_PREV':
./Include/pyport.h:24:31: warning: cast to pointer from integer of different size [-Wint-to-pointer-cast]
   24 | #define _Py_CAST(type, expr) ((type)(expr))
      |                               ^
./Include/internal/pycore_gc.h:69:12: note: in expansion of macro '_Py_CAST'
   69 |     return _Py_CAST(PyGC_Head*, prev);
      |            ^~~~~~~~
./Include/internal/pycore_gc.h: In function '_PyGCHead_SET_PREV':
./Include/pyport.h:24:31: warning: cast from pointer to integer of different size [-Wpointer-to-int-cast]
   24 | #define _Py_CAST(type, expr) ((type)(expr))
      |                               ^
./Include/internal/pycore_gc.h:72:23: note: in expansion of macro '_Py_CAST'
   72 |     uintptr_t uprev = _Py_CAST(uintptr_t, prev);
      |                       ^~~~~~~~
In file included from ./Include/internal/pycore_atomic.h:15,
                 from ./Include/internal/pycore_interp.h:15,
                 from ./Include/internal/pycore_ceval.h:19,
                 from Python/perf_trampoline.c:133:
./Include/internal/pycore_interp.h: In function '_PyInterpreterState_SetFinalizing':
./Include/internal/pycore_interp.h:253:52: warning: cast from pointer to integer of different size [-Wpointer-to-int-cast]
  253 |     _Py_atomic_store_relaxed(&interp->_finalizing, (uintptr_t)tstate);
      |                                                    ^
./Include/internal/pycore_atomic.h:550:5: note: in expansion of macro '_Py_atomic_store_explicit'
  550 |     _Py_atomic_store_explicit((ATOMIC_VAL), (NEW_VAL), _Py_memory_order_relaxed)
      |     ^~~~~~~~~~~~~~~~~~~~~~~~~
./Include/internal/pycore_interp.h:253:5: note: in expansion of macro '_Py_atomic_store_relaxed'
  253 |     _Py_atomic_store_relaxed(&interp->_finalizing, (uintptr_t)tstate);
      |     ^~~~~~~~~~~~~~~~~~~~~~~~
In file included from ./Include/internal/pycore_runtime.h:21,
                 from ./Include/internal/pycore_pystate.h:11,
                 from ./Include/internal/pycore_ceval.h:20:
./Include/internal/pycore_pymem.h: In function '_PyMem_IsPtrFreed':
./Include/internal/pycore_pymem.h:69:23: warning: cast from pointer to integer of different size [-Wpointer-to-int-cast]
   69 |     uintptr_t value = (uintptr_t)ptr;
      |                       ^
./Include/internal/pycore_runtime.h: In function '_PyRuntimeState_SetFinalizing':
./Include/internal/pycore_runtime.h:220:53: warning: cast from pointer to integer of different size [-Wpointer-to-int-cast]
  220 |     _Py_atomic_store_relaxed(&runtime->_finalizing, (uintptr_t)tstate);
      |                                                     ^
./Include/internal/pycore_atomic.h:550:5: note: in expansion of macro '_Py_atomic_store_explicit'
  550 |     _Py_atomic_store_explicit((ATOMIC_VAL), (NEW_VAL), _Py_memory_order_relaxed)
      |     ^~~~~~~~~~~~~~~~~~~~~~~~~
./Include/internal/pycore_runtime.h:220:5: note: in expansion of macro '_Py_atomic_store_relaxed'
  220 |     _Py_atomic_store_relaxed(&runtime->_finalizing, (uintptr_t)tstate);
      |     ^~~~~~~~~~~~~~~~~~~~~~~~
gcc -c -fno-strict-overflow -Wsign-compare -DNDEBUG -g -O3 -Wall    -std=c11 -Wextra -Wno-unused-parameter -Wno-missing-field-initializers -Wstrict-prototypes -Werror=implicit-function-declaration -fvisibility=hidden -include posixcompat.h -mabi=sysv  -I./Include/internal  -I. -I./Include    -DPy_BUILD_CORE -o Python/dynload_stub.o Python/dynload_stub.c
gcc -c -fno-strict-overflow -Wsign-compare -DNDEBUG -g -O3 -Wall    -std=c11 -Wextra -Wno-unused-parameter -Wno-missing-field-initializers -Wstrict-prototypes -Werror=implicit-function-declaration -fvisibility=hidden -include posixcompat.h -mabi=sysv  -I./Include/internal  -I. -I./Include    -DPy_BUILD_CORE -o Modules/config.o Modules/config.c
gcc -c -fno-strict-overflow -Wsign-compare -DNDEBUG -g -O3 -Wall    -std=c11 -Wextra -Wno-unused-parameter -Wno-missing-field-initializers -Wstrict-prototypes -Werror=implicit-function-declaration -fvisibility=hidden -include posixcompat.h -mabi=sysv  -I./Include/internal  -I. -I./Include    -DPy_BUILD_CORE -o Modules/main.o Modules/main.c
In file included from ./Include/Python.h:38,
                 from Modules/main.c:3:
./Include/internal/pycore_gc.h: In function '_PyGCHead_NEXT':
./Include/pyport.h:24:31: warning: cast to pointer from integer of different size [-Wint-to-pointer-cast]
   24 | #define _Py_CAST(type, expr) ((type)(expr))
      |                               ^
./Include/internal/pycore_gc.h:60:12: note: in expansion of macro '_Py_CAST'
   60 |     return _Py_CAST(PyGC_Head*, next);
      |            ^~~~~~~~
./Include/internal/pycore_gc.h: In function '_PyGCHead_SET_NEXT':
./Include/pyport.h:24:31: warning: cast from pointer to integer of different size [-Wpointer-to-int-cast]
   24 | #define _Py_CAST(type, expr) ((type)(expr))
      |                               ^
./Include/internal/pycore_gc.h:63:20: note: in expansion of macro '_Py_CAST'
   63 |     gc->_gc_next = _Py_CAST(uintptr_t, next);
      |                    ^~~~~~~~
./Include/internal/pycore_gc.h: In function '_PyGCHead_PREV':
./Include/pyport.h:24:31: warning: cast to pointer from integer of different size [-Wint-to-pointer-cast]
   24 | #define _Py_CAST(type, expr) ((type)(expr))
      |                               ^
./Include/internal/pycore_gc.h:69:12: note: in expansion of macro '_Py_CAST'
   69 |     return _Py_CAST(PyGC_Head*, prev);
      |            ^~~~~~~~
./Include/internal/pycore_gc.h: In function '_PyGCHead_SET_PREV':
./Include/pyport.h:24:31: warning: cast from pointer to integer of different size [-Wpointer-to-int-cast]
   24 | #define _Py_CAST(type, expr) ((type)(expr))
      |                               ^
./Include/internal/pycore_gc.h:72:23: note: in expansion of macro '_Py_CAST'
   72 |     uintptr_t uprev = _Py_CAST(uintptr_t, prev);
      |                       ^~~~~~~~
In file included from ./Include/internal/pycore_atomic.h:15,
                 from ./Include/internal/pycore_runtime.h:12,
                 from ./Include/internal/pycore_pystate.h:11,
                 from ./Include/internal/pycore_call.h:11,
                 from Modules/main.c:4:
./Include/internal/pycore_interp.h: In function '_PyInterpreterState_SetFinalizing':
./Include/internal/pycore_interp.h:253:52: warning: cast from pointer to integer of different size [-Wpointer-to-int-cast]
  253 |     _Py_atomic_store_relaxed(&interp->_finalizing, (uintptr_t)tstate);
      |                                                    ^
./Include/internal/pycore_atomic.h:550:5: note: in expansion of macro '_Py_atomic_store_explicit'
  550 |     _Py_atomic_store_explicit((ATOMIC_VAL), (NEW_VAL), _Py_memory_order_relaxed)
      |     ^~~~~~~~~~~~~~~~~~~~~~~~~
./Include/internal/pycore_interp.h:253:5: note: in expansion of macro '_Py_atomic_store_relaxed'
  253 |     _Py_atomic_store_relaxed(&interp->_finalizing, (uintptr_t)tstate);
      |     ^~~~~~~~~~~~~~~~~~~~~~~~
In file included from ./Include/internal/pycore_runtime.h:21:
./Include/internal/pycore_pymem.h: In function '_PyMem_IsPtrFreed':
./Include/internal/pycore_pymem.h:69:23: warning: cast from pointer to integer of different size [-Wpointer-to-int-cast]
   69 |     uintptr_t value = (uintptr_t)ptr;
      |                       ^
./Include/internal/pycore_runtime.h: In function '_PyRuntimeState_SetFinalizing':
./Include/internal/pycore_runtime.h:220:53: warning: cast from pointer to integer of different size [-Wpointer-to-int-cast]
  220 |     _Py_atomic_store_relaxed(&runtime->_finalizing, (uintptr_t)tstate);
      |                                                     ^
./Include/internal/pycore_atomic.h:550:5: note: in expansion of macro '_Py_atomic_store_explicit'
  550 |     _Py_atomic_store_explicit((ATOMIC_VAL), (NEW_VAL), _Py_memory_order_relaxed)
      |     ^~~~~~~~~~~~~~~~~~~~~~~~~
./Include/internal/pycore_runtime.h:220:5: note: in expansion of macro '_Py_atomic_store_relaxed'
  220 |     _Py_atomic_store_relaxed(&runtime->_finalizing, (uintptr_t)tstate);
      |     ^~~~~~~~~~~~~~~~~~~~~~~~
gcc -c -fno-strict-overflow -Wsign-compare -DNDEBUG -g -O3 -Wall    -std=c11 -Wextra -Wno-unused-parameter -Wno-missing-field-initializers -Wstrict-prototypes -Werror=implicit-function-declaration -fvisibility=hidden -include posixcompat.h -mabi=sysv  -I./Include/internal  -I. -I./Include    -DPy_BUILD_CORE -o Modules/gcmodule.o Modules/gcmodule.c
In file included from ./Include/Python.h:38,
                 from Modules/gcmodule.c:26:
./Include/internal/pycore_gc.h: In function '_PyGCHead_NEXT':
./Include/pyport.h:24:31: warning: cast to pointer from integer of different size [-Wint-to-pointer-cast]
   24 | #define _Py_CAST(type, expr) ((type)(expr))
      |                               ^
./Include/internal/pycore_gc.h:60:12: note: in expansion of macro '_Py_CAST'
   60 |     return _Py_CAST(PyGC_Head*, next);
      |            ^~~~~~~~
./Include/internal/pycore_gc.h: In function '_PyGCHead_SET_NEXT':
./Include/pyport.h:24:31: warning: cast from pointer to integer of different size [-Wpointer-to-int-cast]
   24 | #define _Py_CAST(type, expr) ((type)(expr))
      |                               ^
./Include/internal/pycore_gc.h:63:20: note: in expansion of macro '_Py_CAST'
   63 |     gc->_gc_next = _Py_CAST(uintptr_t, next);
      |                    ^~~~~~~~
./Include/internal/pycore_gc.h: In function '_PyGCHead_PREV':
./Include/pyport.h:24:31: warning: cast to pointer from integer of different size [-Wint-to-pointer-cast]
   24 | #define _Py_CAST(type, expr) ((type)(expr))
      |                               ^
./Include/internal/pycore_gc.h:69:12: note: in expansion of macro '_Py_CAST'
   69 |     return _Py_CAST(PyGC_Head*, prev);
      |            ^~~~~~~~
./Include/internal/pycore_gc.h: In function '_PyGCHead_SET_PREV':
./Include/pyport.h:24:31: warning: cast from pointer to integer of different size [-Wpointer-to-int-cast]
   24 | #define _Py_CAST(type, expr) ((type)(expr))
      |                               ^
./Include/internal/pycore_gc.h:72:23: note: in expansion of macro '_Py_CAST'
   72 |     uintptr_t uprev = _Py_CAST(uintptr_t, prev);
      |                       ^~~~~~~~
In file included from ./Include/internal/pycore_atomic.h:15,
                 from ./Include/internal/pycore_interp.h:15,
                 from Modules/gcmodule.c:29:
./Include/internal/pycore_interp.h: In function '_PyInterpreterState_SetFinalizing':
./Include/internal/pycore_interp.h:253:52: warning: cast from pointer to integer of different size [-Wpointer-to-int-cast]
  253 |     _Py_atomic_store_relaxed(&interp->_finalizing, (uintptr_t)tstate);
      |                                                    ^
./Include/internal/pycore_atomic.h:550:5: note: in expansion of macro '_Py_atomic_store_explicit'
  550 |     _Py_atomic_store_explicit((ATOMIC_VAL), (NEW_VAL), _Py_memory_order_relaxed)
      |     ^~~~~~~~~~~~~~~~~~~~~~~~~
./Include/internal/pycore_interp.h:253:5: note: in expansion of macro '_Py_atomic_store_relaxed'
  253 |     _Py_atomic_store_relaxed(&interp->_finalizing, (uintptr_t)tstate);
      |     ^~~~~~~~~~~~~~~~~~~~~~~~
In file included from ./Include/internal/pycore_runtime.h:21,
                 from ./Include/internal/pycore_pystate.h:11,
                 from ./Include/internal/pycore_object.h:14,
                 from Modules/gcmodule.c:30:
./Include/internal/pycore_pymem.h: In function '_PyMem_IsPtrFreed':
./Include/internal/pycore_pymem.h:69:23: warning: cast from pointer to integer of different size [-Wpointer-to-int-cast]
   69 |     uintptr_t value = (uintptr_t)ptr;
      |                       ^
./Include/internal/pycore_runtime.h: In function '_PyRuntimeState_SetFinalizing':
./Include/internal/pycore_runtime.h:220:53: warning: cast from pointer to integer of different size [-Wpointer-to-int-cast]
  220 |     _Py_atomic_store_relaxed(&runtime->_finalizing, (uintptr_t)tstate);
      |                                                     ^
./Include/internal/pycore_atomic.h:550:5: note: in expansion of macro '_Py_atomic_store_explicit'
  550 |     _Py_atomic_store_explicit((ATOMIC_VAL), (NEW_VAL), _Py_memory_order_relaxed)
      |     ^~~~~~~~~~~~~~~~~~~~~~~~~
./Include/internal/pycore_runtime.h:220:5: note: in expansion of macro '_Py_atomic_store_relaxed'
  220 |     _Py_atomic_store_relaxed(&runtime->_finalizing, (uintptr_t)tstate);
      |     ^~~~~~~~~~~~~~~~~~~~~~~~
./Include/internal/pycore_object.h: In function '_PyObject_GC_TRACK':
./Include/internal/pycore_object.h:227:23: warning: cast to pointer from integer of different size [-Wint-to-pointer-cast]
  227 |     PyGC_Head *last = (PyGC_Head*)(generation0->_gc_prev);
      |                       ^
./Include/internal/pycore_object.h:231:29: warning: cast from pointer to integer of different size [-Wpointer-to-int-cast]
  231 |     generation0->_gc_prev = (uintptr_t)gc;
      |                             ^
./Include/internal/pycore_object.h: In function '_PyDictOrValues_IsValues':
./Include/internal/pycore_object.h:394:13: warning: cast from pointer to integer of different size [-Wpointer-to-int-cast]
  394 |     return ((uintptr_t)dorv.values) & 1;
      |             ^
Modules/gcmodule.c: In function '_PyGC_InitState':
Modules/gcmodule.c:144:29: warning: cast from pointer to integer of different size [-Wpointer-to-int-cast]
  144 |         GEN.head._gc_next = (uintptr_t)&GEN.head; \
      |                             ^
Modules/gcmodule.c:150:9: note: in expansion of macro 'INIT_HEAD'
  150 |         INIT_HEAD(gcstate->generations[i]);
      |         ^~~~~~~~~
Modules/gcmodule.c:145:29: warning: cast from pointer to integer of different size [-Wpointer-to-int-cast]
  145 |         GEN.head._gc_prev = (uintptr_t)&GEN.head; \
      |                             ^
Modules/gcmodule.c:150:9: note: in expansion of macro 'INIT_HEAD'
  150 |         INIT_HEAD(gcstate->generations[i]);
      |         ^~~~~~~~~
Modules/gcmodule.c:144:29: warning: cast from pointer to integer of different size [-Wpointer-to-int-cast]
  144 |         GEN.head._gc_next = (uintptr_t)&GEN.head; \
      |                             ^
Modules/gcmodule.c:153:5: note: in expansion of macro 'INIT_HEAD'
  153 |     INIT_HEAD(gcstate->permanent_generation);
      |     ^~~~~~~~~
Modules/gcmodule.c:145:29: warning: cast from pointer to integer of different size [-Wpointer-to-int-cast]
  145 |         GEN.head._gc_prev = (uintptr_t)&GEN.head; \
      |                             ^
Modules/gcmodule.c:153:5: note: in expansion of macro 'INIT_HEAD'
  153 |     INIT_HEAD(gcstate->permanent_generation);
      |     ^~~~~~~~~
Modules/gcmodule.c: In function 'gc_list_init':
Modules/gcmodule.c:236:22: warning: cast from pointer to integer of different size [-Wpointer-to-int-cast]
  236 |     list->_gc_prev = (uintptr_t)list;
      |                      ^
Modules/gcmodule.c:237:22: warning: cast from pointer to integer of different size [-Wpointer-to-int-cast]
  237 |     list->_gc_next = (uintptr_t)list;
      |                      ^
Modules/gcmodule.c: In function 'gc_list_is_empty':
Modules/gcmodule.c:243:31: warning: cast from pointer to integer of different size [-Wpointer-to-int-cast]
  243 |     return (list->_gc_next == (uintptr_t)list);
      |                               ^
Modules/gcmodule.c: In function 'gc_list_append':
Modules/gcmodule.c:250:23: warning: cast to pointer from integer of different size [-Wint-to-pointer-cast]
  250 |     PyGC_Head *last = (PyGC_Head *)list->_gc_prev;
      |                       ^
Modules/gcmodule.c:258:22: warning: cast from pointer to integer of different size [-Wpointer-to-int-cast]
  258 |     list->_gc_prev = (uintptr_t)node;
      |                      ^
Modules/gcmodule.c: In function 'gc_list_move':
Modules/gcmodule.c:289:26: warning: cast to pointer from integer of different size [-Wint-to-pointer-cast]
  289 |     PyGC_Head *to_prev = (PyGC_Head*)list->_gc_prev;
      |                          ^
Modules/gcmodule.c:292:22: warning: cast from pointer to integer of different size [-Wpointer-to-int-cast]
  292 |     list->_gc_prev = (uintptr_t)node;
      |                      ^
Modules/gcmodule.c: In function 'visit_reachable':
Modules/gcmodule.c:529:27: warning: cast to pointer from integer of different size [-Wint-to-pointer-cast]
  529 |         PyGC_Head *next = (PyGC_Head*)(gc->_gc_next & ~NEXT_MASK_UNREACHABLE);
      |                           ^
Modules/gcmodule.c: In function 'move_unreachable':
Modules/gcmodule.c:631:55: warning: cast from pointer to integer of different size [-Wpointer-to-int-cast]
  631 |             last->_gc_next = (NEXT_MASK_UNREACHABLE | (uintptr_t)gc);
      |                                                       ^
Modules/gcmodule.c:633:53: warning: cast from pointer to integer of different size [-Wpointer-to-int-cast]
  633 |             gc->_gc_next = (NEXT_MASK_UNREACHABLE | (uintptr_t)unreachable);
      |                                                     ^
Modules/gcmodule.c:634:37: warning: cast from pointer to integer of different size [-Wpointer-to-int-cast]
  634 |             unreachable->_gc_prev = (uintptr_t)gc;
      |                                     ^
Modules/gcmodule.c:636:14: warning: cast to pointer from integer of different size [-Wint-to-pointer-cast]
  636 |         gc = (PyGC_Head*)prev->_gc_next;
      |              ^
Modules/gcmodule.c:639:23: warning: cast from pointer to integer of different size [-Wpointer-to-int-cast]
  639 |     young->_gc_prev = (uintptr_t)prev;
      |                       ^
Modules/gcmodule.c: In function 'move_legacy_finalizers':
Modules/gcmodule.c:699:16: warning: cast to pointer from integer of different size [-Wint-to-pointer-cast]
  699 |         next = (PyGC_Head*)gc->_gc_next;
      |                ^
Modules/gcmodule.c: In function 'clear_unreachable_mask':
Modules/gcmodule.c:719:16: warning: cast to pointer from integer of different size [-Wint-to-pointer-cast]
  719 |         next = (PyGC_Head*)gc->_gc_next;
      |                ^
Modules/gcmodule.c: In function 'handle_weakrefs':
Modules/gcmodule.c:891:14: warning: cast to pointer from integer of different size [-Wint-to-pointer-cast]
  891 |         gc = (PyGC_Head*)wrcb_to_call._gc_next;
      |              ^
Modules/gcmodule.c:917:38: warning: cast from pointer to integer of different size [-Wpointer-to-int-cast]
  917 |         if (wrcb_to_call._gc_next == (uintptr_t)gc) {
      |                                      ^
Modules/gcmodule.c: In function 'show_stats_each_generations':
Modules/gcmodule.c:1070:33: warning: unknown conversion type character 'z' in format [-Wformat=]
 1070 |                              " %zd",
      |                                 ^
Modules/gcmodule.c:1070:30: warning: too many arguments for format [-Wformat-extra-args]
 1070 |                              " %zd",
      |                              ^~~~~~
Modules/gcmodule.c: In function 'gc_collect_main':
Modules/gcmodule.c:1315:25: warning: unknown conversion type character 'z' in format [-Wformat=]
 1315 |             "gc: done, %zd unreachable, %zd uncollectable, %.4fs elapsed\n",
      |                         ^
Modules/gcmodule.c:1315:42: warning: unknown conversion type character 'z' in format [-Wformat=]
 1315 |             "gc: done, %zd unreachable, %zd uncollectable, %.4fs elapsed\n",
      |                                          ^
Modules/gcmodule.c:1315:63: warning: format '%f' expects argument of type 'double', but argument 2 has type 'Py_ssize_t' {aka 'int'} [-Wformat=]
 1315 |             "gc: done, %zd unreachable, %zd uncollectable, %.4fs elapsed\n",
      |                                                            ~~~^
      |                                                               |
      |                                                               double
      |                                                            %.4d
 1316 |             n+m, n, d);
      |             ~~~                                                
      |              |
      |              Py_ssize_t {aka int}
Modules/gcmodule.c:1315:13: warning: too many arguments for format [-Wformat-extra-args]
 1315 |             "gc: done, %zd unreachable, %zd uncollectable, %.4fs elapsed\n",
      |             ^~~~~~~~~~~~~~~~~~~~~~~~~~~~~~~~~~~~~~~~~~~~~~~~~~~~~~~~~~~~~~~
gcc  -fno-strict-overflow -Wsign-compare -DNDEBUG -g -O3 -Wall    -std=c11 -Wextra -Wno-unused-parameter -Wno-missing-field-initializers -Wstrict-prototypes -Werror=implicit-function-declaration -fvisibility=hidden -include posixcompat.h -mabi=sysv  -I./Include/internal  -I. -I./Include    -DPy_BUILD_CORE_BUILTIN -c ./Modules/atexitmodule.c -o Modules/atexitmodule.o
In file included from ./Include/Python.h:38,
                 from ./Modules/atexitmodule.c:9:
./Include/internal/pycore_gc.h: In function '_PyGCHead_NEXT':
./Include/pyport.h:24:31: warning: cast to pointer from integer of different size [-Wint-to-pointer-cast]
   24 | #define _Py_CAST(type, expr) ((type)(expr))
      |                               ^
./Include/internal/pycore_gc.h:60:12: note: in expansion of macro '_Py_CAST'
   60 |     return _Py_CAST(PyGC_Head*, next);
      |            ^~~~~~~~
./Include/internal/pycore_gc.h: In function '_PyGCHead_SET_NEXT':
./Include/pyport.h:24:31: warning: cast from pointer to integer of different size [-Wpointer-to-int-cast]
   24 | #define _Py_CAST(type, expr) ((type)(expr))
      |                               ^
./Include/internal/pycore_gc.h:63:20: note: in expansion of macro '_Py_CAST'
   63 |     gc->_gc_next = _Py_CAST(uintptr_t, next);
      |                    ^~~~~~~~
./Include/internal/pycore_gc.h: In function '_PyGCHead_PREV':
./Include/pyport.h:24:31: warning: cast to pointer from integer of different size [-Wint-to-pointer-cast]
   24 | #define _Py_CAST(type, expr) ((type)(expr))
      |                               ^
./Include/internal/pycore_gc.h:69:12: note: in expansion of macro '_Py_CAST'
   69 |     return _Py_CAST(PyGC_Head*, prev);
      |            ^~~~~~~~
./Include/internal/pycore_gc.h: In function '_PyGCHead_SET_PREV':
./Include/pyport.h:24:31: warning: cast from pointer to integer of different size [-Wpointer-to-int-cast]
   24 | #define _Py_CAST(type, expr) ((type)(expr))
      |                               ^
./Include/internal/pycore_gc.h:72:23: note: in expansion of macro '_Py_CAST'
   72 |     uintptr_t uprev = _Py_CAST(uintptr_t, prev);
      |                       ^~~~~~~~
In file included from ./Include/internal/pycore_atomic.h:15,
                 from ./Include/internal/pycore_interp.h:15,
                 from ./Modules/atexitmodule.c:12:
./Include/internal/pycore_interp.h: In function '_PyInterpreterState_SetFinalizing':
./Include/internal/pycore_interp.h:253:52: warning: cast from pointer to integer of different size [-Wpointer-to-int-cast]
  253 |     _Py_atomic_store_relaxed(&interp->_finalizing, (uintptr_t)tstate);
      |                                                    ^
./Include/internal/pycore_atomic.h:550:5: note: in expansion of macro '_Py_atomic_store_explicit'
  550 |     _Py_atomic_store_explicit((ATOMIC_VAL), (NEW_VAL), _Py_memory_order_relaxed)
      |     ^~~~~~~~~~~~~~~~~~~~~~~~~
./Include/internal/pycore_interp.h:253:5: note: in expansion of macro '_Py_atomic_store_relaxed'
  253 |     _Py_atomic_store_relaxed(&interp->_finalizing, (uintptr_t)tstate);
      |     ^~~~~~~~~~~~~~~~~~~~~~~~
In file included from ./Include/internal/pycore_runtime.h:21,
                 from ./Include/internal/pycore_pystate.h:11,
                 from ./Modules/atexitmodule.c:13:
./Include/internal/pycore_pymem.h: In function '_PyMem_IsPtrFreed':
./Include/internal/pycore_pymem.h:69:23: warning: cast from pointer to integer of different size [-Wpointer-to-int-cast]
   69 |     uintptr_t value = (uintptr_t)ptr;
      |                       ^
./Include/internal/pycore_runtime.h: In function '_PyRuntimeState_SetFinalizing':
./Include/internal/pycore_runtime.h:220:53: warning: cast from pointer to integer of different size [-Wpointer-to-int-cast]
  220 |     _Py_atomic_store_relaxed(&runtime->_finalizing, (uintptr_t)tstate);
      |                                                     ^
./Include/internal/pycore_atomic.h:550:5: note: in expansion of macro '_Py_atomic_store_explicit'
  550 |     _Py_atomic_store_explicit((ATOMIC_VAL), (NEW_VAL), _Py_memory_order_relaxed)
      |     ^~~~~~~~~~~~~~~~~~~~~~~~~
./Include/internal/pycore_runtime.h:220:5: note: in expansion of macro '_Py_atomic_store_relaxed'
  220 |     _Py_atomic_store_relaxed(&runtime->_finalizing, (uintptr_t)tstate);
      |     ^~~~~~~~~~~~~~~~~~~~~~~~
gcc  -fno-strict-overflow -Wsign-compare -DNDEBUG -g -O3 -Wall    -std=c11 -Wextra -Wno-unused-parameter -Wno-missing-field-initializers -Wstrict-prototypes -Werror=implicit-function-declaration -fvisibility=hidden -include posixcompat.h -mabi=sysv  -I./Include/internal  -I. -I./Include    -DPy_BUILD_CORE_BUILTIN -c ./Modules/faulthandler.c -o Modules/faulthandler.o
In file included from ./Include/Python.h:38,
                 from ./Modules/faulthandler.c:1:
./Include/internal/pycore_gc.h: In function '_PyGCHead_NEXT':
./Include/pyport.h:24:31: warning: cast to pointer from integer of different size [-Wint-to-pointer-cast]
   24 | #define _Py_CAST(type, expr) ((type)(expr))
      |                               ^
./Include/internal/pycore_gc.h:60:12: note: in expansion of macro '_Py_CAST'
   60 |     return _Py_CAST(PyGC_Head*, next);
      |            ^~~~~~~~
./Include/internal/pycore_gc.h: In function '_PyGCHead_SET_NEXT':
./Include/pyport.h:24:31: warning: cast from pointer to integer of different size [-Wpointer-to-int-cast]
   24 | #define _Py_CAST(type, expr) ((type)(expr))
      |                               ^
./Include/internal/pycore_gc.h:63:20: note: in expansion of macro '_Py_CAST'
   63 |     gc->_gc_next = _Py_CAST(uintptr_t, next);
      |                    ^~~~~~~~
./Include/internal/pycore_gc.h: In function '_PyGCHead_PREV':
./Include/pyport.h:24:31: warning: cast to pointer from integer of different size [-Wint-to-pointer-cast]
   24 | #define _Py_CAST(type, expr) ((type)(expr))
      |                               ^
./Include/internal/pycore_gc.h:69:12: note: in expansion of macro '_Py_CAST'
   69 |     return _Py_CAST(PyGC_Head*, prev);
      |            ^~~~~~~~
./Include/internal/pycore_gc.h: In function '_PyGCHead_SET_PREV':
./Include/pyport.h:24:31: warning: cast from pointer to integer of different size [-Wpointer-to-int-cast]
   24 | #define _Py_CAST(type, expr) ((type)(expr))
      |                               ^
./Include/internal/pycore_gc.h:72:23: note: in expansion of macro '_Py_CAST'
   72 |     uintptr_t uprev = _Py_CAST(uintptr_t, prev);
      |                       ^~~~~~~~
In file included from ./Include/internal/pycore_atomic.h:15,
                 from ./Include/internal/pycore_runtime.h:12,
                 from ./Include/internal/pycore_pystate.h:11,
                 from ./Modules/faulthandler.c:4:
./Include/internal/pycore_interp.h: In function '_PyInterpreterState_SetFinalizing':
./Include/internal/pycore_interp.h:253:52: warning: cast from pointer to integer of different size [-Wpointer-to-int-cast]
  253 |     _Py_atomic_store_relaxed(&interp->_finalizing, (uintptr_t)tstate);
      |                                                    ^
./Include/internal/pycore_atomic.h:550:5: note: in expansion of macro '_Py_atomic_store_explicit'
  550 |     _Py_atomic_store_explicit((ATOMIC_VAL), (NEW_VAL), _Py_memory_order_relaxed)
      |     ^~~~~~~~~~~~~~~~~~~~~~~~~
./Include/internal/pycore_interp.h:253:5: note: in expansion of macro '_Py_atomic_store_relaxed'
  253 |     _Py_atomic_store_relaxed(&interp->_finalizing, (uintptr_t)tstate);
      |     ^~~~~~~~~~~~~~~~~~~~~~~~
In file included from ./Include/internal/pycore_runtime.h:21:
./Include/internal/pycore_pymem.h: In function '_PyMem_IsPtrFreed':
./Include/internal/pycore_pymem.h:69:23: warning: cast from pointer to integer of different size [-Wpointer-to-int-cast]
   69 |     uintptr_t value = (uintptr_t)ptr;
      |                       ^
./Include/internal/pycore_runtime.h: In function '_PyRuntimeState_SetFinalizing':
./Include/internal/pycore_runtime.h:220:53: warning: cast from pointer to integer of different size [-Wpointer-to-int-cast]
  220 |     _Py_atomic_store_relaxed(&runtime->_finalizing, (uintptr_t)tstate);
      |                                                     ^
./Include/internal/pycore_atomic.h:550:5: note: in expansion of macro '_Py_atomic_store_explicit'
  550 |     _Py_atomic_store_explicit((ATOMIC_VAL), (NEW_VAL), _Py_memory_order_relaxed)
      |     ^~~~~~~~~~~~~~~~~~~~~~~~~
./Include/internal/pycore_runtime.h:220:5: note: in expansion of macro '_Py_atomic_store_relaxed'
  220 |     _Py_atomic_store_relaxed(&runtime->_finalizing, (uintptr_t)tstate);
      |     ^~~~~~~~~~~~~~~~~~~~~~~~
gcc  -fno-strict-overflow -Wsign-compare -DNDEBUG -g -O3 -Wall    -std=c11 -Wextra -Wno-unused-parameter -Wno-missing-field-initializers -Wstrict-prototypes -Werror=implicit-function-declaration -fvisibility=hidden -include posixcompat.h -mabi=sysv  -I./Include/internal  -I. -I./Include    -DPy_BUILD_CORE_BUILTIN -c ./Modules/posixmodule.c -o Modules/posixmodule.o
In file included from ./Include/Python.h:38,
                 from ./Modules/posixmodule.c:12:
./Include/internal/pycore_gc.h: In function '_PyGCHead_NEXT':
./Include/pyport.h:24:31: warning: cast to pointer from integer of different size [-Wint-to-pointer-cast]
   24 | #define _Py_CAST(type, expr) ((type)(expr))
      |                               ^
./Include/internal/pycore_gc.h:60:12: note: in expansion of macro '_Py_CAST'
   60 |     return _Py_CAST(PyGC_Head*, next);
      |            ^~~~~~~~
./Include/internal/pycore_gc.h: In function '_PyGCHead_SET_NEXT':
./Include/pyport.h:24:31: warning: cast from pointer to integer of different size [-Wpointer-to-int-cast]
   24 | #define _Py_CAST(type, expr) ((type)(expr))
      |                               ^
./Include/internal/pycore_gc.h:63:20: note: in expansion of macro '_Py_CAST'
   63 |     gc->_gc_next = _Py_CAST(uintptr_t, next);
      |                    ^~~~~~~~
./Include/internal/pycore_gc.h: In function '_PyGCHead_PREV':
./Include/pyport.h:24:31: warning: cast to pointer from integer of different size [-Wint-to-pointer-cast]
   24 | #define _Py_CAST(type, expr) ((type)(expr))
      |                               ^
./Include/internal/pycore_gc.h:69:12: note: in expansion of macro '_Py_CAST'
   69 |     return _Py_CAST(PyGC_Head*, prev);
      |            ^~~~~~~~
./Include/internal/pycore_gc.h: In function '_PyGCHead_SET_PREV':
./Include/pyport.h:24:31: warning: cast from pointer to integer of different size [-Wpointer-to-int-cast]
   24 | #define _Py_CAST(type, expr) ((type)(expr))
      |                               ^
./Include/internal/pycore_gc.h:72:23: note: in expansion of macro '_Py_CAST'
   72 |     uintptr_t uprev = _Py_CAST(uintptr_t, prev);
      |                       ^~~~~~~~
In file included from ./Include/internal/pycore_atomic.h:15,
                 from ./Include/internal/pycore_runtime.h:12,
                 from ./Include/internal/pycore_pystate.h:11,
                 from ./Include/internal/pycore_call.h:11,
                 from ./Modules/posixmodule.c:17:
./Include/internal/pycore_interp.h: In function '_PyInterpreterState_SetFinalizing':
./Include/internal/pycore_interp.h:253:52: warning: cast from pointer to integer of different size [-Wpointer-to-int-cast]
  253 |     _Py_atomic_store_relaxed(&interp->_finalizing, (uintptr_t)tstate);
      |                                                    ^
./Include/internal/pycore_atomic.h:550:5: note: in expansion of macro '_Py_atomic_store_explicit'
  550 |     _Py_atomic_store_explicit((ATOMIC_VAL), (NEW_VAL), _Py_memory_order_relaxed)
      |     ^~~~~~~~~~~~~~~~~~~~~~~~~
./Include/internal/pycore_interp.h:253:5: note: in expansion of macro '_Py_atomic_store_relaxed'
  253 |     _Py_atomic_store_relaxed(&interp->_finalizing, (uintptr_t)tstate);
      |     ^~~~~~~~~~~~~~~~~~~~~~~~
In file included from ./Include/internal/pycore_runtime.h:21:
./Include/internal/pycore_pymem.h: In function '_PyMem_IsPtrFreed':
./Include/internal/pycore_pymem.h:69:23: warning: cast from pointer to integer of different size [-Wpointer-to-int-cast]
   69 |     uintptr_t value = (uintptr_t)ptr;
      |                       ^
./Include/internal/pycore_runtime.h: In function '_PyRuntimeState_SetFinalizing':
./Include/internal/pycore_runtime.h:220:53: warning: cast from pointer to integer of different size [-Wpointer-to-int-cast]
  220 |     _Py_atomic_store_relaxed(&runtime->_finalizing, (uintptr_t)tstate);
      |                                                     ^
./Include/internal/pycore_atomic.h:550:5: note: in expansion of macro '_Py_atomic_store_explicit'
  550 |     _Py_atomic_store_explicit((ATOMIC_VAL), (NEW_VAL), _Py_memory_order_relaxed)
      |     ^~~~~~~~~~~~~~~~~~~~~~~~~
./Include/internal/pycore_runtime.h:220:5: note: in expansion of macro '_Py_atomic_store_relaxed'
  220 |     _Py_atomic_store_relaxed(&runtime->_finalizing, (uintptr_t)tstate);
      |     ^~~~~~~~~~~~~~~~~~~~~~~~
In file included from ./Modules/posixmodule.c:24:
./Include/internal/pycore_object.h: In function '_PyObject_GC_TRACK':
./Include/internal/pycore_object.h:227:23: warning: cast to pointer from integer of different size [-Wint-to-pointer-cast]
  227 |     PyGC_Head *last = (PyGC_Head*)(generation0->_gc_prev);
      |                       ^
./Include/internal/pycore_object.h:231:29: warning: cast from pointer to integer of different size [-Wpointer-to-int-cast]
  231 |     generation0->_gc_prev = (uintptr_t)gc;
      |                             ^
./Include/internal/pycore_object.h: In function '_PyDictOrValues_IsValues':
./Include/internal/pycore_object.h:394:13: warning: cast from pointer to integer of different size [-Wpointer-to-int-cast]
  394 |     return ((uintptr_t)dorv.values) & 1;
      |             ^
./Modules/posixmodule.c: At top level:
./Modules/posixmodule.c:1598:1: warning: function declaration isn't a prototype [-Wstrict-prototypes]
 1598 | extern char **environ;
      | ^~~~~~
In file included from ./Include/Python.h:23:
./Modules/posixmodule.c:1598:15: warning: '__p__environ' redeclared without dllimport attribute: previous dllimport ignored [-Wattributes]
 1598 | extern char **environ;
      |               ^~~~~~~
./Modules/posixmodule.c:13601:1: warning: 'setup_confname_table' defined but not used [-Wunused-function]
13601 | setup_confname_table(struct constdef *table, size_t tablesize,
      | ^~~~~~~~~~~~~~~~~~~~
./Modules/posixmodule.c:12628:1: warning: 'conv_confname' defined but not used [-Wunused-function]
12628 | conv_confname(PyObject *arg, int *valuep, struct constdef *table,
      | ^~~~~~~~~~~~~
./Modules/posixmodule.c:1766:1: warning: 'posix_fildes_fd' defined but not used [-Wunused-function]
 1766 | posix_fildes_fd(int fd, int (*func)(int))
      | ^~~~~~~~~~~~~~~
gcc  -fno-strict-overflow -Wsign-compare -DNDEBUG -g -O3 -Wall    -std=c11 -Wextra -Wno-unused-parameter -Wno-missing-field-initializers -Wstrict-prototypes -Werror=implicit-function-declaration -fvisibility=hidden -include posixcompat.h -mabi=sysv  -I./Include/internal  -I. -I./Include    -DPy_BUILD_CORE_BUILTIN -c ./Modules/signalmodule.c -o Modules/signalmodule.o
In file included from ./Include/Python.h:38,
                 from ./Modules/signalmodule.c:6:
./Include/internal/pycore_gc.h: In function '_PyGCHead_NEXT':
./Include/pyport.h:24:31: warning: cast to pointer from integer of different size [-Wint-to-pointer-cast]
   24 | #define _Py_CAST(type, expr) ((type)(expr))
      |                               ^
./Include/internal/pycore_gc.h:60:12: note: in expansion of macro '_Py_CAST'
   60 |     return _Py_CAST(PyGC_Head*, next);
      |            ^~~~~~~~
./Include/internal/pycore_gc.h: In function '_PyGCHead_SET_NEXT':
./Include/pyport.h:24:31: warning: cast from pointer to integer of different size [-Wpointer-to-int-cast]
   24 | #define _Py_CAST(type, expr) ((type)(expr))
      |                               ^
./Include/internal/pycore_gc.h:63:20: note: in expansion of macro '_Py_CAST'
   63 |     gc->_gc_next = _Py_CAST(uintptr_t, next);
      |                    ^~~~~~~~
./Include/internal/pycore_gc.h: In function '_PyGCHead_PREV':
./Include/pyport.h:24:31: warning: cast to pointer from integer of different size [-Wint-to-pointer-cast]
   24 | #define _Py_CAST(type, expr) ((type)(expr))
      |                               ^
./Include/internal/pycore_gc.h:69:12: note: in expansion of macro '_Py_CAST'
   69 |     return _Py_CAST(PyGC_Head*, prev);
      |            ^~~~~~~~
./Include/internal/pycore_gc.h: In function '_PyGCHead_SET_PREV':
./Include/pyport.h:24:31: warning: cast from pointer to integer of different size [-Wpointer-to-int-cast]
   24 | #define _Py_CAST(type, expr) ((type)(expr))
      |                               ^
./Include/internal/pycore_gc.h:72:23: note: in expansion of macro '_Py_CAST'
   72 |     uintptr_t uprev = _Py_CAST(uintptr_t, prev);
      |                       ^~~~~~~~
In file included from ./Include/internal/pycore_atomic.h:15,
                 from ./Modules/signalmodule.c:7:
./Include/internal/pycore_interp.h: In function '_PyInterpreterState_SetFinalizing':
./Include/internal/pycore_interp.h:253:52: warning: cast from pointer to integer of different size [-Wpointer-to-int-cast]
  253 |     _Py_atomic_store_relaxed(&interp->_finalizing, (uintptr_t)tstate);
      |                                                    ^
./Include/internal/pycore_atomic.h:550:5: note: in expansion of macro '_Py_atomic_store_explicit'
  550 |     _Py_atomic_store_explicit((ATOMIC_VAL), (NEW_VAL), _Py_memory_order_relaxed)
      |     ^~~~~~~~~~~~~~~~~~~~~~~~~
./Include/internal/pycore_interp.h:253:5: note: in expansion of macro '_Py_atomic_store_relaxed'
  253 |     _Py_atomic_store_relaxed(&interp->_finalizing, (uintptr_t)tstate);
      |     ^~~~~~~~~~~~~~~~~~~~~~~~
In file included from ./Include/internal/pycore_runtime.h:21,
                 from ./Include/internal/pycore_pystate.h:11,
                 from ./Include/internal/pycore_call.h:11,
                 from ./Modules/signalmodule.c:8:
./Include/internal/pycore_pymem.h: In function '_PyMem_IsPtrFreed':
./Include/internal/pycore_pymem.h:69:23: warning: cast from pointer to integer of different size [-Wpointer-to-int-cast]
   69 |     uintptr_t value = (uintptr_t)ptr;
      |                       ^
./Include/internal/pycore_runtime.h: In function '_PyRuntimeState_SetFinalizing':
./Include/internal/pycore_runtime.h:220:53: warning: cast from pointer to integer of different size [-Wpointer-to-int-cast]
  220 |     _Py_atomic_store_relaxed(&runtime->_finalizing, (uintptr_t)tstate);
      |                                                     ^
./Include/internal/pycore_atomic.h:550:5: note: in expansion of macro '_Py_atomic_store_explicit'
  550 |     _Py_atomic_store_explicit((ATOMIC_VAL), (NEW_VAL), _Py_memory_order_relaxed)
      |     ^~~~~~~~~~~~~~~~~~~~~~~~~
./Include/internal/pycore_runtime.h:220:5: note: in expansion of macro '_Py_atomic_store_relaxed'
  220 |     _Py_atomic_store_relaxed(&runtime->_finalizing, (uintptr_t)tstate);
      |     ^~~~~~~~~~~~~~~~~~~~~~~~
./Modules/signalmodule.c: In function 'set_handler':
./Modules/signalmodule.c:133:41: warning: cast from pointer to integer of different size [-Wpointer-to-int-cast]
  133 |     _Py_atomic_store(&Handlers[i].func, (uintptr_t)func);
      |                                         ^
./Include/internal/pycore_atomic.h:543:5: note: in expansion of macro '_Py_atomic_store_explicit'
  543 |     _Py_atomic_store_explicit((ATOMIC_VAL), (NEW_VAL), _Py_memory_order_seq_cst)
      |     ^~~~~~~~~~~~~~~~~~~~~~~~~
./Modules/signalmodule.c:133:5: note: in expansion of macro '_Py_atomic_store'
  133 |     _Py_atomic_store(&Handlers[i].func, (uintptr_t)func);
      |     ^~~~~~~~~~~~~~~~
./Modules/signalmodule.c: In function 'report_wakeup_write_error':
./Modules/signalmodule.c:240:19: warning: cast from pointer to integer of different size [-Wpointer-to-int-cast]
  240 |     errno = (int) (intptr_t) data;
      |                   ^
./Modules/signalmodule.c: In function 'trip_signal':
./Modules/signalmodule.c:337:44: warning: cast to pointer from integer of different size [-Wint-to-pointer-cast]
  337 |                                            (void *)(intptr_t)errno,
      |                                            ^
gcc  -fno-strict-overflow -Wsign-compare -DNDEBUG -g -O3 -Wall    -std=c11 -Wextra -Wno-unused-parameter -Wno-missing-field-initializers -Wstrict-prototypes -Werror=implicit-function-declaration -fvisibility=hidden -include posixcompat.h -mabi=sysv  -I./Include/internal  -I. -I./Include    -DPy_BUILD_CORE_BUILTIN -c ./Modules/_tracemalloc.c -o Modules/_tracemalloc.o
In file included from ./Include/Python.h:38,
                 from ./Modules/_tracemalloc.c:1:
./Include/internal/pycore_gc.h: In function '_PyGCHead_NEXT':
./Include/pyport.h:24:31: warning: cast to pointer from integer of different size [-Wint-to-pointer-cast]
   24 | #define _Py_CAST(type, expr) ((type)(expr))
      |                               ^
./Include/internal/pycore_gc.h:60:12: note: in expansion of macro '_Py_CAST'
   60 |     return _Py_CAST(PyGC_Head*, next);
      |            ^~~~~~~~
./Include/internal/pycore_gc.h: In function '_PyGCHead_SET_NEXT':
./Include/pyport.h:24:31: warning: cast from pointer to integer of different size [-Wpointer-to-int-cast]
   24 | #define _Py_CAST(type, expr) ((type)(expr))
      |                               ^
./Include/internal/pycore_gc.h:63:20: note: in expansion of macro '_Py_CAST'
   63 |     gc->_gc_next = _Py_CAST(uintptr_t, next);
      |                    ^~~~~~~~
./Include/internal/pycore_gc.h: In function '_PyGCHead_PREV':
./Include/pyport.h:24:31: warning: cast to pointer from integer of different size [-Wint-to-pointer-cast]
   24 | #define _Py_CAST(type, expr) ((type)(expr))
      |                               ^
./Include/internal/pycore_gc.h:69:12: note: in expansion of macro '_Py_CAST'
   69 |     return _Py_CAST(PyGC_Head*, prev);
      |            ^~~~~~~~
./Include/internal/pycore_gc.h: In function '_PyGCHead_SET_PREV':
./Include/pyport.h:24:31: warning: cast from pointer to integer of different size [-Wpointer-to-int-cast]
   24 | #define _Py_CAST(type, expr) ((type)(expr))
      |                               ^
./Include/internal/pycore_gc.h:72:23: note: in expansion of macro '_Py_CAST'
   72 |     uintptr_t uprev = _Py_CAST(uintptr_t, prev);
      |                       ^~~~~~~~
In file included from ./Include/internal/pycore_atomic.h:15,
                 from ./Include/internal/pycore_runtime.h:12,
                 from ./Modules/clinic/_tracemalloc.c.h:7,
                 from ./Modules/_tracemalloc.c:3:
./Include/internal/pycore_interp.h: In function '_PyInterpreterState_SetFinalizing':
./Include/internal/pycore_interp.h:253:52: warning: cast from pointer to integer of different size [-Wpointer-to-int-cast]
  253 |     _Py_atomic_store_relaxed(&interp->_finalizing, (uintptr_t)tstate);
      |                                                    ^
./Include/internal/pycore_atomic.h:550:5: note: in expansion of macro '_Py_atomic_store_explicit'
  550 |     _Py_atomic_store_explicit((ATOMIC_VAL), (NEW_VAL), _Py_memory_order_relaxed)
      |     ^~~~~~~~~~~~~~~~~~~~~~~~~
./Include/internal/pycore_interp.h:253:5: note: in expansion of macro '_Py_atomic_store_relaxed'
  253 |     _Py_atomic_store_relaxed(&interp->_finalizing, (uintptr_t)tstate);
      |     ^~~~~~~~~~~~~~~~~~~~~~~~
In file included from ./Include/internal/pycore_runtime.h:21:
./Include/internal/pycore_pymem.h: In function '_PyMem_IsPtrFreed':
./Include/internal/pycore_pymem.h:69:23: warning: cast from pointer to integer of different size [-Wpointer-to-int-cast]
   69 |     uintptr_t value = (uintptr_t)ptr;
      |                       ^
./Include/internal/pycore_runtime.h: In function '_PyRuntimeState_SetFinalizing':
./Include/internal/pycore_runtime.h:220:53: warning: cast from pointer to integer of different size [-Wpointer-to-int-cast]
  220 |     _Py_atomic_store_relaxed(&runtime->_finalizing, (uintptr_t)tstate);
      |                                                     ^
./Include/internal/pycore_atomic.h:550:5: note: in expansion of macro '_Py_atomic_store_explicit'
  550 |     _Py_atomic_store_explicit((ATOMIC_VAL), (NEW_VAL), _Py_memory_order_relaxed)
      |     ^~~~~~~~~~~~~~~~~~~~~~~~~
./Include/internal/pycore_runtime.h:220:5: note: in expansion of macro '_Py_atomic_store_relaxed'
  220 |     _Py_atomic_store_relaxed(&runtime->_finalizing, (uintptr_t)tstate);
      |     ^~~~~~~~~~~~~~~~~~~~~~~~
gcc  -fno-strict-overflow -Wsign-compare -DNDEBUG -g -O3 -Wall    -std=c11 -Wextra -Wno-unused-parameter -Wno-missing-field-initializers -Wstrict-prototypes -Werror=implicit-function-declaration -fvisibility=hidden -include posixcompat.h -mabi=sysv  -I./Include/internal  -I. -I./Include    -DPy_BUILD_CORE_BUILTIN -c ./Modules/_codecsmodule.c -o Modules/_codecsmodule.o
In file included from ./Include/Python.h:38,
                 from ./Modules/_codecsmodule.c:34:
./Include/internal/pycore_gc.h: In function '_PyGCHead_NEXT':
./Include/pyport.h:24:31: warning: cast to pointer from integer of different size [-Wint-to-pointer-cast]
   24 | #define _Py_CAST(type, expr) ((type)(expr))
      |                               ^
./Include/internal/pycore_gc.h:60:12: note: in expansion of macro '_Py_CAST'
   60 |     return _Py_CAST(PyGC_Head*, next);
      |            ^~~~~~~~
./Include/internal/pycore_gc.h: In function '_PyGCHead_SET_NEXT':
./Include/pyport.h:24:31: warning: cast from pointer to integer of different size [-Wpointer-to-int-cast]
   24 | #define _Py_CAST(type, expr) ((type)(expr))
      |                               ^
./Include/internal/pycore_gc.h:63:20: note: in expansion of macro '_Py_CAST'
   63 |     gc->_gc_next = _Py_CAST(uintptr_t, next);
      |                    ^~~~~~~~
./Include/internal/pycore_gc.h: In function '_PyGCHead_PREV':
./Include/pyport.h:24:31: warning: cast to pointer from integer of different size [-Wint-to-pointer-cast]
   24 | #define _Py_CAST(type, expr) ((type)(expr))
      |                               ^
./Include/internal/pycore_gc.h:69:12: note: in expansion of macro '_Py_CAST'
   69 |     return _Py_CAST(PyGC_Head*, prev);
      |            ^~~~~~~~
./Include/internal/pycore_gc.h: In function '_PyGCHead_SET_PREV':
./Include/pyport.h:24:31: warning: cast from pointer to integer of different size [-Wpointer-to-int-cast]
   24 | #define _Py_CAST(type, expr) ((type)(expr))
      |                               ^
./Include/internal/pycore_gc.h:72:23: note: in expansion of macro '_Py_CAST'
   72 |     uintptr_t uprev = _Py_CAST(uintptr_t, prev);
      |                       ^~~~~~~~
In file included from ./Include/internal/pycore_atomic.h:15,
                 from ./Include/internal/pycore_runtime.h:12,
                 from ./Modules/_codecsmodule.c:45:
./Include/internal/pycore_interp.h: In function '_PyInterpreterState_SetFinalizing':
./Include/internal/pycore_interp.h:253:52: warning: cast from pointer to integer of different size [-Wpointer-to-int-cast]
  253 |     _Py_atomic_store_relaxed(&interp->_finalizing, (uintptr_t)tstate);
      |                                                    ^
./Include/internal/pycore_atomic.h:550:5: note: in expansion of macro '_Py_atomic_store_explicit'
  550 |     _Py_atomic_store_explicit((ATOMIC_VAL), (NEW_VAL), _Py_memory_order_relaxed)
      |     ^~~~~~~~~~~~~~~~~~~~~~~~~
./Include/internal/pycore_interp.h:253:5: note: in expansion of macro '_Py_atomic_store_relaxed'
  253 |     _Py_atomic_store_relaxed(&interp->_finalizing, (uintptr_t)tstate);
      |     ^~~~~~~~~~~~~~~~~~~~~~~~
In file included from ./Include/internal/pycore_runtime.h:21:
./Include/internal/pycore_pymem.h: In function '_PyMem_IsPtrFreed':
./Include/internal/pycore_pymem.h:69:23: warning: cast from pointer to integer of different size [-Wpointer-to-int-cast]
   69 |     uintptr_t value = (uintptr_t)ptr;
      |                       ^
./Include/internal/pycore_runtime.h: In function '_PyRuntimeState_SetFinalizing':
./Include/internal/pycore_runtime.h:220:53: warning: cast from pointer to integer of different size [-Wpointer-to-int-cast]
  220 |     _Py_atomic_store_relaxed(&runtime->_finalizing, (uintptr_t)tstate);
      |                                                     ^
./Include/internal/pycore_atomic.h:550:5: note: in expansion of macro '_Py_atomic_store_explicit'
  550 |     _Py_atomic_store_explicit((ATOMIC_VAL), (NEW_VAL), _Py_memory_order_relaxed)
      |     ^~~~~~~~~~~~~~~~~~~~~~~~~
./Include/internal/pycore_runtime.h:220:5: note: in expansion of macro '_Py_atomic_store_relaxed'
  220 |     _Py_atomic_store_relaxed(&runtime->_finalizing, (uintptr_t)tstate);
      |     ^~~~~~~~~~~~~~~~~~~~~~~~
gcc  -fno-strict-overflow -Wsign-compare -DNDEBUG -g -O3 -Wall    -std=c11 -Wextra -Wno-unused-parameter -Wno-missing-field-initializers -Wstrict-prototypes -Werror=implicit-function-declaration -fvisibility=hidden -include posixcompat.h -mabi=sysv  -I./Include/internal  -I. -I./Include    -DPy_BUILD_CORE_BUILTIN -c ./Modules/_collectionsmodule.c -o Modules/_collectionsmodule.o
In file included from ./Include/Python.h:38,
                 from ./Modules/_collectionsmodule.c:1:
./Include/internal/pycore_gc.h: In function '_PyGCHead_NEXT':
./Include/pyport.h:24:31: warning: cast to pointer from integer of different size [-Wint-to-pointer-cast]
   24 | #define _Py_CAST(type, expr) ((type)(expr))
      |                               ^
./Include/internal/pycore_gc.h:60:12: note: in expansion of macro '_Py_CAST'
   60 |     return _Py_CAST(PyGC_Head*, next);
      |            ^~~~~~~~
./Include/internal/pycore_gc.h: In function '_PyGCHead_SET_NEXT':
./Include/pyport.h:24:31: warning: cast from pointer to integer of different size [-Wpointer-to-int-cast]
   24 | #define _Py_CAST(type, expr) ((type)(expr))
      |                               ^
./Include/internal/pycore_gc.h:63:20: note: in expansion of macro '_Py_CAST'
   63 |     gc->_gc_next = _Py_CAST(uintptr_t, next);
      |                    ^~~~~~~~
./Include/internal/pycore_gc.h: In function '_PyGCHead_PREV':
./Include/pyport.h:24:31: warning: cast to pointer from integer of different size [-Wint-to-pointer-cast]
   24 | #define _Py_CAST(type, expr) ((type)(expr))
      |                               ^
./Include/internal/pycore_gc.h:69:12: note: in expansion of macro '_Py_CAST'
   69 |     return _Py_CAST(PyGC_Head*, prev);
      |            ^~~~~~~~
./Include/internal/pycore_gc.h: In function '_PyGCHead_SET_PREV':
./Include/pyport.h:24:31: warning: cast from pointer to integer of different size [-Wpointer-to-int-cast]
   24 | #define _Py_CAST(type, expr) ((type)(expr))
      |                               ^
./Include/internal/pycore_gc.h:72:23: note: in expansion of macro '_Py_CAST'
   72 |     uintptr_t uprev = _Py_CAST(uintptr_t, prev);
      |                       ^~~~~~~~
In file included from ./Include/internal/pycore_atomic.h:15,
                 from ./Include/internal/pycore_runtime.h:12,
                 from ./Include/internal/pycore_pystate.h:11,
                 from ./Include/internal/pycore_call.h:11,
                 from ./Modules/_collectionsmodule.c:2:
./Include/internal/pycore_interp.h: In function '_PyInterpreterState_SetFinalizing':
./Include/internal/pycore_interp.h:253:52: warning: cast from pointer to integer of different size [-Wpointer-to-int-cast]
  253 |     _Py_atomic_store_relaxed(&interp->_finalizing, (uintptr_t)tstate);
      |                                                    ^
./Include/internal/pycore_atomic.h:550:5: note: in expansion of macro '_Py_atomic_store_explicit'
  550 |     _Py_atomic_store_explicit((ATOMIC_VAL), (NEW_VAL), _Py_memory_order_relaxed)
      |     ^~~~~~~~~~~~~~~~~~~~~~~~~
./Include/internal/pycore_interp.h:253:5: note: in expansion of macro '_Py_atomic_store_relaxed'
  253 |     _Py_atomic_store_relaxed(&interp->_finalizing, (uintptr_t)tstate);
      |     ^~~~~~~~~~~~~~~~~~~~~~~~
In file included from ./Include/internal/pycore_runtime.h:21:
./Include/internal/pycore_pymem.h: In function '_PyMem_IsPtrFreed':
./Include/internal/pycore_pymem.h:69:23: warning: cast from pointer to integer of different size [-Wpointer-to-int-cast]
   69 |     uintptr_t value = (uintptr_t)ptr;
      |                       ^
./Include/internal/pycore_runtime.h: In function '_PyRuntimeState_SetFinalizing':
./Include/internal/pycore_runtime.h:220:53: warning: cast from pointer to integer of different size [-Wpointer-to-int-cast]
  220 |     _Py_atomic_store_relaxed(&runtime->_finalizing, (uintptr_t)tstate);
      |                                                     ^
./Include/internal/pycore_atomic.h:550:5: note: in expansion of macro '_Py_atomic_store_explicit'
  550 |     _Py_atomic_store_explicit((ATOMIC_VAL), (NEW_VAL), _Py_memory_order_relaxed)
      |     ^~~~~~~~~~~~~~~~~~~~~~~~~
./Include/internal/pycore_runtime.h:220:5: note: in expansion of macro '_Py_atomic_store_relaxed'
  220 |     _Py_atomic_store_relaxed(&runtime->_finalizing, (uintptr_t)tstate);
      |     ^~~~~~~~~~~~~~~~~~~~~~~~
gcc  -fno-strict-overflow -Wsign-compare -DNDEBUG -g -O3 -Wall    -std=c11 -Wextra -Wno-unused-parameter -Wno-missing-field-initializers -Wstrict-prototypes -Werror=implicit-function-declaration -fvisibility=hidden -include posixcompat.h -mabi=sysv  -I./Include/internal  -I. -I./Include    -DPy_BUILD_CORE_BUILTIN -c ./Modules/errnomodule.c -o Modules/errnomodule.o
gcc -I./Modules/_io -fno-strict-overflow -Wsign-compare -DNDEBUG -g -O3 -Wall    -std=c11 -Wextra -Wno-unused-parameter -Wno-missing-field-initializers -Wstrict-prototypes -Werror=implicit-function-declaration -fvisibility=hidden -include posixcompat.h -mabi=sysv  -I./Include/internal  -I. -I./Include    -DPy_BUILD_CORE_BUILTIN -c ./Modules/_io/_iomodule.c -o Modules/_io/_iomodule.o
In file included from ./Include/Python.h:38,
                 from ./Modules/_io/_iomodule.c:11:
./Include/internal/pycore_gc.h: In function '_PyGCHead_NEXT':
./Include/pyport.h:24:31: warning: cast to pointer from integer of different size [-Wint-to-pointer-cast]
   24 | #define _Py_CAST(type, expr) ((type)(expr))
      |                               ^
./Include/internal/pycore_gc.h:60:12: note: in expansion of macro '_Py_CAST'
   60 |     return _Py_CAST(PyGC_Head*, next);
      |            ^~~~~~~~
./Include/internal/pycore_gc.h: In function '_PyGCHead_SET_NEXT':
./Include/pyport.h:24:31: warning: cast from pointer to integer of different size [-Wpointer-to-int-cast]
   24 | #define _Py_CAST(type, expr) ((type)(expr))
      |                               ^
./Include/internal/pycore_gc.h:63:20: note: in expansion of macro '_Py_CAST'
   63 |     gc->_gc_next = _Py_CAST(uintptr_t, next);
      |                    ^~~~~~~~
./Include/internal/pycore_gc.h: In function '_PyGCHead_PREV':
./Include/pyport.h:24:31: warning: cast to pointer from integer of different size [-Wint-to-pointer-cast]
   24 | #define _Py_CAST(type, expr) ((type)(expr))
      |                               ^
./Include/internal/pycore_gc.h:69:12: note: in expansion of macro '_Py_CAST'
   69 |     return _Py_CAST(PyGC_Head*, prev);
      |            ^~~~~~~~
./Include/internal/pycore_gc.h: In function '_PyGCHead_SET_PREV':
./Include/pyport.h:24:31: warning: cast from pointer to integer of different size [-Wpointer-to-int-cast]
   24 | #define _Py_CAST(type, expr) ((type)(expr))
      |                               ^
./Include/internal/pycore_gc.h:72:23: note: in expansion of macro '_Py_CAST'
   72 |     uintptr_t uprev = _Py_CAST(uintptr_t, prev);
      |                       ^~~~~~~~
In file included from ./Include/internal/pycore_atomic.h:15,
                 from ./Include/internal/pycore_runtime.h:12,
                 from ./Include/internal/pycore_pystate.h:11,
                 from ./Modules/_io/_iomodule.c:13:
./Include/internal/pycore_interp.h: In function '_PyInterpreterState_SetFinalizing':
./Include/internal/pycore_interp.h:253:52: warning: cast from pointer to integer of different size [-Wpointer-to-int-cast]
  253 |     _Py_atomic_store_relaxed(&interp->_finalizing, (uintptr_t)tstate);
      |                                                    ^
./Include/internal/pycore_atomic.h:550:5: note: in expansion of macro '_Py_atomic_store_explicit'
  550 |     _Py_atomic_store_explicit((ATOMIC_VAL), (NEW_VAL), _Py_memory_order_relaxed)
      |     ^~~~~~~~~~~~~~~~~~~~~~~~~
./Include/internal/pycore_interp.h:253:5: note: in expansion of macro '_Py_atomic_store_relaxed'
  253 |     _Py_atomic_store_relaxed(&interp->_finalizing, (uintptr_t)tstate);
      |     ^~~~~~~~~~~~~~~~~~~~~~~~
In file included from ./Include/internal/pycore_runtime.h:21:
./Include/internal/pycore_pymem.h: In function '_PyMem_IsPtrFreed':
./Include/internal/pycore_pymem.h:69:23: warning: cast from pointer to integer of different size [-Wpointer-to-int-cast]
   69 |     uintptr_t value = (uintptr_t)ptr;
      |                       ^
./Include/internal/pycore_runtime.h: In function '_PyRuntimeState_SetFinalizing':
./Include/internal/pycore_runtime.h:220:53: warning: cast from pointer to integer of different size [-Wpointer-to-int-cast]
  220 |     _Py_atomic_store_relaxed(&runtime->_finalizing, (uintptr_t)tstate);
      |                                                     ^
./Include/internal/pycore_atomic.h:550:5: note: in expansion of macro '_Py_atomic_store_explicit'
  550 |     _Py_atomic_store_explicit((ATOMIC_VAL), (NEW_VAL), _Py_memory_order_relaxed)
      |     ^~~~~~~~~~~~~~~~~~~~~~~~~
./Include/internal/pycore_runtime.h:220:5: note: in expansion of macro '_Py_atomic_store_relaxed'
  220 |     _Py_atomic_store_relaxed(&runtime->_finalizing, (uintptr_t)tstate);
      |     ^~~~~~~~~~~~~~~~~~~~~~~~
gcc -I./Modules/_io -fno-strict-overflow -Wsign-compare -DNDEBUG -g -O3 -Wall    -std=c11 -Wextra -Wno-unused-parameter -Wno-missing-field-initializers -Wstrict-prototypes -Werror=implicit-function-declaration -fvisibility=hidden -include posixcompat.h -mabi=sysv  -I./Include/internal  -I. -I./Include    -DPy_BUILD_CORE_BUILTIN -c ./Modules/_io/iobase.c -o Modules/_io/iobase.o
In file included from ./Include/Python.h:38,
                 from ./Modules/_io/iobase.c:12:
./Include/internal/pycore_gc.h: In function '_PyGCHead_NEXT':
./Include/pyport.h:24:31: warning: cast to pointer from integer of different size [-Wint-to-pointer-cast]
   24 | #define _Py_CAST(type, expr) ((type)(expr))
      |                               ^
./Include/internal/pycore_gc.h:60:12: note: in expansion of macro '_Py_CAST'
   60 |     return _Py_CAST(PyGC_Head*, next);
      |            ^~~~~~~~
./Include/internal/pycore_gc.h: In function '_PyGCHead_SET_NEXT':
./Include/pyport.h:24:31: warning: cast from pointer to integer of different size [-Wpointer-to-int-cast]
   24 | #define _Py_CAST(type, expr) ((type)(expr))
      |                               ^
./Include/internal/pycore_gc.h:63:20: note: in expansion of macro '_Py_CAST'
   63 |     gc->_gc_next = _Py_CAST(uintptr_t, next);
      |                    ^~~~~~~~
./Include/internal/pycore_gc.h: In function '_PyGCHead_PREV':
./Include/pyport.h:24:31: warning: cast to pointer from integer of different size [-Wint-to-pointer-cast]
   24 | #define _Py_CAST(type, expr) ((type)(expr))
      |                               ^
./Include/internal/pycore_gc.h:69:12: note: in expansion of macro '_Py_CAST'
   69 |     return _Py_CAST(PyGC_Head*, prev);
      |            ^~~~~~~~
./Include/internal/pycore_gc.h: In function '_PyGCHead_SET_PREV':
./Include/pyport.h:24:31: warning: cast from pointer to integer of different size [-Wpointer-to-int-cast]
   24 | #define _Py_CAST(type, expr) ((type)(expr))
      |                               ^
./Include/internal/pycore_gc.h:72:23: note: in expansion of macro '_Py_CAST'
   72 |     uintptr_t uprev = _Py_CAST(uintptr_t, prev);
      |                       ^~~~~~~~
In file included from ./Include/internal/pycore_atomic.h:15,
                 from ./Include/internal/pycore_runtime.h:12,
                 from ./Include/internal/pycore_long.h:12,
                 from ./Modules/_io/iobase.c:13:
./Include/internal/pycore_interp.h: In function '_PyInterpreterState_SetFinalizing':
./Include/internal/pycore_interp.h:253:52: warning: cast from pointer to integer of different size [-Wpointer-to-int-cast]
  253 |     _Py_atomic_store_relaxed(&interp->_finalizing, (uintptr_t)tstate);
      |                                                    ^
./Include/internal/pycore_atomic.h:550:5: note: in expansion of macro '_Py_atomic_store_explicit'
  550 |     _Py_atomic_store_explicit((ATOMIC_VAL), (NEW_VAL), _Py_memory_order_relaxed)
      |     ^~~~~~~~~~~~~~~~~~~~~~~~~
./Include/internal/pycore_interp.h:253:5: note: in expansion of macro '_Py_atomic_store_relaxed'
  253 |     _Py_atomic_store_relaxed(&interp->_finalizing, (uintptr_t)tstate);
      |     ^~~~~~~~~~~~~~~~~~~~~~~~
In file included from ./Include/internal/pycore_runtime.h:21:
./Include/internal/pycore_pymem.h: In function '_PyMem_IsPtrFreed':
./Include/internal/pycore_pymem.h:69:23: warning: cast from pointer to integer of different size [-Wpointer-to-int-cast]
   69 |     uintptr_t value = (uintptr_t)ptr;
      |                       ^
./Include/internal/pycore_runtime.h: In function '_PyRuntimeState_SetFinalizing':
./Include/internal/pycore_runtime.h:220:53: warning: cast from pointer to integer of different size [-Wpointer-to-int-cast]
  220 |     _Py_atomic_store_relaxed(&runtime->_finalizing, (uintptr_t)tstate);
      |                                                     ^
./Include/internal/pycore_atomic.h:550:5: note: in expansion of macro '_Py_atomic_store_explicit'
  550 |     _Py_atomic_store_explicit((ATOMIC_VAL), (NEW_VAL), _Py_memory_order_relaxed)
      |     ^~~~~~~~~~~~~~~~~~~~~~~~~
./Include/internal/pycore_runtime.h:220:5: note: in expansion of macro '_Py_atomic_store_relaxed'
  220 |     _Py_atomic_store_relaxed(&runtime->_finalizing, (uintptr_t)tstate);
      |     ^~~~~~~~~~~~~~~~~~~~~~~~
In file included from ./Modules/_io/iobase.c:14:
./Include/internal/pycore_object.h: In function '_PyObject_GC_TRACK':
./Include/internal/pycore_object.h:227:23: warning: cast to pointer from integer of different size [-Wint-to-pointer-cast]
  227 |     PyGC_Head *last = (PyGC_Head*)(generation0->_gc_prev);
      |                       ^
./Include/internal/pycore_object.h:231:29: warning: cast from pointer to integer of different size [-Wpointer-to-int-cast]
  231 |     generation0->_gc_prev = (uintptr_t)gc;
      |                             ^
./Include/internal/pycore_object.h: In function '_PyDictOrValues_IsValues':
./Include/internal/pycore_object.h:394:13: warning: cast from pointer to integer of different size [-Wpointer-to-int-cast]
  394 |     return ((uintptr_t)dorv.values) & 1;
      |             ^
gcc -I./Modules/_io -fno-strict-overflow -Wsign-compare -DNDEBUG -g -O3 -Wall    -std=c11 -Wextra -Wno-unused-parameter -Wno-missing-field-initializers -Wstrict-prototypes -Werror=implicit-function-declaration -fvisibility=hidden -include posixcompat.h -mabi=sysv  -I./Include/internal  -I. -I./Include    -DPy_BUILD_CORE_BUILTIN -c ./Modules/_io/fileio.c -o Modules/_io/fileio.o
In file included from ./Include/Python.h:38,
                 from ./Modules/_io/fileio.c:4:
./Include/internal/pycore_gc.h: In function '_PyGCHead_NEXT':
./Include/pyport.h:24:31: warning: cast to pointer from integer of different size [-Wint-to-pointer-cast]
   24 | #define _Py_CAST(type, expr) ((type)(expr))
      |                               ^
./Include/internal/pycore_gc.h:60:12: note: in expansion of macro '_Py_CAST'
   60 |     return _Py_CAST(PyGC_Head*, next);
      |            ^~~~~~~~
./Include/internal/pycore_gc.h: In function '_PyGCHead_SET_NEXT':
./Include/pyport.h:24:31: warning: cast from pointer to integer of different size [-Wpointer-to-int-cast]
   24 | #define _Py_CAST(type, expr) ((type)(expr))
      |                               ^
./Include/internal/pycore_gc.h:63:20: note: in expansion of macro '_Py_CAST'
   63 |     gc->_gc_next = _Py_CAST(uintptr_t, next);
      |                    ^~~~~~~~
./Include/internal/pycore_gc.h: In function '_PyGCHead_PREV':
./Include/pyport.h:24:31: warning: cast to pointer from integer of different size [-Wint-to-pointer-cast]
   24 | #define _Py_CAST(type, expr) ((type)(expr))
      |                               ^
./Include/internal/pycore_gc.h:69:12: note: in expansion of macro '_Py_CAST'
   69 |     return _Py_CAST(PyGC_Head*, prev);
      |            ^~~~~~~~
./Include/internal/pycore_gc.h: In function '_PyGCHead_SET_PREV':
./Include/pyport.h:24:31: warning: cast from pointer to integer of different size [-Wpointer-to-int-cast]
   24 | #define _Py_CAST(type, expr) ((type)(expr))
      |                               ^
./Include/internal/pycore_gc.h:72:23: note: in expansion of macro '_Py_CAST'
   72 |     uintptr_t uprev = _Py_CAST(uintptr_t, prev);
      |                       ^~~~~~~~
In file included from ./Include/internal/pycore_atomic.h:15,
                 from ./Include/internal/pycore_interp.h:15,
                 from ./Include/internal/pycore_object.h:13,
                 from ./Modules/_io/fileio.c:6:
./Include/internal/pycore_interp.h: In function '_PyInterpreterState_SetFinalizing':
./Include/internal/pycore_interp.h:253:52: warning: cast from pointer to integer of different size [-Wpointer-to-int-cast]
  253 |     _Py_atomic_store_relaxed(&interp->_finalizing, (uintptr_t)tstate);
      |                                                    ^
./Include/internal/pycore_atomic.h:550:5: note: in expansion of macro '_Py_atomic_store_explicit'
  550 |     _Py_atomic_store_explicit((ATOMIC_VAL), (NEW_VAL), _Py_memory_order_relaxed)
      |     ^~~~~~~~~~~~~~~~~~~~~~~~~
./Include/internal/pycore_interp.h:253:5: note: in expansion of macro '_Py_atomic_store_relaxed'
  253 |     _Py_atomic_store_relaxed(&interp->_finalizing, (uintptr_t)tstate);
      |     ^~~~~~~~~~~~~~~~~~~~~~~~
In file included from ./Include/internal/pycore_runtime.h:21,
                 from ./Include/internal/pycore_pystate.h:11,
                 from ./Include/internal/pycore_object.h:14:
./Include/internal/pycore_pymem.h: In function '_PyMem_IsPtrFreed':
./Include/internal/pycore_pymem.h:69:23: warning: cast from pointer to integer of different size [-Wpointer-to-int-cast]
   69 |     uintptr_t value = (uintptr_t)ptr;
      |                       ^
./Include/internal/pycore_runtime.h: In function '_PyRuntimeState_SetFinalizing':
./Include/internal/pycore_runtime.h:220:53: warning: cast from pointer to integer of different size [-Wpointer-to-int-cast]
  220 |     _Py_atomic_store_relaxed(&runtime->_finalizing, (uintptr_t)tstate);
      |                                                     ^
./Include/internal/pycore_atomic.h:550:5: note: in expansion of macro '_Py_atomic_store_explicit'
  550 |     _Py_atomic_store_explicit((ATOMIC_VAL), (NEW_VAL), _Py_memory_order_relaxed)
      |     ^~~~~~~~~~~~~~~~~~~~~~~~~
./Include/internal/pycore_runtime.h:220:5: note: in expansion of macro '_Py_atomic_store_relaxed'
  220 |     _Py_atomic_store_relaxed(&runtime->_finalizing, (uintptr_t)tstate);
      |     ^~~~~~~~~~~~~~~~~~~~~~~~
./Include/internal/pycore_object.h: In function '_PyObject_GC_TRACK':
./Include/internal/pycore_object.h:227:23: warning: cast to pointer from integer of different size [-Wint-to-pointer-cast]
  227 |     PyGC_Head *last = (PyGC_Head*)(generation0->_gc_prev);
      |                       ^
./Include/internal/pycore_object.h:231:29: warning: cast from pointer to integer of different size [-Wpointer-to-int-cast]
  231 |     generation0->_gc_prev = (uintptr_t)gc;
      |                             ^
./Include/internal/pycore_object.h: In function '_PyDictOrValues_IsValues':
./Include/internal/pycore_object.h:394:13: warning: cast from pointer to integer of different size [-Wpointer-to-int-cast]
  394 |     return ((uintptr_t)dorv.values) & 1;
      |             ^
gcc -I./Modules/_io -fno-strict-overflow -Wsign-compare -DNDEBUG -g -O3 -Wall    -std=c11 -Wextra -Wno-unused-parameter -Wno-missing-field-initializers -Wstrict-prototypes -Werror=implicit-function-declaration -fvisibility=hidden -include posixcompat.h -mabi=sysv  -I./Include/internal  -I. -I./Include    -DPy_BUILD_CORE_BUILTIN -c ./Modules/_io/bytesio.c -o Modules/_io/bytesio.o
In file included from ./Include/Python.h:38,
                 from ./Modules/_io/bytesio.c:1:
./Include/internal/pycore_gc.h: In function '_PyGCHead_NEXT':
./Include/pyport.h:24:31: warning: cast to pointer from integer of different size [-Wint-to-pointer-cast]
   24 | #define _Py_CAST(type, expr) ((type)(expr))
      |                               ^
./Include/internal/pycore_gc.h:60:12: note: in expansion of macro '_Py_CAST'
   60 |     return _Py_CAST(PyGC_Head*, next);
      |            ^~~~~~~~
./Include/internal/pycore_gc.h: In function '_PyGCHead_SET_NEXT':
./Include/pyport.h:24:31: warning: cast from pointer to integer of different size [-Wpointer-to-int-cast]
   24 | #define _Py_CAST(type, expr) ((type)(expr))
      |                               ^
./Include/internal/pycore_gc.h:63:20: note: in expansion of macro '_Py_CAST'
   63 |     gc->_gc_next = _Py_CAST(uintptr_t, next);
      |                    ^~~~~~~~
./Include/internal/pycore_gc.h: In function '_PyGCHead_PREV':
./Include/pyport.h:24:31: warning: cast to pointer from integer of different size [-Wint-to-pointer-cast]
   24 | #define _Py_CAST(type, expr) ((type)(expr))
      |                               ^
./Include/internal/pycore_gc.h:69:12: note: in expansion of macro '_Py_CAST'
   69 |     return _Py_CAST(PyGC_Head*, prev);
      |            ^~~~~~~~
./Include/internal/pycore_gc.h: In function '_PyGCHead_SET_PREV':
./Include/pyport.h:24:31: warning: cast from pointer to integer of different size [-Wpointer-to-int-cast]
   24 | #define _Py_CAST(type, expr) ((type)(expr))
      |                               ^
./Include/internal/pycore_gc.h:72:23: note: in expansion of macro '_Py_CAST'
   72 |     uintptr_t uprev = _Py_CAST(uintptr_t, prev);
      |                       ^~~~~~~~
In file included from ./Include/internal/pycore_atomic.h:15,
                 from ./Include/internal/pycore_interp.h:15,
                 from ./Include/internal/pycore_object.h:13,
                 from ./Modules/_io/bytesio.c:2:
./Include/internal/pycore_interp.h: In function '_PyInterpreterState_SetFinalizing':
./Include/internal/pycore_interp.h:253:52: warning: cast from pointer to integer of different size [-Wpointer-to-int-cast]
  253 |     _Py_atomic_store_relaxed(&interp->_finalizing, (uintptr_t)tstate);
      |                                                    ^
./Include/internal/pycore_atomic.h:550:5: note: in expansion of macro '_Py_atomic_store_explicit'
  550 |     _Py_atomic_store_explicit((ATOMIC_VAL), (NEW_VAL), _Py_memory_order_relaxed)
      |     ^~~~~~~~~~~~~~~~~~~~~~~~~
./Include/internal/pycore_interp.h:253:5: note: in expansion of macro '_Py_atomic_store_relaxed'
  253 |     _Py_atomic_store_relaxed(&interp->_finalizing, (uintptr_t)tstate);
      |     ^~~~~~~~~~~~~~~~~~~~~~~~
In file included from ./Include/internal/pycore_runtime.h:21,
                 from ./Include/internal/pycore_pystate.h:11,
                 from ./Include/internal/pycore_object.h:14:
./Include/internal/pycore_pymem.h: In function '_PyMem_IsPtrFreed':
./Include/internal/pycore_pymem.h:69:23: warning: cast from pointer to integer of different size [-Wpointer-to-int-cast]
   69 |     uintptr_t value = (uintptr_t)ptr;
      |                       ^
./Include/internal/pycore_runtime.h: In function '_PyRuntimeState_SetFinalizing':
./Include/internal/pycore_runtime.h:220:53: warning: cast from pointer to integer of different size [-Wpointer-to-int-cast]
  220 |     _Py_atomic_store_relaxed(&runtime->_finalizing, (uintptr_t)tstate);
      |                                                     ^
./Include/internal/pycore_atomic.h:550:5: note: in expansion of macro '_Py_atomic_store_explicit'
  550 |     _Py_atomic_store_explicit((ATOMIC_VAL), (NEW_VAL), _Py_memory_order_relaxed)
      |     ^~~~~~~~~~~~~~~~~~~~~~~~~
./Include/internal/pycore_runtime.h:220:5: note: in expansion of macro '_Py_atomic_store_relaxed'
  220 |     _Py_atomic_store_relaxed(&runtime->_finalizing, (uintptr_t)tstate);
      |     ^~~~~~~~~~~~~~~~~~~~~~~~
./Include/internal/pycore_object.h: In function '_PyObject_GC_TRACK':
./Include/internal/pycore_object.h:227:23: warning: cast to pointer from integer of different size [-Wint-to-pointer-cast]
  227 |     PyGC_Head *last = (PyGC_Head*)(generation0->_gc_prev);
      |                       ^
./Include/internal/pycore_object.h:231:29: warning: cast from pointer to integer of different size [-Wpointer-to-int-cast]
  231 |     generation0->_gc_prev = (uintptr_t)gc;
      |                             ^
./Include/internal/pycore_object.h: In function '_PyDictOrValues_IsValues':
./Include/internal/pycore_object.h:394:13: warning: cast from pointer to integer of different size [-Wpointer-to-int-cast]
  394 |     return ((uintptr_t)dorv.values) & 1;
      |             ^
./Modules/_io/bytesio.c: In function 'resize_buffer':
./Modules/_io/bytesio.c:156:15: warning: comparison is always false due to limited range of data type [-Wtype-limits]
  156 |     if (alloc > ((size_t)-1) / sizeof(char))
      |               ^
gcc -I./Modules/_io -fno-strict-overflow -Wsign-compare -DNDEBUG -g -O3 -Wall    -std=c11 -Wextra -Wno-unused-parameter -Wno-missing-field-initializers -Wstrict-prototypes -Werror=implicit-function-declaration -fvisibility=hidden -include posixcompat.h -mabi=sysv  -I./Include/internal  -I. -I./Include    -DPy_BUILD_CORE_BUILTIN -c ./Modules/_io/bufferedio.c -o Modules/_io/bufferedio.o
In file included from ./Include/Python.h:38,
                 from ./Modules/_io/bufferedio.c:11:
./Include/internal/pycore_gc.h: In function '_PyGCHead_NEXT':
./Include/pyport.h:24:31: warning: cast to pointer from integer of different size [-Wint-to-pointer-cast]
   24 | #define _Py_CAST(type, expr) ((type)(expr))
      |                               ^
./Include/internal/pycore_gc.h:60:12: note: in expansion of macro '_Py_CAST'
   60 |     return _Py_CAST(PyGC_Head*, next);
      |            ^~~~~~~~
./Include/internal/pycore_gc.h: In function '_PyGCHead_SET_NEXT':
./Include/pyport.h:24:31: warning: cast from pointer to integer of different size [-Wpointer-to-int-cast]
   24 | #define _Py_CAST(type, expr) ((type)(expr))
      |                               ^
./Include/internal/pycore_gc.h:63:20: note: in expansion of macro '_Py_CAST'
   63 |     gc->_gc_next = _Py_CAST(uintptr_t, next);
      |                    ^~~~~~~~
./Include/internal/pycore_gc.h: In function '_PyGCHead_PREV':
./Include/pyport.h:24:31: warning: cast to pointer from integer of different size [-Wint-to-pointer-cast]
   24 | #define _Py_CAST(type, expr) ((type)(expr))
      |                               ^
./Include/internal/pycore_gc.h:69:12: note: in expansion of macro '_Py_CAST'
   69 |     return _Py_CAST(PyGC_Head*, prev);
      |            ^~~~~~~~
./Include/internal/pycore_gc.h: In function '_PyGCHead_SET_PREV':
./Include/pyport.h:24:31: warning: cast from pointer to integer of different size [-Wpointer-to-int-cast]
   24 | #define _Py_CAST(type, expr) ((type)(expr))
      |                               ^
./Include/internal/pycore_gc.h:72:23: note: in expansion of macro '_Py_CAST'
   72 |     uintptr_t uprev = _Py_CAST(uintptr_t, prev);
      |                       ^~~~~~~~
In file included from ./Include/internal/pycore_atomic.h:15,
                 from ./Include/internal/pycore_runtime.h:12,
                 from ./Include/internal/pycore_pystate.h:11,
                 from ./Include/internal/pycore_call.h:11,
                 from ./Modules/_io/bufferedio.c:12:
./Include/internal/pycore_interp.h: In function '_PyInterpreterState_SetFinalizing':
./Include/internal/pycore_interp.h:253:52: warning: cast from pointer to integer of different size [-Wpointer-to-int-cast]
  253 |     _Py_atomic_store_relaxed(&interp->_finalizing, (uintptr_t)tstate);
      |                                                    ^
./Include/internal/pycore_atomic.h:550:5: note: in expansion of macro '_Py_atomic_store_explicit'
  550 |     _Py_atomic_store_explicit((ATOMIC_VAL), (NEW_VAL), _Py_memory_order_relaxed)
      |     ^~~~~~~~~~~~~~~~~~~~~~~~~
./Include/internal/pycore_interp.h:253:5: note: in expansion of macro '_Py_atomic_store_relaxed'
  253 |     _Py_atomic_store_relaxed(&interp->_finalizing, (uintptr_t)tstate);
      |     ^~~~~~~~~~~~~~~~~~~~~~~~
In file included from ./Include/internal/pycore_runtime.h:21:
./Include/internal/pycore_pymem.h: In function '_PyMem_IsPtrFreed':
./Include/internal/pycore_pymem.h:69:23: warning: cast from pointer to integer of different size [-Wpointer-to-int-cast]
   69 |     uintptr_t value = (uintptr_t)ptr;
      |                       ^
./Include/internal/pycore_runtime.h: In function '_PyRuntimeState_SetFinalizing':
./Include/internal/pycore_runtime.h:220:53: warning: cast from pointer to integer of different size [-Wpointer-to-int-cast]
  220 |     _Py_atomic_store_relaxed(&runtime->_finalizing, (uintptr_t)tstate);
      |                                                     ^
./Include/internal/pycore_atomic.h:550:5: note: in expansion of macro '_Py_atomic_store_explicit'
  550 |     _Py_atomic_store_explicit((ATOMIC_VAL), (NEW_VAL), _Py_memory_order_relaxed)
      |     ^~~~~~~~~~~~~~~~~~~~~~~~~
./Include/internal/pycore_runtime.h:220:5: note: in expansion of macro '_Py_atomic_store_relaxed'
  220 |     _Py_atomic_store_relaxed(&runtime->_finalizing, (uintptr_t)tstate);
      |     ^~~~~~~~~~~~~~~~~~~~~~~~
In file included from ./Modules/_io/bufferedio.c:13:
./Include/internal/pycore_object.h: In function '_PyObject_GC_TRACK':
./Include/internal/pycore_object.h:227:23: warning: cast to pointer from integer of different size [-Wint-to-pointer-cast]
  227 |     PyGC_Head *last = (PyGC_Head*)(generation0->_gc_prev);
      |                       ^
./Include/internal/pycore_object.h:231:29: warning: cast from pointer to integer of different size [-Wpointer-to-int-cast]
  231 |     generation0->_gc_prev = (uintptr_t)gc;
      |                             ^
./Include/internal/pycore_object.h: In function '_PyDictOrValues_IsValues':
./Include/internal/pycore_object.h:394:13: warning: cast from pointer to integer of different size [-Wpointer-to-int-cast]
  394 |     return ((uintptr_t)dorv.values) & 1;
      |             ^
gcc -I./Modules/_io -fno-strict-overflow -Wsign-compare -DNDEBUG -g -O3 -Wall    -std=c11 -Wextra -Wno-unused-parameter -Wno-missing-field-initializers -Wstrict-prototypes -Werror=implicit-function-declaration -fvisibility=hidden -include posixcompat.h -mabi=sysv  -I./Include/internal  -I. -I./Include    -DPy_BUILD_CORE_BUILTIN -c ./Modules/_io/textio.c -o Modules/_io/textio.o
In file included from ./Include/Python.h:38,
                 from ./Modules/_io/textio.c:10:
./Include/internal/pycore_gc.h: In function '_PyGCHead_NEXT':
./Include/pyport.h:24:31: warning: cast to pointer from integer of different size [-Wint-to-pointer-cast]
   24 | #define _Py_CAST(type, expr) ((type)(expr))
      |                               ^
./Include/internal/pycore_gc.h:60:12: note: in expansion of macro '_Py_CAST'
   60 |     return _Py_CAST(PyGC_Head*, next);
      |            ^~~~~~~~
./Include/internal/pycore_gc.h: In function '_PyGCHead_SET_NEXT':
./Include/pyport.h:24:31: warning: cast from pointer to integer of different size [-Wpointer-to-int-cast]
   24 | #define _Py_CAST(type, expr) ((type)(expr))
      |                               ^
./Include/internal/pycore_gc.h:63:20: note: in expansion of macro '_Py_CAST'
   63 |     gc->_gc_next = _Py_CAST(uintptr_t, next);
      |                    ^~~~~~~~
./Include/internal/pycore_gc.h: In function '_PyGCHead_PREV':
./Include/pyport.h:24:31: warning: cast to pointer from integer of different size [-Wint-to-pointer-cast]
   24 | #define _Py_CAST(type, expr) ((type)(expr))
      |                               ^
./Include/internal/pycore_gc.h:69:12: note: in expansion of macro '_Py_CAST'
   69 |     return _Py_CAST(PyGC_Head*, prev);
      |            ^~~~~~~~
./Include/internal/pycore_gc.h: In function '_PyGCHead_SET_PREV':
./Include/pyport.h:24:31: warning: cast from pointer to integer of different size [-Wpointer-to-int-cast]
   24 | #define _Py_CAST(type, expr) ((type)(expr))
      |                               ^
./Include/internal/pycore_gc.h:72:23: note: in expansion of macro '_Py_CAST'
   72 |     uintptr_t uprev = _Py_CAST(uintptr_t, prev);
      |                       ^~~~~~~~
In file included from ./Include/internal/pycore_atomic.h:15,
                 from ./Include/internal/pycore_interp.h:15,
                 from ./Modules/_io/textio.c:11:
./Include/internal/pycore_interp.h: In function '_PyInterpreterState_SetFinalizing':
./Include/internal/pycore_interp.h:253:52: warning: cast from pointer to integer of different size [-Wpointer-to-int-cast]
  253 |     _Py_atomic_store_relaxed(&interp->_finalizing, (uintptr_t)tstate);
      |                                                    ^
./Include/internal/pycore_atomic.h:550:5: note: in expansion of macro '_Py_atomic_store_explicit'
  550 |     _Py_atomic_store_explicit((ATOMIC_VAL), (NEW_VAL), _Py_memory_order_relaxed)
      |     ^~~~~~~~~~~~~~~~~~~~~~~~~
./Include/internal/pycore_interp.h:253:5: note: in expansion of macro '_Py_atomic_store_relaxed'
  253 |     _Py_atomic_store_relaxed(&interp->_finalizing, (uintptr_t)tstate);
      |     ^~~~~~~~~~~~~~~~~~~~~~~~
In file included from ./Include/internal/pycore_runtime.h:21,
                 from ./Include/internal/pycore_long.h:12,
                 from ./Modules/_io/textio.c:12:
./Include/internal/pycore_pymem.h: In function '_PyMem_IsPtrFreed':
./Include/internal/pycore_pymem.h:69:23: warning: cast from pointer to integer of different size [-Wpointer-to-int-cast]
   69 |     uintptr_t value = (uintptr_t)ptr;
      |                       ^
./Include/internal/pycore_runtime.h: In function '_PyRuntimeState_SetFinalizing':
./Include/internal/pycore_runtime.h:220:53: warning: cast from pointer to integer of different size [-Wpointer-to-int-cast]
  220 |     _Py_atomic_store_relaxed(&runtime->_finalizing, (uintptr_t)tstate);
      |                                                     ^
./Include/internal/pycore_atomic.h:550:5: note: in expansion of macro '_Py_atomic_store_explicit'
  550 |     _Py_atomic_store_explicit((ATOMIC_VAL), (NEW_VAL), _Py_memory_order_relaxed)
      |     ^~~~~~~~~~~~~~~~~~~~~~~~~
./Include/internal/pycore_runtime.h:220:5: note: in expansion of macro '_Py_atomic_store_relaxed'
  220 |     _Py_atomic_store_relaxed(&runtime->_finalizing, (uintptr_t)tstate);
      |     ^~~~~~~~~~~~~~~~~~~~~~~~
In file included from ./Modules/_io/textio.c:14:
./Include/internal/pycore_object.h: In function '_PyObject_GC_TRACK':
./Include/internal/pycore_object.h:227:23: warning: cast to pointer from integer of different size [-Wint-to-pointer-cast]
  227 |     PyGC_Head *last = (PyGC_Head*)(generation0->_gc_prev);
      |                       ^
./Include/internal/pycore_object.h:231:29: warning: cast from pointer to integer of different size [-Wpointer-to-int-cast]
  231 |     generation0->_gc_prev = (uintptr_t)gc;
      |                             ^
./Include/internal/pycore_object.h: In function '_PyDictOrValues_IsValues':
./Include/internal/pycore_object.h:394:13: warning: cast from pointer to integer of different size [-Wpointer-to-int-cast]
  394 |     return ((uintptr_t)dorv.values) & 1;
      |             ^
gcc -I./Modules/_io -fno-strict-overflow -Wsign-compare -DNDEBUG -g -O3 -Wall    -std=c11 -Wextra -Wno-unused-parameter -Wno-missing-field-initializers -Wstrict-prototypes -Werror=implicit-function-declaration -fvisibility=hidden -include posixcompat.h -mabi=sysv  -I./Include/internal  -I. -I./Include    -DPy_BUILD_CORE_BUILTIN -c ./Modules/_io/stringio.c -o Modules/_io/stringio.o
In file included from ./Include/Python.h:38,
                 from ./Modules/_io/stringio.c:2:
./Include/internal/pycore_gc.h: In function '_PyGCHead_NEXT':
./Include/pyport.h:24:31: warning: cast to pointer from integer of different size [-Wint-to-pointer-cast]
   24 | #define _Py_CAST(type, expr) ((type)(expr))
      |                               ^
./Include/internal/pycore_gc.h:60:12: note: in expansion of macro '_Py_CAST'
   60 |     return _Py_CAST(PyGC_Head*, next);
      |            ^~~~~~~~
./Include/internal/pycore_gc.h: In function '_PyGCHead_SET_NEXT':
./Include/pyport.h:24:31: warning: cast from pointer to integer of different size [-Wpointer-to-int-cast]
   24 | #define _Py_CAST(type, expr) ((type)(expr))
      |                               ^
./Include/internal/pycore_gc.h:63:20: note: in expansion of macro '_Py_CAST'
   63 |     gc->_gc_next = _Py_CAST(uintptr_t, next);
      |                    ^~~~~~~~
./Include/internal/pycore_gc.h: In function '_PyGCHead_PREV':
./Include/pyport.h:24:31: warning: cast to pointer from integer of different size [-Wint-to-pointer-cast]
   24 | #define _Py_CAST(type, expr) ((type)(expr))
      |                               ^
./Include/internal/pycore_gc.h:69:12: note: in expansion of macro '_Py_CAST'
   69 |     return _Py_CAST(PyGC_Head*, prev);
      |            ^~~~~~~~
./Include/internal/pycore_gc.h: In function '_PyGCHead_SET_PREV':
./Include/pyport.h:24:31: warning: cast from pointer to integer of different size [-Wpointer-to-int-cast]
   24 | #define _Py_CAST(type, expr) ((type)(expr))
      |                               ^
./Include/internal/pycore_gc.h:72:23: note: in expansion of macro '_Py_CAST'
   72 |     uintptr_t uprev = _Py_CAST(uintptr_t, prev);
      |                       ^~~~~~~~
In file included from ./Include/internal/pycore_atomic.h:15,
                 from ./Include/internal/pycore_interp.h:15,
                 from ./Include/internal/pycore_object.h:13,
                 from ./Modules/_io/stringio.c:4:
./Include/internal/pycore_interp.h: In function '_PyInterpreterState_SetFinalizing':
./Include/internal/pycore_interp.h:253:52: warning: cast from pointer to integer of different size [-Wpointer-to-int-cast]
  253 |     _Py_atomic_store_relaxed(&interp->_finalizing, (uintptr_t)tstate);
      |                                                    ^
./Include/internal/pycore_atomic.h:550:5: note: in expansion of macro '_Py_atomic_store_explicit'
  550 |     _Py_atomic_store_explicit((ATOMIC_VAL), (NEW_VAL), _Py_memory_order_relaxed)
      |     ^~~~~~~~~~~~~~~~~~~~~~~~~
./Include/internal/pycore_interp.h:253:5: note: in expansion of macro '_Py_atomic_store_relaxed'
  253 |     _Py_atomic_store_relaxed(&interp->_finalizing, (uintptr_t)tstate);
      |     ^~~~~~~~~~~~~~~~~~~~~~~~
In file included from ./Include/internal/pycore_runtime.h:21,
                 from ./Include/internal/pycore_pystate.h:11,
                 from ./Include/internal/pycore_object.h:14:
./Include/internal/pycore_pymem.h: In function '_PyMem_IsPtrFreed':
./Include/internal/pycore_pymem.h:69:23: warning: cast from pointer to integer of different size [-Wpointer-to-int-cast]
   69 |     uintptr_t value = (uintptr_t)ptr;
      |                       ^
./Include/internal/pycore_runtime.h: In function '_PyRuntimeState_SetFinalizing':
./Include/internal/pycore_runtime.h:220:53: warning: cast from pointer to integer of different size [-Wpointer-to-int-cast]
  220 |     _Py_atomic_store_relaxed(&runtime->_finalizing, (uintptr_t)tstate);
      |                                                     ^
./Include/internal/pycore_atomic.h:550:5: note: in expansion of macro '_Py_atomic_store_explicit'
  550 |     _Py_atomic_store_explicit((ATOMIC_VAL), (NEW_VAL), _Py_memory_order_relaxed)
      |     ^~~~~~~~~~~~~~~~~~~~~~~~~
./Include/internal/pycore_runtime.h:220:5: note: in expansion of macro '_Py_atomic_store_relaxed'
  220 |     _Py_atomic_store_relaxed(&runtime->_finalizing, (uintptr_t)tstate);
      |     ^~~~~~~~~~~~~~~~~~~~~~~~
./Include/internal/pycore_object.h: In function '_PyObject_GC_TRACK':
./Include/internal/pycore_object.h:227:23: warning: cast to pointer from integer of different size [-Wint-to-pointer-cast]
  227 |     PyGC_Head *last = (PyGC_Head*)(generation0->_gc_prev);
      |                       ^
./Include/internal/pycore_object.h:231:29: warning: cast from pointer to integer of different size [-Wpointer-to-int-cast]
  231 |     generation0->_gc_prev = (uintptr_t)gc;
      |                             ^
./Include/internal/pycore_object.h: In function '_PyDictOrValues_IsValues':
./Include/internal/pycore_object.h:394:13: warning: cast from pointer to integer of different size [-Wpointer-to-int-cast]
  394 |     return ((uintptr_t)dorv.values) & 1;
      |             ^
gcc  -fno-strict-overflow -Wsign-compare -DNDEBUG -g -O3 -Wall    -std=c11 -Wextra -Wno-unused-parameter -Wno-missing-field-initializers -Wstrict-prototypes -Werror=implicit-function-declaration -fvisibility=hidden -include posixcompat.h -mabi=sysv  -I./Include/internal  -I. -I./Include    -DPy_BUILD_CORE_BUILTIN -c ./Modules/itertoolsmodule.c -o Modules/itertoolsmodule.o
In file included from ./Include/Python.h:38,
                 from ./Modules/itertoolsmodule.c:2:
./Include/internal/pycore_gc.h: In function '_PyGCHead_NEXT':
./Include/pyport.h:24:31: warning: cast to pointer from integer of different size [-Wint-to-pointer-cast]
   24 | #define _Py_CAST(type, expr) ((type)(expr))
      |                               ^
./Include/internal/pycore_gc.h:60:12: note: in expansion of macro '_Py_CAST'
   60 |     return _Py_CAST(PyGC_Head*, next);
      |            ^~~~~~~~
./Include/internal/pycore_gc.h: In function '_PyGCHead_SET_NEXT':
./Include/pyport.h:24:31: warning: cast from pointer to integer of different size [-Wpointer-to-int-cast]
   24 | #define _Py_CAST(type, expr) ((type)(expr))
      |                               ^
./Include/internal/pycore_gc.h:63:20: note: in expansion of macro '_Py_CAST'
   63 |     gc->_gc_next = _Py_CAST(uintptr_t, next);
      |                    ^~~~~~~~
./Include/internal/pycore_gc.h: In function '_PyGCHead_PREV':
./Include/pyport.h:24:31: warning: cast to pointer from integer of different size [-Wint-to-pointer-cast]
   24 | #define _Py_CAST(type, expr) ((type)(expr))
      |                               ^
./Include/internal/pycore_gc.h:69:12: note: in expansion of macro '_Py_CAST'
   69 |     return _Py_CAST(PyGC_Head*, prev);
      |            ^~~~~~~~
./Include/internal/pycore_gc.h: In function '_PyGCHead_SET_PREV':
./Include/pyport.h:24:31: warning: cast from pointer to integer of different size [-Wpointer-to-int-cast]
   24 | #define _Py_CAST(type, expr) ((type)(expr))
      |                               ^
./Include/internal/pycore_gc.h:72:23: note: in expansion of macro '_Py_CAST'
   72 |     uintptr_t uprev = _Py_CAST(uintptr_t, prev);
      |                       ^~~~~~~~
In file included from ./Include/internal/pycore_atomic.h:15,
                 from ./Include/internal/pycore_runtime.h:12,
                 from ./Include/internal/pycore_pystate.h:11,
                 from ./Include/internal/pycore_call.h:11,
                 from ./Modules/itertoolsmodule.c:3:
./Include/internal/pycore_interp.h: In function '_PyInterpreterState_SetFinalizing':
./Include/internal/pycore_interp.h:253:52: warning: cast from pointer to integer of different size [-Wpointer-to-int-cast]
  253 |     _Py_atomic_store_relaxed(&interp->_finalizing, (uintptr_t)tstate);
      |                                                    ^
./Include/internal/pycore_atomic.h:550:5: note: in expansion of macro '_Py_atomic_store_explicit'
  550 |     _Py_atomic_store_explicit((ATOMIC_VAL), (NEW_VAL), _Py_memory_order_relaxed)
      |     ^~~~~~~~~~~~~~~~~~~~~~~~~
./Include/internal/pycore_interp.h:253:5: note: in expansion of macro '_Py_atomic_store_relaxed'
  253 |     _Py_atomic_store_relaxed(&interp->_finalizing, (uintptr_t)tstate);
      |     ^~~~~~~~~~~~~~~~~~~~~~~~
In file included from ./Include/internal/pycore_runtime.h:21:
./Include/internal/pycore_pymem.h: In function '_PyMem_IsPtrFreed':
./Include/internal/pycore_pymem.h:69:23: warning: cast from pointer to integer of different size [-Wpointer-to-int-cast]
   69 |     uintptr_t value = (uintptr_t)ptr;
      |                       ^
./Include/internal/pycore_runtime.h: In function '_PyRuntimeState_SetFinalizing':
./Include/internal/pycore_runtime.h:220:53: warning: cast from pointer to integer of different size [-Wpointer-to-int-cast]
  220 |     _Py_atomic_store_relaxed(&runtime->_finalizing, (uintptr_t)tstate);
      |                                                     ^
./Include/internal/pycore_atomic.h:550:5: note: in expansion of macro '_Py_atomic_store_explicit'
  550 |     _Py_atomic_store_explicit((ATOMIC_VAL), (NEW_VAL), _Py_memory_order_relaxed)
      |     ^~~~~~~~~~~~~~~~~~~~~~~~~
./Include/internal/pycore_runtime.h:220:5: note: in expansion of macro '_Py_atomic_store_relaxed'
  220 |     _Py_atomic_store_relaxed(&runtime->_finalizing, (uintptr_t)tstate);
      |     ^~~~~~~~~~~~~~~~~~~~~~~~
In file included from ./Modules/itertoolsmodule.c:7:
./Include/internal/pycore_object.h: In function '_PyObject_GC_TRACK':
./Include/internal/pycore_object.h:227:23: warning: cast to pointer from integer of different size [-Wint-to-pointer-cast]
  227 |     PyGC_Head *last = (PyGC_Head*)(generation0->_gc_prev);
      |                       ^
./Include/internal/pycore_object.h:231:29: warning: cast from pointer to integer of different size [-Wpointer-to-int-cast]
  231 |     generation0->_gc_prev = (uintptr_t)gc;
      |                             ^
./Include/internal/pycore_object.h: In function '_PyDictOrValues_IsValues':
./Include/internal/pycore_object.h:394:13: warning: cast from pointer to integer of different size [-Wpointer-to-int-cast]
  394 |     return ((uintptr_t)dorv.values) & 1;
      |             ^
gcc  -fno-strict-overflow -Wsign-compare -DNDEBUG -g -O3 -Wall    -std=c11 -Wextra -Wno-unused-parameter -Wno-missing-field-initializers -Wstrict-prototypes -Werror=implicit-function-declaration -fvisibility=hidden -include posixcompat.h -mabi=sysv  -I./Include/internal  -I. -I./Include    -DPy_BUILD_CORE_BUILTIN -c ./Modules/_sre/sre.c -o Modules/_sre/sre.o
In file included from ./Include/Python.h:38,
                 from ./Modules/_sre/sre.c:43:
./Include/internal/pycore_gc.h: In function '_PyGCHead_NEXT':
./Include/pyport.h:24:31: warning: cast to pointer from integer of different size [-Wint-to-pointer-cast]
   24 | #define _Py_CAST(type, expr) ((type)(expr))
      |                               ^
./Include/internal/pycore_gc.h:60:12: note: in expansion of macro '_Py_CAST'
   60 |     return _Py_CAST(PyGC_Head*, next);
      |            ^~~~~~~~
./Include/internal/pycore_gc.h: In function '_PyGCHead_SET_NEXT':
./Include/pyport.h:24:31: warning: cast from pointer to integer of different size [-Wpointer-to-int-cast]
   24 | #define _Py_CAST(type, expr) ((type)(expr))
      |                               ^
./Include/internal/pycore_gc.h:63:20: note: in expansion of macro '_Py_CAST'
   63 |     gc->_gc_next = _Py_CAST(uintptr_t, next);
      |                    ^~~~~~~~
./Include/internal/pycore_gc.h: In function '_PyGCHead_PREV':
./Include/pyport.h:24:31: warning: cast to pointer from integer of different size [-Wint-to-pointer-cast]
   24 | #define _Py_CAST(type, expr) ((type)(expr))
      |                               ^
./Include/internal/pycore_gc.h:69:12: note: in expansion of macro '_Py_CAST'
   69 |     return _Py_CAST(PyGC_Head*, prev);
      |            ^~~~~~~~
./Include/internal/pycore_gc.h: In function '_PyGCHead_SET_PREV':
./Include/pyport.h:24:31: warning: cast from pointer to integer of different size [-Wpointer-to-int-cast]
   24 | #define _Py_CAST(type, expr) ((type)(expr))
      |                               ^
./Include/internal/pycore_gc.h:72:23: note: in expansion of macro '_Py_CAST'
   72 |     uintptr_t uprev = _Py_CAST(uintptr_t, prev);
      |                       ^~~~~~~~
In file included from ./Include/internal/pycore_atomic.h:15,
                 from ./Include/internal/pycore_runtime.h:12,
                 from ./Include/internal/pycore_long.h:12,
                 from ./Modules/_sre/sre.c:44:
./Include/internal/pycore_interp.h: In function '_PyInterpreterState_SetFinalizing':
./Include/internal/pycore_interp.h:253:52: warning: cast from pointer to integer of different size [-Wpointer-to-int-cast]
  253 |     _Py_atomic_store_relaxed(&interp->_finalizing, (uintptr_t)tstate);
      |                                                    ^
./Include/internal/pycore_atomic.h:550:5: note: in expansion of macro '_Py_atomic_store_explicit'
  550 |     _Py_atomic_store_explicit((ATOMIC_VAL), (NEW_VAL), _Py_memory_order_relaxed)
      |     ^~~~~~~~~~~~~~~~~~~~~~~~~
./Include/internal/pycore_interp.h:253:5: note: in expansion of macro '_Py_atomic_store_relaxed'
  253 |     _Py_atomic_store_relaxed(&interp->_finalizing, (uintptr_t)tstate);
      |     ^~~~~~~~~~~~~~~~~~~~~~~~
In file included from ./Include/internal/pycore_runtime.h:21:
./Include/internal/pycore_pymem.h: In function '_PyMem_IsPtrFreed':
./Include/internal/pycore_pymem.h:69:23: warning: cast from pointer to integer of different size [-Wpointer-to-int-cast]
   69 |     uintptr_t value = (uintptr_t)ptr;
      |                       ^
./Include/internal/pycore_runtime.h: In function '_PyRuntimeState_SetFinalizing':
./Include/internal/pycore_runtime.h:220:53: warning: cast from pointer to integer of different size [-Wpointer-to-int-cast]
  220 |     _Py_atomic_store_relaxed(&runtime->_finalizing, (uintptr_t)tstate);
      |                                                     ^
./Include/internal/pycore_atomic.h:550:5: note: in expansion of macro '_Py_atomic_store_explicit'
  550 |     _Py_atomic_store_explicit((ATOMIC_VAL), (NEW_VAL), _Py_memory_order_relaxed)
      |     ^~~~~~~~~~~~~~~~~~~~~~~~~
./Include/internal/pycore_runtime.h:220:5: note: in expansion of macro '_Py_atomic_store_relaxed'
  220 |     _Py_atomic_store_relaxed(&runtime->_finalizing, (uintptr_t)tstate);
      |     ^~~~~~~~~~~~~~~~~~~~~~~~
In file included from ./Modules/_sre/sre.c:305:
./Modules/_sre/sre_lib.h: In function 'sre_ucs1_count':
./Modules/_sre/sre_lib.h:214:42: warning: comparison of integer expressions of different signedness: 'Py_ssize_t' {aka 'int'} and 'unsigned int' [-Wsign-compare]
  214 |     if (maxcount < end - ptr && maxcount != SRE_MAXREPEAT)
      |                                          ^~
./Modules/_sre/sre_lib.h: In function 'sre_ucs1_match':
./Modules/_sre/sre_lib.h:1008:47: warning: comparison of integer expressions of different signedness: 'int' and 'unsigned int' [-Wsign-compare]
 1008 |                 while ((Py_ssize_t)pattern[2] == SRE_MAXREPEAT
      |                                               ^~
./Modules/_sre/sre_lib.h:1312:44: warning: comparison of integer expressions of different signedness: 'int' and 'unsigned int' [-Wsign-compare]
 1312 |                     (Py_ssize_t)pattern[2] == SRE_MAXREPEAT) &&
      |                                            ^~
In file included from ./Modules/_sre/sre.c:312:
./Modules/_sre/sre_lib.h: In function 'sre_ucs2_count':
./Modules/_sre/sre_lib.h:214:42: warning: comparison of integer expressions of different signedness: 'Py_ssize_t' {aka 'int'} and 'unsigned int' [-Wsign-compare]
  214 |     if (maxcount < end - ptr && maxcount != SRE_MAXREPEAT)
      |                                          ^~
./Modules/_sre/sre_lib.h: In function 'sre_ucs2_match':
./Modules/_sre/sre_lib.h:1008:47: warning: comparison of integer expressions of different signedness: 'int' and 'unsigned int' [-Wsign-compare]
 1008 |                 while ((Py_ssize_t)pattern[2] == SRE_MAXREPEAT
      |                                               ^~
./Modules/_sre/sre_lib.h:1312:44: warning: comparison of integer expressions of different signedness: 'int' and 'unsigned int' [-Wsign-compare]
 1312 |                     (Py_ssize_t)pattern[2] == SRE_MAXREPEAT) &&
      |                                            ^~
In file included from ./Modules/_sre/sre.c:319:
./Modules/_sre/sre_lib.h: In function 'sre_ucs4_count':
./Modules/_sre/sre_lib.h:214:42: warning: comparison of integer expressions of different signedness: 'Py_ssize_t' {aka 'int'} and 'unsigned int' [-Wsign-compare]
  214 |     if (maxcount < end - ptr && maxcount != SRE_MAXREPEAT)
      |                                          ^~
./Modules/_sre/sre_lib.h: In function 'sre_ucs4_match':
./Modules/_sre/sre_lib.h:1008:47: warning: comparison of integer expressions of different signedness: 'int' and 'unsigned int' [-Wsign-compare]
 1008 |                 while ((Py_ssize_t)pattern[2] == SRE_MAXREPEAT
      |                                               ^~
./Modules/_sre/sre_lib.h:1312:44: warning: comparison of integer expressions of different signedness: 'int' and 'unsigned int' [-Wsign-compare]
 1312 |                     (Py_ssize_t)pattern[2] == SRE_MAXREPEAT) &&
      |                                            ^~
gcc  -fno-strict-overflow -Wsign-compare -DNDEBUG -g -O3 -Wall    -std=c11 -Wextra -Wno-unused-parameter -Wno-missing-field-initializers -Wstrict-prototypes -Werror=implicit-function-declaration -fvisibility=hidden -include posixcompat.h -mabi=sysv  -I./Include/internal  -I. -I./Include    -DPy_BUILD_CORE_BUILTIN -c ./Modules/_threadmodule.c -o Modules/_threadmodule.o
In file included from ./Include/Python.h:38,
                 from ./Modules/_threadmodule.c:5:
./Include/internal/pycore_gc.h: In function '_PyGCHead_NEXT':
./Include/pyport.h:24:31: warning: cast to pointer from integer of different size [-Wint-to-pointer-cast]
   24 | #define _Py_CAST(type, expr) ((type)(expr))
      |                               ^
./Include/internal/pycore_gc.h:60:12: note: in expansion of macro '_Py_CAST'
   60 |     return _Py_CAST(PyGC_Head*, next);
      |            ^~~~~~~~
./Include/internal/pycore_gc.h: In function '_PyGCHead_SET_NEXT':
./Include/pyport.h:24:31: warning: cast from pointer to integer of different size [-Wpointer-to-int-cast]
   24 | #define _Py_CAST(type, expr) ((type)(expr))
      |                               ^
./Include/internal/pycore_gc.h:63:20: note: in expansion of macro '_Py_CAST'
   63 |     gc->_gc_next = _Py_CAST(uintptr_t, next);
      |                    ^~~~~~~~
./Include/internal/pycore_gc.h: In function '_PyGCHead_PREV':
./Include/pyport.h:24:31: warning: cast to pointer from integer of different size [-Wint-to-pointer-cast]
   24 | #define _Py_CAST(type, expr) ((type)(expr))
      |                               ^
./Include/internal/pycore_gc.h:69:12: note: in expansion of macro '_Py_CAST'
   69 |     return _Py_CAST(PyGC_Head*, prev);
      |            ^~~~~~~~
./Include/internal/pycore_gc.h: In function '_PyGCHead_SET_PREV':
./Include/pyport.h:24:31: warning: cast from pointer to integer of different size [-Wpointer-to-int-cast]
   24 | #define _Py_CAST(type, expr) ((type)(expr))
      |                               ^
./Include/internal/pycore_gc.h:72:23: note: in expansion of macro '_Py_CAST'
   72 |     uintptr_t uprev = _Py_CAST(uintptr_t, prev);
      |                       ^~~~~~~~
In file included from ./Include/internal/pycore_atomic.h:15,
                 from ./Include/internal/pycore_interp.h:15,
                 from ./Modules/_threadmodule.c:6:
./Include/internal/pycore_interp.h: In function '_PyInterpreterState_SetFinalizing':
./Include/internal/pycore_interp.h:253:52: warning: cast from pointer to integer of different size [-Wpointer-to-int-cast]
  253 |     _Py_atomic_store_relaxed(&interp->_finalizing, (uintptr_t)tstate);
      |                                                    ^
./Include/internal/pycore_atomic.h:550:5: note: in expansion of macro '_Py_atomic_store_explicit'
  550 |     _Py_atomic_store_explicit((ATOMIC_VAL), (NEW_VAL), _Py_memory_order_relaxed)
      |     ^~~~~~~~~~~~~~~~~~~~~~~~~
./Include/internal/pycore_interp.h:253:5: note: in expansion of macro '_Py_atomic_store_relaxed'
  253 |     _Py_atomic_store_relaxed(&interp->_finalizing, (uintptr_t)tstate);
      |     ^~~~~~~~~~~~~~~~~~~~~~~~
In file included from ./Include/internal/pycore_runtime.h:21,
                 from ./Include/internal/pycore_pylifecycle.h:11,
                 from ./Modules/_threadmodule.c:8:
./Include/internal/pycore_pymem.h: In function '_PyMem_IsPtrFreed':
./Include/internal/pycore_pymem.h:69:23: warning: cast from pointer to integer of different size [-Wpointer-to-int-cast]
   69 |     uintptr_t value = (uintptr_t)ptr;
      |                       ^
./Include/internal/pycore_runtime.h: In function '_PyRuntimeState_SetFinalizing':
./Include/internal/pycore_runtime.h:220:53: warning: cast from pointer to integer of different size [-Wpointer-to-int-cast]
  220 |     _Py_atomic_store_relaxed(&runtime->_finalizing, (uintptr_t)tstate);
      |                                                     ^
./Include/internal/pycore_atomic.h:550:5: note: in expansion of macro '_Py_atomic_store_explicit'
  550 |     _Py_atomic_store_explicit((ATOMIC_VAL), (NEW_VAL), _Py_memory_order_relaxed)
      |     ^~~~~~~~~~~~~~~~~~~~~~~~~
./Include/internal/pycore_runtime.h:220:5: note: in expansion of macro '_Py_atomic_store_relaxed'
  220 |     _Py_atomic_store_relaxed(&runtime->_finalizing, (uintptr_t)tstate);
      |     ^~~~~~~~~~~~~~~~~~~~~~~~
gcc  -fno-strict-overflow -Wsign-compare -DNDEBUG -g -O3 -Wall    -std=c11 -Wextra -Wno-unused-parameter -Wno-missing-field-initializers -Wstrict-prototypes -Werror=implicit-function-declaration -fvisibility=hidden -include posixcompat.h -mabi=sysv  -I./Include/internal  -I. -I./Include    -DPy_BUILD_CORE_BUILTIN -c ./Modules/timemodule.c -o Modules/timemodule.o
In file included from ./Include/Python.h:38,
                 from ./Modules/timemodule.c:3:
./Include/internal/pycore_gc.h: In function '_PyGCHead_NEXT':
./Include/pyport.h:24:31: warning: cast to pointer from integer of different size [-Wint-to-pointer-cast]
   24 | #define _Py_CAST(type, expr) ((type)(expr))
      |                               ^
./Include/internal/pycore_gc.h:60:12: note: in expansion of macro '_Py_CAST'
   60 |     return _Py_CAST(PyGC_Head*, next);
      |            ^~~~~~~~
./Include/internal/pycore_gc.h: In function '_PyGCHead_SET_NEXT':
./Include/pyport.h:24:31: warning: cast from pointer to integer of different size [-Wpointer-to-int-cast]
   24 | #define _Py_CAST(type, expr) ((type)(expr))
      |                               ^
./Include/internal/pycore_gc.h:63:20: note: in expansion of macro '_Py_CAST'
   63 |     gc->_gc_next = _Py_CAST(uintptr_t, next);
      |                    ^~~~~~~~
./Include/internal/pycore_gc.h: In function '_PyGCHead_PREV':
./Include/pyport.h:24:31: warning: cast to pointer from integer of different size [-Wint-to-pointer-cast]
   24 | #define _Py_CAST(type, expr) ((type)(expr))
      |                               ^
./Include/internal/pycore_gc.h:69:12: note: in expansion of macro '_Py_CAST'
   69 |     return _Py_CAST(PyGC_Head*, prev);
      |            ^~~~~~~~
./Include/internal/pycore_gc.h: In function '_PyGCHead_SET_PREV':
./Include/pyport.h:24:31: warning: cast from pointer to integer of different size [-Wpointer-to-int-cast]
   24 | #define _Py_CAST(type, expr) ((type)(expr))
      |                               ^
./Include/internal/pycore_gc.h:72:23: note: in expansion of macro '_Py_CAST'
   72 |     uintptr_t uprev = _Py_CAST(uintptr_t, prev);
      |                       ^~~~~~~~
In file included from ./Include/internal/pycore_atomic.h:15,
                 from ./Include/internal/pycore_runtime.h:12,
                 from ./Modules/timemodule.c:7:
./Include/internal/pycore_interp.h: In function '_PyInterpreterState_SetFinalizing':
./Include/internal/pycore_interp.h:253:52: warning: cast from pointer to integer of different size [-Wpointer-to-int-cast]
  253 |     _Py_atomic_store_relaxed(&interp->_finalizing, (uintptr_t)tstate);
      |                                                    ^
./Include/internal/pycore_atomic.h:550:5: note: in expansion of macro '_Py_atomic_store_explicit'
  550 |     _Py_atomic_store_explicit((ATOMIC_VAL), (NEW_VAL), _Py_memory_order_relaxed)
      |     ^~~~~~~~~~~~~~~~~~~~~~~~~
./Include/internal/pycore_interp.h:253:5: note: in expansion of macro '_Py_atomic_store_relaxed'
  253 |     _Py_atomic_store_relaxed(&interp->_finalizing, (uintptr_t)tstate);
      |     ^~~~~~~~~~~~~~~~~~~~~~~~
In file included from ./Include/internal/pycore_runtime.h:21:
./Include/internal/pycore_pymem.h: In function '_PyMem_IsPtrFreed':
./Include/internal/pycore_pymem.h:69:23: warning: cast from pointer to integer of different size [-Wpointer-to-int-cast]
   69 |     uintptr_t value = (uintptr_t)ptr;
      |                       ^
./Include/internal/pycore_runtime.h: In function '_PyRuntimeState_SetFinalizing':
./Include/internal/pycore_runtime.h:220:53: warning: cast from pointer to integer of different size [-Wpointer-to-int-cast]
  220 |     _Py_atomic_store_relaxed(&runtime->_finalizing, (uintptr_t)tstate);
      |                                                     ^
./Include/internal/pycore_atomic.h:550:5: note: in expansion of macro '_Py_atomic_store_explicit'
  550 |     _Py_atomic_store_explicit((ATOMIC_VAL), (NEW_VAL), _Py_memory_order_relaxed)
      |     ^~~~~~~~~~~~~~~~~~~~~~~~~
./Include/internal/pycore_runtime.h:220:5: note: in expansion of macro '_Py_atomic_store_relaxed'
  220 |     _Py_atomic_store_relaxed(&runtime->_finalizing, (uintptr_t)tstate);
      |     ^~~~~~~~~~~~~~~~~~~~~~~~
./Modules/timemodule.c: In function 'check_ticks_per_second':
./Modules/timemodule.c:73:36: warning: comparison is always false due to limited range of data type [-Wtype-limits]
   73 |     if (tps >= 0 && (_PyTime_t)tps > _PyTime_MAX / SEC_TO_NS) {
      |                                    ^
gcc  -fno-strict-overflow -Wsign-compare -DNDEBUG -g -O3 -Wall    -std=c11 -Wextra -Wno-unused-parameter -Wno-missing-field-initializers -Wstrict-prototypes -Werror=implicit-function-declaration -fvisibility=hidden -include posixcompat.h -mabi=sysv  -I./Include/internal  -I. -I./Include    -DPy_BUILD_CORE_BUILTIN -c ./Modules/_typingmodule.c -o Modules/_typingmodule.o
In file included from ./Include/Python.h:38,
                 from ./Modules/_typingmodule.c:7:
./Include/internal/pycore_gc.h: In function '_PyGCHead_NEXT':
./Include/pyport.h:24:31: warning: cast to pointer from integer of different size [-Wint-to-pointer-cast]
   24 | #define _Py_CAST(type, expr) ((type)(expr))
      |                               ^
./Include/internal/pycore_gc.h:60:12: note: in expansion of macro '_Py_CAST'
   60 |     return _Py_CAST(PyGC_Head*, next);
      |            ^~~~~~~~
./Include/internal/pycore_gc.h: In function '_PyGCHead_SET_NEXT':
./Include/pyport.h:24:31: warning: cast from pointer to integer of different size [-Wpointer-to-int-cast]
   24 | #define _Py_CAST(type, expr) ((type)(expr))
      |                               ^
./Include/internal/pycore_gc.h:63:20: note: in expansion of macro '_Py_CAST'
   63 |     gc->_gc_next = _Py_CAST(uintptr_t, next);
      |                    ^~~~~~~~
./Include/internal/pycore_gc.h: In function '_PyGCHead_PREV':
./Include/pyport.h:24:31: warning: cast to pointer from integer of different size [-Wint-to-pointer-cast]
   24 | #define _Py_CAST(type, expr) ((type)(expr))
      |                               ^
./Include/internal/pycore_gc.h:69:12: note: in expansion of macro '_Py_CAST'
   69 |     return _Py_CAST(PyGC_Head*, prev);
      |            ^~~~~~~~
./Include/internal/pycore_gc.h: In function '_PyGCHead_SET_PREV':
./Include/pyport.h:24:31: warning: cast from pointer to integer of different size [-Wpointer-to-int-cast]
   24 | #define _Py_CAST(type, expr) ((type)(expr))
      |                               ^
./Include/internal/pycore_gc.h:72:23: note: in expansion of macro '_Py_CAST'
   72 |     uintptr_t uprev = _Py_CAST(uintptr_t, prev);
      |                       ^~~~~~~~
In file included from ./Include/internal/pycore_atomic.h:15,
                 from ./Include/internal/pycore_interp.h:15,
                 from ./Modules/_typingmodule.c:8:
./Include/internal/pycore_interp.h: In function '_PyInterpreterState_SetFinalizing':
./Include/internal/pycore_interp.h:253:52: warning: cast from pointer to integer of different size [-Wpointer-to-int-cast]
  253 |     _Py_atomic_store_relaxed(&interp->_finalizing, (uintptr_t)tstate);
      |                                                    ^
./Include/internal/pycore_atomic.h:550:5: note: in expansion of macro '_Py_atomic_store_explicit'
  550 |     _Py_atomic_store_explicit((ATOMIC_VAL), (NEW_VAL), _Py_memory_order_relaxed)
      |     ^~~~~~~~~~~~~~~~~~~~~~~~~
./Include/internal/pycore_interp.h:253:5: note: in expansion of macro '_Py_atomic_store_relaxed'
  253 |     _Py_atomic_store_relaxed(&interp->_finalizing, (uintptr_t)tstate);
      |     ^~~~~~~~~~~~~~~~~~~~~~~~
In file included from ./Include/internal/pycore_runtime.h:21,
                 from ./Modules/clinic/_typingmodule.c.h:7,
                 from ./Modules/_typingmodule.c:10:
./Include/internal/pycore_pymem.h: In function '_PyMem_IsPtrFreed':
./Include/internal/pycore_pymem.h:69:23: warning: cast from pointer to integer of different size [-Wpointer-to-int-cast]
   69 |     uintptr_t value = (uintptr_t)ptr;
      |                       ^
./Include/internal/pycore_runtime.h: In function '_PyRuntimeState_SetFinalizing':
./Include/internal/pycore_runtime.h:220:53: warning: cast from pointer to integer of different size [-Wpointer-to-int-cast]
  220 |     _Py_atomic_store_relaxed(&runtime->_finalizing, (uintptr_t)tstate);
      |                                                     ^
./Include/internal/pycore_atomic.h:550:5: note: in expansion of macro '_Py_atomic_store_explicit'
  550 |     _Py_atomic_store_explicit((ATOMIC_VAL), (NEW_VAL), _Py_memory_order_relaxed)
      |     ^~~~~~~~~~~~~~~~~~~~~~~~~
./Include/internal/pycore_runtime.h:220:5: note: in expansion of macro '_Py_atomic_store_relaxed'
  220 |     _Py_atomic_store_relaxed(&runtime->_finalizing, (uintptr_t)tstate);
      |     ^~~~~~~~~~~~~~~~~~~~~~~~
gcc  -fno-strict-overflow -Wsign-compare -DNDEBUG -g -O3 -Wall    -std=c11 -Wextra -Wno-unused-parameter -Wno-missing-field-initializers -Wstrict-prototypes -Werror=implicit-function-declaration -fvisibility=hidden -include posixcompat.h -mabi=sysv  -I./Include/internal  -I. -I./Include    -DPy_BUILD_CORE_BUILTIN -c ./Modules/_weakref.c -o Modules/_weakref.o
In file included from ./Include/Python.h:38,
                 from ./Modules/_weakref.c:1:
./Include/internal/pycore_gc.h: In function '_PyGCHead_NEXT':
./Include/pyport.h:24:31: warning: cast to pointer from integer of different size [-Wint-to-pointer-cast]
   24 | #define _Py_CAST(type, expr) ((type)(expr))
      |                               ^
./Include/internal/pycore_gc.h:60:12: note: in expansion of macro '_Py_CAST'
   60 |     return _Py_CAST(PyGC_Head*, next);
      |            ^~~~~~~~
./Include/internal/pycore_gc.h: In function '_PyGCHead_SET_NEXT':
./Include/pyport.h:24:31: warning: cast from pointer to integer of different size [-Wpointer-to-int-cast]
   24 | #define _Py_CAST(type, expr) ((type)(expr))
      |                               ^
./Include/internal/pycore_gc.h:63:20: note: in expansion of macro '_Py_CAST'
   63 |     gc->_gc_next = _Py_CAST(uintptr_t, next);
      |                    ^~~~~~~~
./Include/internal/pycore_gc.h: In function '_PyGCHead_PREV':
./Include/pyport.h:24:31: warning: cast to pointer from integer of different size [-Wint-to-pointer-cast]
   24 | #define _Py_CAST(type, expr) ((type)(expr))
      |                               ^
./Include/internal/pycore_gc.h:69:12: note: in expansion of macro '_Py_CAST'
   69 |     return _Py_CAST(PyGC_Head*, prev);
      |            ^~~~~~~~
./Include/internal/pycore_gc.h: In function '_PyGCHead_SET_PREV':
./Include/pyport.h:24:31: warning: cast from pointer to integer of different size [-Wpointer-to-int-cast]
   24 | #define _Py_CAST(type, expr) ((type)(expr))
      |                               ^
./Include/internal/pycore_gc.h:72:23: note: in expansion of macro '_Py_CAST'
   72 |     uintptr_t uprev = _Py_CAST(uintptr_t, prev);
      |                       ^~~~~~~~
In file included from ./Include/internal/pycore_atomic.h:15,
                 from ./Include/internal/pycore_interp.h:15,
                 from ./Include/internal/pycore_object.h:13,
                 from ./Modules/_weakref.c:2:
./Include/internal/pycore_interp.h: In function '_PyInterpreterState_SetFinalizing':
./Include/internal/pycore_interp.h:253:52: warning: cast from pointer to integer of different size [-Wpointer-to-int-cast]
  253 |     _Py_atomic_store_relaxed(&interp->_finalizing, (uintptr_t)tstate);
      |                                                    ^
./Include/internal/pycore_atomic.h:550:5: note: in expansion of macro '_Py_atomic_store_explicit'
  550 |     _Py_atomic_store_explicit((ATOMIC_VAL), (NEW_VAL), _Py_memory_order_relaxed)
      |     ^~~~~~~~~~~~~~~~~~~~~~~~~
./Include/internal/pycore_interp.h:253:5: note: in expansion of macro '_Py_atomic_store_relaxed'
  253 |     _Py_atomic_store_relaxed(&interp->_finalizing, (uintptr_t)tstate);
      |     ^~~~~~~~~~~~~~~~~~~~~~~~
In file included from ./Include/internal/pycore_runtime.h:21,
                 from ./Include/internal/pycore_pystate.h:11,
                 from ./Include/internal/pycore_object.h:14:
./Include/internal/pycore_pymem.h: In function '_PyMem_IsPtrFreed':
./Include/internal/pycore_pymem.h:69:23: warning: cast from pointer to integer of different size [-Wpointer-to-int-cast]
   69 |     uintptr_t value = (uintptr_t)ptr;
      |                       ^
./Include/internal/pycore_runtime.h: In function '_PyRuntimeState_SetFinalizing':
./Include/internal/pycore_runtime.h:220:53: warning: cast from pointer to integer of different size [-Wpointer-to-int-cast]
  220 |     _Py_atomic_store_relaxed(&runtime->_finalizing, (uintptr_t)tstate);
      |                                                     ^
./Include/internal/pycore_atomic.h:550:5: note: in expansion of macro '_Py_atomic_store_explicit'
  550 |     _Py_atomic_store_explicit((ATOMIC_VAL), (NEW_VAL), _Py_memory_order_relaxed)
      |     ^~~~~~~~~~~~~~~~~~~~~~~~~
./Include/internal/pycore_runtime.h:220:5: note: in expansion of macro '_Py_atomic_store_relaxed'
  220 |     _Py_atomic_store_relaxed(&runtime->_finalizing, (uintptr_t)tstate);
      |     ^~~~~~~~~~~~~~~~~~~~~~~~
./Include/internal/pycore_object.h: In function '_PyObject_GC_TRACK':
./Include/internal/pycore_object.h:227:23: warning: cast to pointer from integer of different size [-Wint-to-pointer-cast]
  227 |     PyGC_Head *last = (PyGC_Head*)(generation0->_gc_prev);
      |                       ^
./Include/internal/pycore_object.h:231:29: warning: cast from pointer to integer of different size [-Wpointer-to-int-cast]
  231 |     generation0->_gc_prev = (uintptr_t)gc;
      |                             ^
./Include/internal/pycore_object.h: In function '_PyDictOrValues_IsValues':
./Include/internal/pycore_object.h:394:13: warning: cast from pointer to integer of different size [-Wpointer-to-int-cast]
  394 |     return ((uintptr_t)dorv.values) & 1;
      |             ^
gcc  -fno-strict-overflow -Wsign-compare -DNDEBUG -g -O3 -Wall    -std=c11 -Wextra -Wno-unused-parameter -Wno-missing-field-initializers -Wstrict-prototypes -Werror=implicit-function-declaration -fvisibility=hidden -include posixcompat.h -mabi=sysv  -I./Include/internal  -I. -I./Include    -DPy_BUILD_CORE_BUILTIN -c ./Modules/_abc.c -o Modules/_abc.o
In file included from ./Include/Python.h:38,
                 from ./Modules/_abc.c:6:
./Include/internal/pycore_gc.h: In function '_PyGCHead_NEXT':
./Include/pyport.h:24:31: warning: cast to pointer from integer of different size [-Wint-to-pointer-cast]
   24 | #define _Py_CAST(type, expr) ((type)(expr))
      |                               ^
./Include/internal/pycore_gc.h:60:12: note: in expansion of macro '_Py_CAST'
   60 |     return _Py_CAST(PyGC_Head*, next);
      |            ^~~~~~~~
./Include/internal/pycore_gc.h: In function '_PyGCHead_SET_NEXT':
./Include/pyport.h:24:31: warning: cast from pointer to integer of different size [-Wpointer-to-int-cast]
   24 | #define _Py_CAST(type, expr) ((type)(expr))
      |                               ^
./Include/internal/pycore_gc.h:63:20: note: in expansion of macro '_Py_CAST'
   63 |     gc->_gc_next = _Py_CAST(uintptr_t, next);
      |                    ^~~~~~~~
./Include/internal/pycore_gc.h: In function '_PyGCHead_PREV':
./Include/pyport.h:24:31: warning: cast to pointer from integer of different size [-Wint-to-pointer-cast]
   24 | #define _Py_CAST(type, expr) ((type)(expr))
      |                               ^
./Include/internal/pycore_gc.h:69:12: note: in expansion of macro '_Py_CAST'
   69 |     return _Py_CAST(PyGC_Head*, prev);
      |            ^~~~~~~~
./Include/internal/pycore_gc.h: In function '_PyGCHead_SET_PREV':
./Include/pyport.h:24:31: warning: cast from pointer to integer of different size [-Wpointer-to-int-cast]
   24 | #define _Py_CAST(type, expr) ((type)(expr))
      |                               ^
./Include/internal/pycore_gc.h:72:23: note: in expansion of macro '_Py_CAST'
   72 |     uintptr_t uprev = _Py_CAST(uintptr_t, prev);
      |                       ^~~~~~~~
In file included from ./Include/internal/pycore_atomic.h:15,
                 from ./Include/internal/pycore_interp.h:15,
                 from ./Include/internal/pycore_object.h:13,
                 from ./Modules/_abc.c:8:
./Include/internal/pycore_interp.h: In function '_PyInterpreterState_SetFinalizing':
./Include/internal/pycore_interp.h:253:52: warning: cast from pointer to integer of different size [-Wpointer-to-int-cast]
  253 |     _Py_atomic_store_relaxed(&interp->_finalizing, (uintptr_t)tstate);
      |                                                    ^
./Include/internal/pycore_atomic.h:550:5: note: in expansion of macro '_Py_atomic_store_explicit'
  550 |     _Py_atomic_store_explicit((ATOMIC_VAL), (NEW_VAL), _Py_memory_order_relaxed)
      |     ^~~~~~~~~~~~~~~~~~~~~~~~~
./Include/internal/pycore_interp.h:253:5: note: in expansion of macro '_Py_atomic_store_relaxed'
  253 |     _Py_atomic_store_relaxed(&interp->_finalizing, (uintptr_t)tstate);
      |     ^~~~~~~~~~~~~~~~~~~~~~~~
In file included from ./Include/internal/pycore_runtime.h:21,
                 from ./Include/internal/pycore_pystate.h:11,
                 from ./Include/internal/pycore_object.h:14:
./Include/internal/pycore_pymem.h: In function '_PyMem_IsPtrFreed':
./Include/internal/pycore_pymem.h:69:23: warning: cast from pointer to integer of different size [-Wpointer-to-int-cast]
   69 |     uintptr_t value = (uintptr_t)ptr;
      |                       ^
./Include/internal/pycore_runtime.h: In function '_PyRuntimeState_SetFinalizing':
./Include/internal/pycore_runtime.h:220:53: warning: cast from pointer to integer of different size [-Wpointer-to-int-cast]
  220 |     _Py_atomic_store_relaxed(&runtime->_finalizing, (uintptr_t)tstate);
      |                                                     ^
./Include/internal/pycore_atomic.h:550:5: note: in expansion of macro '_Py_atomic_store_explicit'
  550 |     _Py_atomic_store_explicit((ATOMIC_VAL), (NEW_VAL), _Py_memory_order_relaxed)
      |     ^~~~~~~~~~~~~~~~~~~~~~~~~
./Include/internal/pycore_runtime.h:220:5: note: in expansion of macro '_Py_atomic_store_relaxed'
  220 |     _Py_atomic_store_relaxed(&runtime->_finalizing, (uintptr_t)tstate);
      |     ^~~~~~~~~~~~~~~~~~~~~~~~
./Include/internal/pycore_object.h: In function '_PyObject_GC_TRACK':
./Include/internal/pycore_object.h:227:23: warning: cast to pointer from integer of different size [-Wint-to-pointer-cast]
  227 |     PyGC_Head *last = (PyGC_Head*)(generation0->_gc_prev);
      |                       ^
./Include/internal/pycore_object.h:231:29: warning: cast from pointer to integer of different size [-Wpointer-to-int-cast]
  231 |     generation0->_gc_prev = (uintptr_t)gc;
      |                             ^
./Include/internal/pycore_object.h: In function '_PyDictOrValues_IsValues':
./Include/internal/pycore_object.h:394:13: warning: cast from pointer to integer of different size [-Wpointer-to-int-cast]
  394 |     return ((uintptr_t)dorv.values) & 1;
      |             ^
gcc  -fno-strict-overflow -Wsign-compare -DNDEBUG -g -O3 -Wall    -std=c11 -Wextra -Wno-unused-parameter -Wno-missing-field-initializers -Wstrict-prototypes -Werror=implicit-function-declaration -fvisibility=hidden -include posixcompat.h -mabi=sysv  -I./Include/internal  -I. -I./Include    -DPy_BUILD_CORE_BUILTIN -c ./Modules/_functoolsmodule.c -o Modules/_functoolsmodule.o
In file included from ./Include/Python.h:38,
                 from ./Modules/_functoolsmodule.c:1:
./Include/internal/pycore_gc.h: In function '_PyGCHead_NEXT':
./Include/pyport.h:24:31: warning: cast to pointer from integer of different size [-Wint-to-pointer-cast]
   24 | #define _Py_CAST(type, expr) ((type)(expr))
      |                               ^
./Include/internal/pycore_gc.h:60:12: note: in expansion of macro '_Py_CAST'
   60 |     return _Py_CAST(PyGC_Head*, next);
      |            ^~~~~~~~
./Include/internal/pycore_gc.h: In function '_PyGCHead_SET_NEXT':
./Include/pyport.h:24:31: warning: cast from pointer to integer of different size [-Wpointer-to-int-cast]
   24 | #define _Py_CAST(type, expr) ((type)(expr))
      |                               ^
./Include/internal/pycore_gc.h:63:20: note: in expansion of macro '_Py_CAST'
   63 |     gc->_gc_next = _Py_CAST(uintptr_t, next);
      |                    ^~~~~~~~
./Include/internal/pycore_gc.h: In function '_PyGCHead_PREV':
./Include/pyport.h:24:31: warning: cast to pointer from integer of different size [-Wint-to-pointer-cast]
   24 | #define _Py_CAST(type, expr) ((type)(expr))
      |                               ^
./Include/internal/pycore_gc.h:69:12: note: in expansion of macro '_Py_CAST'
   69 |     return _Py_CAST(PyGC_Head*, prev);
      |            ^~~~~~~~
./Include/internal/pycore_gc.h: In function '_PyGCHead_SET_PREV':
./Include/pyport.h:24:31: warning: cast from pointer to integer of different size [-Wpointer-to-int-cast]
   24 | #define _Py_CAST(type, expr) ((type)(expr))
      |                               ^
./Include/internal/pycore_gc.h:72:23: note: in expansion of macro '_Py_CAST'
   72 |     uintptr_t uprev = _Py_CAST(uintptr_t, prev);
      |                       ^~~~~~~~
In file included from ./Include/internal/pycore_atomic.h:15,
                 from ./Include/internal/pycore_runtime.h:12,
                 from ./Include/internal/pycore_pystate.h:11,
                 from ./Include/internal/pycore_call.h:11,
                 from ./Modules/_functoolsmodule.c:2:
./Include/internal/pycore_interp.h: In function '_PyInterpreterState_SetFinalizing':
./Include/internal/pycore_interp.h:253:52: warning: cast from pointer to integer of different size [-Wpointer-to-int-cast]
  253 |     _Py_atomic_store_relaxed(&interp->_finalizing, (uintptr_t)tstate);
      |                                                    ^
./Include/internal/pycore_atomic.h:550:5: note: in expansion of macro '_Py_atomic_store_explicit'
  550 |     _Py_atomic_store_explicit((ATOMIC_VAL), (NEW_VAL), _Py_memory_order_relaxed)
      |     ^~~~~~~~~~~~~~~~~~~~~~~~~
./Include/internal/pycore_interp.h:253:5: note: in expansion of macro '_Py_atomic_store_relaxed'
  253 |     _Py_atomic_store_relaxed(&interp->_finalizing, (uintptr_t)tstate);
      |     ^~~~~~~~~~~~~~~~~~~~~~~~
In file included from ./Include/internal/pycore_runtime.h:21:
./Include/internal/pycore_pymem.h: In function '_PyMem_IsPtrFreed':
./Include/internal/pycore_pymem.h:69:23: warning: cast from pointer to integer of different size [-Wpointer-to-int-cast]
   69 |     uintptr_t value = (uintptr_t)ptr;
      |                       ^
./Include/internal/pycore_runtime.h: In function '_PyRuntimeState_SetFinalizing':
./Include/internal/pycore_runtime.h:220:53: warning: cast from pointer to integer of different size [-Wpointer-to-int-cast]
  220 |     _Py_atomic_store_relaxed(&runtime->_finalizing, (uintptr_t)tstate);
      |                                                     ^
./Include/internal/pycore_atomic.h:550:5: note: in expansion of macro '_Py_atomic_store_explicit'
  550 |     _Py_atomic_store_explicit((ATOMIC_VAL), (NEW_VAL), _Py_memory_order_relaxed)
      |     ^~~~~~~~~~~~~~~~~~~~~~~~~
./Include/internal/pycore_runtime.h:220:5: note: in expansion of macro '_Py_atomic_store_relaxed'
  220 |     _Py_atomic_store_relaxed(&runtime->_finalizing, (uintptr_t)tstate);
      |     ^~~~~~~~~~~~~~~~~~~~~~~~
In file included from ./Modules/_functoolsmodule.c:6:
./Include/internal/pycore_object.h: In function '_PyObject_GC_TRACK':
./Include/internal/pycore_object.h:227:23: warning: cast to pointer from integer of different size [-Wint-to-pointer-cast]
  227 |     PyGC_Head *last = (PyGC_Head*)(generation0->_gc_prev);
      |                       ^
./Include/internal/pycore_object.h:231:29: warning: cast from pointer to integer of different size [-Wpointer-to-int-cast]
  231 |     generation0->_gc_prev = (uintptr_t)gc;
      |                             ^
./Include/internal/pycore_object.h: In function '_PyDictOrValues_IsValues':
./Include/internal/pycore_object.h:394:13: warning: cast from pointer to integer of different size [-Wpointer-to-int-cast]
  394 |     return ((uintptr_t)dorv.values) & 1;
      |             ^
gcc  -fno-strict-overflow -Wsign-compare -DNDEBUG -g -O3 -Wall    -std=c11 -Wextra -Wno-unused-parameter -Wno-missing-field-initializers -Wstrict-prototypes -Werror=implicit-function-declaration -fvisibility=hidden -include posixcompat.h -mabi=sysv  -I./Include/internal  -I. -I./Include    -DPy_BUILD_CORE_BUILTIN -c ./Modules/_localemodule.c -o Modules/_localemodule.o
In file included from ./Include/Python.h:38,
                 from ./Modules/_localemodule.c:13:
./Include/internal/pycore_gc.h: In function '_PyGCHead_NEXT':
./Include/pyport.h:24:31: warning: cast to pointer from integer of different size [-Wint-to-pointer-cast]
   24 | #define _Py_CAST(type, expr) ((type)(expr))
      |                               ^
./Include/internal/pycore_gc.h:60:12: note: in expansion of macro '_Py_CAST'
   60 |     return _Py_CAST(PyGC_Head*, next);
      |            ^~~~~~~~
./Include/internal/pycore_gc.h: In function '_PyGCHead_SET_NEXT':
./Include/pyport.h:24:31: warning: cast from pointer to integer of different size [-Wpointer-to-int-cast]
   24 | #define _Py_CAST(type, expr) ((type)(expr))
      |                               ^
./Include/internal/pycore_gc.h:63:20: note: in expansion of macro '_Py_CAST'
   63 |     gc->_gc_next = _Py_CAST(uintptr_t, next);
      |                    ^~~~~~~~
./Include/internal/pycore_gc.h: In function '_PyGCHead_PREV':
./Include/pyport.h:24:31: warning: cast to pointer from integer of different size [-Wint-to-pointer-cast]
   24 | #define _Py_CAST(type, expr) ((type)(expr))
      |                               ^
./Include/internal/pycore_gc.h:69:12: note: in expansion of macro '_Py_CAST'
   69 |     return _Py_CAST(PyGC_Head*, prev);
      |            ^~~~~~~~
./Include/internal/pycore_gc.h: In function '_PyGCHead_SET_PREV':
./Include/pyport.h:24:31: warning: cast from pointer to integer of different size [-Wpointer-to-int-cast]
   24 | #define _Py_CAST(type, expr) ((type)(expr))
      |                               ^
./Include/internal/pycore_gc.h:72:23: note: in expansion of macro '_Py_CAST'
   72 |     uintptr_t uprev = _Py_CAST(uintptr_t, prev);
      |                       ^~~~~~~~
In file included from ./Include/internal/pycore_atomic.h:15,
                 from ./Include/internal/pycore_runtime.h:12,
                 from ./Modules/clinic/_localemodule.c.h:7,
                 from ./Modules/_localemodule.c:58:
./Include/internal/pycore_interp.h: In function '_PyInterpreterState_SetFinalizing':
./Include/internal/pycore_interp.h:253:52: warning: cast from pointer to integer of different size [-Wpointer-to-int-cast]
  253 |     _Py_atomic_store_relaxed(&interp->_finalizing, (uintptr_t)tstate);
      |                                                    ^
./Include/internal/pycore_atomic.h:550:5: note: in expansion of macro '_Py_atomic_store_explicit'
  550 |     _Py_atomic_store_explicit((ATOMIC_VAL), (NEW_VAL), _Py_memory_order_relaxed)
      |     ^~~~~~~~~~~~~~~~~~~~~~~~~
./Include/internal/pycore_interp.h:253:5: note: in expansion of macro '_Py_atomic_store_relaxed'
  253 |     _Py_atomic_store_relaxed(&interp->_finalizing, (uintptr_t)tstate);
      |     ^~~~~~~~~~~~~~~~~~~~~~~~
In file included from ./Include/internal/pycore_runtime.h:21:
./Include/internal/pycore_pymem.h: In function '_PyMem_IsPtrFreed':
./Include/internal/pycore_pymem.h:69:23: warning: cast from pointer to integer of different size [-Wpointer-to-int-cast]
   69 |     uintptr_t value = (uintptr_t)ptr;
      |                       ^
./Include/internal/pycore_runtime.h: In function '_PyRuntimeState_SetFinalizing':
./Include/internal/pycore_runtime.h:220:53: warning: cast from pointer to integer of different size [-Wpointer-to-int-cast]
  220 |     _Py_atomic_store_relaxed(&runtime->_finalizing, (uintptr_t)tstate);
      |                                                     ^
./Include/internal/pycore_atomic.h:550:5: note: in expansion of macro '_Py_atomic_store_explicit'
  550 |     _Py_atomic_store_explicit((ATOMIC_VAL), (NEW_VAL), _Py_memory_order_relaxed)
      |     ^~~~~~~~~~~~~~~~~~~~~~~~~
./Include/internal/pycore_runtime.h:220:5: note: in expansion of macro '_Py_atomic_store_relaxed'
  220 |     _Py_atomic_store_relaxed(&runtime->_finalizing, (uintptr_t)tstate);
      |     ^~~~~~~~~~~~~~~~~~~~~~~~
gcc  -fno-strict-overflow -Wsign-compare -DNDEBUG -g -O3 -Wall    -std=c11 -Wextra -Wno-unused-parameter -Wno-missing-field-initializers -Wstrict-prototypes -Werror=implicit-function-declaration -fvisibility=hidden -include posixcompat.h -mabi=sysv  -I./Include/internal  -I. -I./Include    -DPy_BUILD_CORE_BUILTIN -c ./Modules/_operator.c -o Modules/_operator.o
In file included from ./Include/Python.h:38,
                 from ./Modules/_operator.c:1:
./Include/internal/pycore_gc.h: In function '_PyGCHead_NEXT':
./Include/pyport.h:24:31: warning: cast to pointer from integer of different size [-Wint-to-pointer-cast]
   24 | #define _Py_CAST(type, expr) ((type)(expr))
      |                               ^
./Include/internal/pycore_gc.h:60:12: note: in expansion of macro '_Py_CAST'
   60 |     return _Py_CAST(PyGC_Head*, next);
      |            ^~~~~~~~
./Include/internal/pycore_gc.h: In function '_PyGCHead_SET_NEXT':
./Include/pyport.h:24:31: warning: cast from pointer to integer of different size [-Wpointer-to-int-cast]
   24 | #define _Py_CAST(type, expr) ((type)(expr))
      |                               ^
./Include/internal/pycore_gc.h:63:20: note: in expansion of macro '_Py_CAST'
   63 |     gc->_gc_next = _Py_CAST(uintptr_t, next);
      |                    ^~~~~~~~
./Include/internal/pycore_gc.h: In function '_PyGCHead_PREV':
./Include/pyport.h:24:31: warning: cast to pointer from integer of different size [-Wint-to-pointer-cast]
   24 | #define _Py_CAST(type, expr) ((type)(expr))
      |                               ^
./Include/internal/pycore_gc.h:69:12: note: in expansion of macro '_Py_CAST'
   69 |     return _Py_CAST(PyGC_Head*, prev);
      |            ^~~~~~~~
./Include/internal/pycore_gc.h: In function '_PyGCHead_SET_PREV':
./Include/pyport.h:24:31: warning: cast from pointer to integer of different size [-Wpointer-to-int-cast]
   24 | #define _Py_CAST(type, expr) ((type)(expr))
      |                               ^
./Include/internal/pycore_gc.h:72:23: note: in expansion of macro '_Py_CAST'
   72 |     uintptr_t uprev = _Py_CAST(uintptr_t, prev);
      |                       ^~~~~~~~
In file included from ./Include/internal/pycore_atomic.h:15,
                 from ./Include/internal/pycore_runtime.h:12,
                 from ./Modules/_operator.c:4:
./Include/internal/pycore_interp.h: In function '_PyInterpreterState_SetFinalizing':
./Include/internal/pycore_interp.h:253:52: warning: cast from pointer to integer of different size [-Wpointer-to-int-cast]
  253 |     _Py_atomic_store_relaxed(&interp->_finalizing, (uintptr_t)tstate);
      |                                                    ^
./Include/internal/pycore_atomic.h:550:5: note: in expansion of macro '_Py_atomic_store_explicit'
  550 |     _Py_atomic_store_explicit((ATOMIC_VAL), (NEW_VAL), _Py_memory_order_relaxed)
      |     ^~~~~~~~~~~~~~~~~~~~~~~~~
./Include/internal/pycore_interp.h:253:5: note: in expansion of macro '_Py_atomic_store_relaxed'
  253 |     _Py_atomic_store_relaxed(&interp->_finalizing, (uintptr_t)tstate);
      |     ^~~~~~~~~~~~~~~~~~~~~~~~
In file included from ./Include/internal/pycore_runtime.h:21:
./Include/internal/pycore_pymem.h: In function '_PyMem_IsPtrFreed':
./Include/internal/pycore_pymem.h:69:23: warning: cast from pointer to integer of different size [-Wpointer-to-int-cast]
   69 |     uintptr_t value = (uintptr_t)ptr;
      |                       ^
./Include/internal/pycore_runtime.h: In function '_PyRuntimeState_SetFinalizing':
./Include/internal/pycore_runtime.h:220:53: warning: cast from pointer to integer of different size [-Wpointer-to-int-cast]
  220 |     _Py_atomic_store_relaxed(&runtime->_finalizing, (uintptr_t)tstate);
      |                                                     ^
./Include/internal/pycore_atomic.h:550:5: note: in expansion of macro '_Py_atomic_store_explicit'
  550 |     _Py_atomic_store_explicit((ATOMIC_VAL), (NEW_VAL), _Py_memory_order_relaxed)
      |     ^~~~~~~~~~~~~~~~~~~~~~~~~
./Include/internal/pycore_runtime.h:220:5: note: in expansion of macro '_Py_atomic_store_relaxed'
  220 |     _Py_atomic_store_relaxed(&runtime->_finalizing, (uintptr_t)tstate);
      |     ^~~~~~~~~~~~~~~~~~~~~~~~
gcc  -fno-strict-overflow -Wsign-compare -DNDEBUG -g -O3 -Wall    -std=c11 -Wextra -Wno-unused-parameter -Wno-missing-field-initializers -Wstrict-prototypes -Werror=implicit-function-declaration -fvisibility=hidden -include posixcompat.h -mabi=sysv  -I./Include/internal  -I. -I./Include    -DPy_BUILD_CORE_BUILTIN -c ./Modules/_stat.c -o Modules/_stat.o
gcc  -fno-strict-overflow -Wsign-compare -DNDEBUG -g -O3 -Wall    -std=c11 -Wextra -Wno-unused-parameter -Wno-missing-field-initializers -Wstrict-prototypes -Werror=implicit-function-declaration -fvisibility=hidden -include posixcompat.h -mabi=sysv  -I./Include/internal  -I. -I./Include    -DPy_BUILD_CORE_BUILTIN -c ./Modules/symtablemodule.c -o Modules/symtablemodule.o
In file included from ./Include/Python.h:38,
                 from ./Modules/symtablemodule.c:1:
./Include/internal/pycore_gc.h: In function '_PyGCHead_NEXT':
./Include/pyport.h:24:31: warning: cast to pointer from integer of different size [-Wint-to-pointer-cast]
   24 | #define _Py_CAST(type, expr) ((type)(expr))
      |                               ^
./Include/internal/pycore_gc.h:60:12: note: in expansion of macro '_Py_CAST'
   60 |     return _Py_CAST(PyGC_Head*, next);
      |            ^~~~~~~~
./Include/internal/pycore_gc.h: In function '_PyGCHead_SET_NEXT':
./Include/pyport.h:24:31: warning: cast from pointer to integer of different size [-Wpointer-to-int-cast]
   24 | #define _Py_CAST(type, expr) ((type)(expr))
      |                               ^
./Include/internal/pycore_gc.h:63:20: note: in expansion of macro '_Py_CAST'
   63 |     gc->_gc_next = _Py_CAST(uintptr_t, next);
      |                    ^~~~~~~~
./Include/internal/pycore_gc.h: In function '_PyGCHead_PREV':
./Include/pyport.h:24:31: warning: cast to pointer from integer of different size [-Wint-to-pointer-cast]
   24 | #define _Py_CAST(type, expr) ((type)(expr))
      |                               ^
./Include/internal/pycore_gc.h:69:12: note: in expansion of macro '_Py_CAST'
   69 |     return _Py_CAST(PyGC_Head*, prev);
      |            ^~~~~~~~
./Include/internal/pycore_gc.h: In function '_PyGCHead_SET_PREV':
./Include/pyport.h:24:31: warning: cast from pointer to integer of different size [-Wpointer-to-int-cast]
   24 | #define _Py_CAST(type, expr) ((type)(expr))
      |                               ^
./Include/internal/pycore_gc.h:72:23: note: in expansion of macro '_Py_CAST'
   72 |     uintptr_t uprev = _Py_CAST(uintptr_t, prev);
      |                       ^~~~~~~~
In file included from ./Include/internal/pycore_atomic.h:15,
                 from ./Include/internal/pycore_runtime.h:12,
                 from ./Modules/clinic/symtablemodule.c.h:7,
                 from ./Modules/symtablemodule.c:4:
./Include/internal/pycore_interp.h: In function '_PyInterpreterState_SetFinalizing':
./Include/internal/pycore_interp.h:253:52: warning: cast from pointer to integer of different size [-Wpointer-to-int-cast]
  253 |     _Py_atomic_store_relaxed(&interp->_finalizing, (uintptr_t)tstate);
      |                                                    ^
./Include/internal/pycore_atomic.h:550:5: note: in expansion of macro '_Py_atomic_store_explicit'
  550 |     _Py_atomic_store_explicit((ATOMIC_VAL), (NEW_VAL), _Py_memory_order_relaxed)
      |     ^~~~~~~~~~~~~~~~~~~~~~~~~
./Include/internal/pycore_interp.h:253:5: note: in expansion of macro '_Py_atomic_store_relaxed'
  253 |     _Py_atomic_store_relaxed(&interp->_finalizing, (uintptr_t)tstate);
      |     ^~~~~~~~~~~~~~~~~~~~~~~~
In file included from ./Include/internal/pycore_runtime.h:21:
./Include/internal/pycore_pymem.h: In function '_PyMem_IsPtrFreed':
./Include/internal/pycore_pymem.h:69:23: warning: cast from pointer to integer of different size [-Wpointer-to-int-cast]
   69 |     uintptr_t value = (uintptr_t)ptr;
      |                       ^
./Include/internal/pycore_runtime.h: In function '_PyRuntimeState_SetFinalizing':
./Include/internal/pycore_runtime.h:220:53: warning: cast from pointer to integer of different size [-Wpointer-to-int-cast]
  220 |     _Py_atomic_store_relaxed(&runtime->_finalizing, (uintptr_t)tstate);
      |                                                     ^
./Include/internal/pycore_atomic.h:550:5: note: in expansion of macro '_Py_atomic_store_explicit'
  550 |     _Py_atomic_store_explicit((ATOMIC_VAL), (NEW_VAL), _Py_memory_order_relaxed)
      |     ^~~~~~~~~~~~~~~~~~~~~~~~~
./Include/internal/pycore_runtime.h:220:5: note: in expansion of macro '_Py_atomic_store_relaxed'
  220 |     _Py_atomic_store_relaxed(&runtime->_finalizing, (uintptr_t)tstate);
      |     ^~~~~~~~~~~~~~~~~~~~~~~~
gcc -c -fno-strict-overflow -Wsign-compare -DNDEBUG -g -O3 -Wall    -std=c11 -Wextra -Wno-unused-parameter -Wno-missing-field-initializers -Wstrict-prototypes -Werror=implicit-function-declaration -fvisibility=hidden -include posixcompat.h -mabi=sysv  -I./Include/internal  -I. -I./Include    -DPy_BUILD_CORE \
      -DGITVERSION="\"`LC_ALL=C `\"" \
      -DGITTAG="\"`LC_ALL=C `\"" \
      -DGITBRANCH="\"`LC_ALL=C `\"" \
      -o Modules/getbuildinfo.o ./Modules/getbuildinfo.c
gcc -c -fno-strict-overflow -Wsign-compare -DNDEBUG -g -O3 -Wall    -std=c11 -Wextra -Wno-unused-parameter -Wno-missing-field-initializers -Wstrict-prototypes -Werror=implicit-function-declaration -fvisibility=hidden -include posixcompat.h -mabi=sysv  -I./Include/internal  -I. -I./Include    -DPy_BUILD_CORE -o Programs/_freeze_module.o Programs/_freeze_module.c
gcc -c -fno-strict-overflow -Wsign-compare -DNDEBUG -g -O3 -Wall    -std=c11 -Wextra -Wno-unused-parameter -Wno-missing-field-initializers -Wstrict-prototypes -Werror=implicit-function-declaration -fvisibility=hidden -include posixcompat.h -mabi=sysv  -I./Include/internal  -I. -I./Include    -DPy_BUILD_CORE -o Modules/getpath_noop.o Modules/getpath_noop.c
gcc     -o Programs/_freeze_module Programs/_freeze_module.o Modules/getpath_noop.o Modules/getbuildinfo.o Parser/token.o  Parser/pegen.o Parser/pegen_errors.o Parser/action_helpers.o Parser/parser.o Parser/string_parser.o Parser/peg_api.o Parser/myreadline.o Parser/tokenizer.o Objects/abstract.o Objects/boolobject.o Objects/bytes_methods.o Objects/bytearrayobject.o Objects/bytesobject.o Objects/call.o Objects/capsule.o Objects/cellobject.o Objects/classobject.o Objects/codeobject.o Objects/complexobject.o Objects/descrobject.o Objects/enumobject.o Objects/exceptions.o Objects/genericaliasobject.o Objects/genobject.o Objects/fileobject.o Objects/floatobject.o Objects/frameobject.o Objects/funcobject.o Objects/interpreteridobject.o Objects/iterobject.o Objects/listobject.o Objects/longobject.o Objects/dictobject.o Objects/odictobject.o Objects/memoryobject.o Objects/methodobject.o Objects/moduleobject.o Objects/namespaceobject.o Objects/object.o Objects/obmalloc.o Objects/picklebufobject.o Objects/rangeobject.o Objects/setobject.o Objects/sliceobject.o Objects/structseq.o Objects/tupleobject.o Objects/typeobject.o Objects/typevarobject.o Objects/unicodeobject.o Objects/unicodectype.o Objects/unionobject.o Objects/weakrefobject.o  Python/_warnings.o Python/Python-ast.o Python/Python-tokenize.o Python/asdl.o Python/assemble.o Python/ast.o Python/ast_opt.o Python/ast_unparse.o Python/bltinmodule.o Python/ceval.o Python/codecs.o Python/compile.o Python/context.o Python/dynamic_annotations.o Python/errors.o Python/flowgraph.o Python/frame.o Python/frozenmain.o Python/future.o Python/getargs.o Python/getcompiler.o Python/getcopyright.o Python/getplatform.o Python/getversion.o Python/ceval_gil.o Python/hamt.o Python/hashtable.o Python/import.o Python/importdl.o Python/initconfig.o Python/instrumentation.o Python/intrinsics.o Python/legacy_tracing.o Python/marshal.o Python/modsupport.o Python/mysnprintf.o Python/mystrtoul.o Python/pathconfig.o Python/preconfig.o Python/pyarena.o Python/pyctype.o Python/pyfpe.o Python/pyhash.o Python/pylifecycle.o Python/pymath.o Python/pystate.o Python/pythonrun.o Python/pytime.o Python/bootstrap_hash.o Python/specialize.o Python/structmember.o Python/symtable.o Python/sysmodule.o Python/thread.o Python/traceback.o Python/tracemalloc.o Python/getopt.o Python/pystrcmp.o Python/pystrtod.o Python/pystrhex.o Python/dtoa.o Python/formatter_unicode.o Python/fileutils.o Python/suggestions.o Python/perf_trampoline.o Python/dynload_stub.o     Modules/config.o Modules/main.o Modules/gcmodule.o Modules/atexitmodule.o  Modules/faulthandler.o  Modules/posixmodule.o  Modules/signalmodule.o  Modules/_tracemalloc.o  Modules/_codecsmodule.o  Modules/_collectionsmodule.o  Modules/errnomodule.o  Modules/_io/_iomodule.o Modules/_io/iobase.o Modules/_io/fileio.o Modules/_io/bytesio.o Modules/_io/bufferedio.o Modules/_io/textio.o Modules/_io/stringio.o  Modules/itertoolsmodule.o  Modules/_sre/sre.o  Modules/_threadmodule.o  Modules/timemodule.o  Modules/_typingmodule.o  Modules/_weakref.o  Modules/_abc.o  Modules/_functoolsmodule.o  Modules/_localemodule.o  Modules/_operator.o  Modules/_stat.o  Modules/symtablemodule.o -lintl Modules/posixshim.o                       -lm 
C:/msys64/mingw64/bin/../lib/gcc/x86_64-w64-mingw32/16.2.0/../../../../x86_64-w64-mingw32/bin/ld.exe: cannot find Modules/posixshim.o: No such file or directory
collect2.exe: error: ld returned 1 exit status
make: *** [Makefile:1310：Programs/_freeze_module] 错误 1
