gcc -c -fno-strict-overflow -Wsign-compare -DNDEBUG -g -O3 -Wall    -std=c11 -Wextra -Wno-unused-parameter -Wno-missing-field-initializers -Wstrict-prototypes -Werror=implicit-function-declaration -fvisibility=hidden -include posixcompat.h -mabi=sysv  -I./Include/internal  -I. -I./Include    -DPy_BUILD_CORE -o Parser/token.o Parser/token.c
gcc -c -fno-strict-overflow -Wsign-compare -DNDEBUG -g -O3 -Wall    -std=c11 -Wextra -Wno-unused-parameter -Wno-missing-field-initializers -Wstrict-prototypes -Werror=implicit-function-declaration -fvisibility=hidden -include posixcompat.h -mabi=sysv  -I./Include/internal  -I. -I./Include    -DPy_BUILD_CORE -o Parser/pegen.o Parser/pegen.c
In file included from ./Include/Python.h:38,
                 from Parser/pegen.c:1:
./Include/internal/pycore_gc.h: In function '_PyGCHead_NEXT':
./Include/pyport.h:24:31: warning: cast to pointer from integer of different size [-Wint-to-pointer-cast]
   24 | #define _Py_CAST(type, expr) ((type)(expr))
      |                               ^
./Include/internal/pycore_gc.h:60:12: note: in expansion of macro '_Py_CAST'
   60 |     return _Py_CAST(PyGC_Head*, next);
      |            ^~~~~~~~
./Include/internal/pycore_gc.h: In function '_PyGCHead_SET_NEXT':
./Include/pyport.h:24:31: warning: cast from pointer to integer of different size [-Wpointer-to-int-cast]
   24 | #define _Py_CAST(type, expr) ((type)(expr))
      |                               ^
./Include/internal/pycore_gc.h:63:20: note: in expansion of macro '_Py_CAST'
   63 |     gc->_gc_next = _Py_CAST(uintptr_t, next);
      |                    ^~~~~~~~
./Include/internal/pycore_gc.h: In function '_PyGCHead_PREV':
./Include/pyport.h:24:31: warning: cast to pointer from integer of different size [-Wint-to-pointer-cast]
   24 | #define _Py_CAST(type, expr) ((type)(expr))
      |                               ^
./Include/internal/pycore_gc.h:69:12: note: in expansion of macro '_Py_CAST'
   69 |     return _Py_CAST(PyGC_Head*, prev);
      |            ^~~~~~~~
./Include/internal/pycore_gc.h: In function '_PyGCHead_SET_PREV':
./Include/pyport.h:24:31: warning: cast from pointer to integer of different size [-Wpointer-to-int-cast]
   24 | #define _Py_CAST(type, expr) ((type)(expr))
      |                               ^
./Include/internal/pycore_gc.h:72:23: note: in expansion of macro '_Py_CAST'
   72 |     uintptr_t uprev = _Py_CAST(uintptr_t, prev);
      |                       ^~~~~~~~
In file included from ./Include/internal/pycore_atomic.h:15,
                 from ./Include/internal/pycore_runtime.h:12,
                 from ./Include/internal/pycore_pystate.h:11,
                 from Parser/pegen.c:3:
./Include/internal/pycore_interp.h: In function '_PyInterpreterState_SetFinalizing':
./Include/internal/pycore_interp.h:253:52: warning: cast from pointer to integer of different size [-Wpointer-to-int-cast]
  253 |     _Py_atomic_store_relaxed(&interp->_finalizing, (uintptr_t)tstate);
      |                                                    ^
./Include/internal/pycore_atomic.h:550:5: note: in expansion of macro '_Py_atomic_store_explicit'
  550 |     _Py_atomic_store_explicit((ATOMIC_VAL), (NEW_VAL), _Py_memory_order_relaxed)
      |     ^~~~~~~~~~~~~~~~~~~~~~~~~
./Include/internal/pycore_interp.h:253:5: note: in expansion of macro '_Py_atomic_store_relaxed'
  253 |     _Py_atomic_store_relaxed(&interp->_finalizing, (uintptr_t)tstate);
      |     ^~~~~~~~~~~~~~~~~~~~~~~~
In file included from ./Include/internal/pycore_runtime.h:21:
./Include/internal/pycore_pymem.h: In function '_PyMem_IsPtrFreed':
./Include/internal/pycore_pymem.h:69:23: warning: cast from pointer to integer of different size [-Wpointer-to-int-cast]
   69 |     uintptr_t value = (uintptr_t)ptr;
      |                       ^
./Include/internal/pycore_runtime.h: In function '_PyRuntimeState_SetFinalizing':
./Include/internal/pycore_runtime.h:220:53: warning: cast from pointer to integer of different size [-Wpointer-to-int-cast]
  220 |     _Py_atomic_store_relaxed(&runtime->_finalizing, (uintptr_t)tstate);
      |                                                     ^
./Include/internal/pycore_atomic.h:550:5: note: in expansion of macro '_Py_atomic_store_explicit'
  550 |     _Py_atomic_store_explicit((ATOMIC_VAL), (NEW_VAL), _Py_memory_order_relaxed)
      |     ^~~~~~~~~~~~~~~~~~~~~~~~~
./Include/internal/pycore_runtime.h:220:5: note: in expansion of macro '_Py_atomic_store_relaxed'
  220 |     _Py_atomic_store_relaxed(&runtime->_finalizing, (uintptr_t)tstate);
      |     ^~~~~~~~~~~~~~~~~~~~~~~~
gcc -c -fno-strict-overflow -Wsign-compare -DNDEBUG -g -O3 -Wall    -std=c11 -Wextra -Wno-unused-parameter -Wno-missing-field-initializers -Wstrict-prototypes -Werror=implicit-function-declaration -fvisibility=hidden -include posixcompat.h -mabi=sysv  -I./Include/internal  -I. -I./Include    -DPy_BUILD_CORE -o Parser/pegen_errors.o Parser/pegen_errors.c
gcc -c -fno-strict-overflow -Wsign-compare -DNDEBUG -g -O3 -Wall    -std=c11 -Wextra -Wno-unused-parameter -Wno-missing-field-initializers -Wstrict-prototypes -Werror=implicit-function-declaration -fvisibility=hidden -include posixcompat.h -mabi=sysv  -I./Include/internal  -I. -I./Include    -DPy_BUILD_CORE -o Parser/action_helpers.o Parser/action_helpers.c
In file included from ./Include/Python.h:38,
                 from Parser/action_helpers.c:1:
./Include/internal/pycore_gc.h: In function '_PyGCHead_NEXT':
./Include/pyport.h:24:31: warning: cast to pointer from integer of different size [-Wint-to-pointer-cast]
   24 | #define _Py_CAST(type, expr) ((type)(expr))
      |                               ^
./Include/internal/pycore_gc.h:60:12: note: in expansion of macro '_Py_CAST'
   60 |     return _Py_CAST(PyGC_Head*, next);
      |            ^~~~~~~~
./Include/internal/pycore_gc.h: In function '_PyGCHead_SET_NEXT':
./Include/pyport.h:24:31: warning: cast from pointer to integer of different size [-Wpointer-to-int-cast]
   24 | #define _Py_CAST(type, expr) ((type)(expr))
      |                               ^
./Include/internal/pycore_gc.h:63:20: note: in expansion of macro '_Py_CAST'
   63 |     gc->_gc_next = _Py_CAST(uintptr_t, next);
      |                    ^~~~~~~~
./Include/internal/pycore_gc.h: In function '_PyGCHead_PREV':
./Include/pyport.h:24:31: warning: cast to pointer from integer of different size [-Wint-to-pointer-cast]
   24 | #define _Py_CAST(type, expr) ((type)(expr))
      |                               ^
./Include/internal/pycore_gc.h:69:12: note: in expansion of macro '_Py_CAST'
   69 |     return _Py_CAST(PyGC_Head*, prev);
      |            ^~~~~~~~
./Include/internal/pycore_gc.h: In function '_PyGCHead_SET_PREV':
./Include/pyport.h:24:31: warning: cast from pointer to integer of different size [-Wpointer-to-int-cast]
   24 | #define _Py_CAST(type, expr) ((type)(expr))
      |                               ^
./Include/internal/pycore_gc.h:72:23: note: in expansion of macro '_Py_CAST'
   72 |     uintptr_t uprev = _Py_CAST(uintptr_t, prev);
      |                       ^~~~~~~~
In file included from ./Include/internal/pycore_atomic.h:15,
                 from ./Include/internal/pycore_runtime.h:12,
                 from Parser/action_helpers.c:4:
./Include/internal/pycore_interp.h: In function '_PyInterpreterState_SetFinalizing':
./Include/internal/pycore_interp.h:253:52: warning: cast from pointer to integer of different size [-Wpointer-to-int-cast]
  253 |     _Py_atomic_store_relaxed(&interp->_finalizing, (uintptr_t)tstate);
      |                                                    ^
./Include/internal/pycore_atomic.h:550:5: note: in expansion of macro '_Py_atomic_store_explicit'
  550 |     _Py_atomic_store_explicit((ATOMIC_VAL), (NEW_VAL), _Py_memory_order_relaxed)
      |     ^~~~~~~~~~~~~~~~~~~~~~~~~
./Include/internal/pycore_interp.h:253:5: note: in expansion of macro '_Py_atomic_store_relaxed'
  253 |     _Py_atomic_store_relaxed(&interp->_finalizing, (uintptr_t)tstate);
      |     ^~~~~~~~~~~~~~~~~~~~~~~~
In file included from ./Include/internal/pycore_runtime.h:21:
./Include/internal/pycore_pymem.h: In function '_PyMem_IsPtrFreed':
./Include/internal/pycore_pymem.h:69:23: warning: cast from pointer to integer of different size [-Wpointer-to-int-cast]
   69 |     uintptr_t value = (uintptr_t)ptr;
      |                       ^
./Include/internal/pycore_runtime.h: In function '_PyRuntimeState_SetFinalizing':
./Include/internal/pycore_runtime.h:220:53: warning: cast from pointer to integer of different size [-Wpointer-to-int-cast]
  220 |     _Py_atomic_store_relaxed(&runtime->_finalizing, (uintptr_t)tstate);
      |                                                     ^
./Include/internal/pycore_atomic.h:550:5: note: in expansion of macro '_Py_atomic_store_explicit'
  550 |     _Py_atomic_store_explicit((ATOMIC_VAL), (NEW_VAL), _Py_memory_order_relaxed)
      |     ^~~~~~~~~~~~~~~~~~~~~~~~~
./Include/internal/pycore_runtime.h:220:5: note: in expansion of macro '_Py_atomic_store_relaxed'
  220 |     _Py_atomic_store_relaxed(&runtime->_finalizing, (uintptr_t)tstate);
      |     ^~~~~~~~~~~~~~~~~~~~~~~~
gcc -c -fno-strict-overflow -Wsign-compare -DNDEBUG -g -O3 -Wall    -std=c11 -Wextra -Wno-unused-parameter -Wno-missing-field-initializers -Wstrict-prototypes -Werror=implicit-function-declaration -fvisibility=hidden -include posixcompat.h -mabi=sysv  -I./Include/internal  -I. -I./Include    -DPy_BUILD_CORE -o Parser/parser.o Parser/parser.c
gcc -c -fno-strict-overflow -Wsign-compare -DNDEBUG -g -O3 -Wall    -std=c11 -Wextra -Wno-unused-parameter -Wno-missing-field-initializers -Wstrict-prototypes -Werror=implicit-function-declaration -fvisibility=hidden -include posixcompat.h -mabi=sysv  -I./Include/internal  -I. -I./Include    -DPy_BUILD_CORE -o Parser/string_parser.o Parser/string_parser.c
gcc -c -fno-strict-overflow -Wsign-compare -DNDEBUG -g -O3 -Wall    -std=c11 -Wextra -Wno-unused-parameter -Wno-missing-field-initializers -Wstrict-prototypes -Werror=implicit-function-declaration -fvisibility=hidden -include posixcompat.h -mabi=sysv  -I./Include/internal  -I. -I./Include    -DPy_BUILD_CORE -o Parser/peg_api.o Parser/peg_api.c
gcc -c -fno-strict-overflow -Wsign-compare -DNDEBUG -g -O3 -Wall    -std=c11 -Wextra -Wno-unused-parameter -Wno-missing-field-initializers -Wstrict-prototypes -Werror=implicit-function-declaration -fvisibility=hidden -include posixcompat.h -mabi=sysv  -I./Include/internal  -I. -I./Include    -DPy_BUILD_CORE -o Parser/myreadline.o Parser/myreadline.c
In file included from ./Include/Python.h:38,
                 from Parser/myreadline.c:12:
./Include/internal/pycore_gc.h: In function '_PyGCHead_NEXT':
./Include/pyport.h:24:31: warning: cast to pointer from integer of different size [-Wint-to-pointer-cast]
   24 | #define _Py_CAST(type, expr) ((type)(expr))
      |                               ^
./Include/internal/pycore_gc.h:60:12: note: in expansion of macro '_Py_CAST'
   60 |     return _Py_CAST(PyGC_Head*, next);
      |            ^~~~~~~~
./Include/internal/pycore_gc.h: In function '_PyGCHead_SET_NEXT':
./Include/pyport.h:24:31: warning: cast from pointer to integer of different size [-Wpointer-to-int-cast]
   24 | #define _Py_CAST(type, expr) ((type)(expr))
      |                               ^
./Include/internal/pycore_gc.h:63:20: note: in expansion of macro '_Py_CAST'
   63 |     gc->_gc_next = _Py_CAST(uintptr_t, next);
      |                    ^~~~~~~~
./Include/internal/pycore_gc.h: In function '_PyGCHead_PREV':
./Include/pyport.h:24:31: warning: cast to pointer from integer of different size [-Wint-to-pointer-cast]
   24 | #define _Py_CAST(type, expr) ((type)(expr))
      |                               ^
./Include/internal/pycore_gc.h:69:12: note: in expansion of macro '_Py_CAST'
   69 |     return _Py_CAST(PyGC_Head*, prev);
      |            ^~~~~~~~
./Include/internal/pycore_gc.h: In function '_PyGCHead_SET_PREV':
./Include/pyport.h:24:31: warning: cast from pointer to integer of different size [-Wpointer-to-int-cast]
   24 | #define _Py_CAST(type, expr) ((type)(expr))
      |                               ^
./Include/internal/pycore_gc.h:72:23: note: in expansion of macro '_Py_CAST'
   72 |     uintptr_t uprev = _Py_CAST(uintptr_t, prev);
      |                       ^~~~~~~~
In file included from ./Include/internal/pycore_atomic.h:15,
                 from ./Include/internal/pycore_runtime.h:12,
                 from ./Include/internal/pycore_pystate.h:11,
                 from Parser/myreadline.c:14:
./Include/internal/pycore_interp.h: In function '_PyInterpreterState_SetFinalizing':
./Include/internal/pycore_interp.h:253:52: warning: cast from pointer to integer of different size [-Wpointer-to-int-cast]
  253 |     _Py_atomic_store_relaxed(&interp->_finalizing, (uintptr_t)tstate);
      |                                                    ^
./Include/internal/pycore_atomic.h:550:5: note: in expansion of macro '_Py_atomic_store_explicit'
  550 |     _Py_atomic_store_explicit((ATOMIC_VAL), (NEW_VAL), _Py_memory_order_relaxed)
      |     ^~~~~~~~~~~~~~~~~~~~~~~~~
./Include/internal/pycore_interp.h:253:5: note: in expansion of macro '_Py_atomic_store_relaxed'
  253 |     _Py_atomic_store_relaxed(&interp->_finalizing, (uintptr_t)tstate);
      |     ^~~~~~~~~~~~~~~~~~~~~~~~
In file included from ./Include/internal/pycore_runtime.h:21:
./Include/internal/pycore_pymem.h: In function '_PyMem_IsPtrFreed':
./Include/internal/pycore_pymem.h:69:23: warning: cast from pointer to integer of different size [-Wpointer-to-int-cast]
   69 |     uintptr_t value = (uintptr_t)ptr;
      |                       ^
./Include/internal/pycore_runtime.h: In function '_PyRuntimeState_SetFinalizing':
./Include/internal/pycore_runtime.h:220:53: warning: cast from pointer to integer of different size [-Wpointer-to-int-cast]
  220 |     _Py_atomic_store_relaxed(&runtime->_finalizing, (uintptr_t)tstate);
      |                                                     ^
./Include/internal/pycore_atomic.h:550:5: note: in expansion of macro '_Py_atomic_store_explicit'
  550 |     _Py_atomic_store_explicit((ATOMIC_VAL), (NEW_VAL), _Py_memory_order_relaxed)
      |     ^~~~~~~~~~~~~~~~~~~~~~~~~
./Include/internal/pycore_runtime.h:220:5: note: in expansion of macro '_Py_atomic_store_relaxed'
  220 |     _Py_atomic_store_relaxed(&runtime->_finalizing, (uintptr_t)tstate);
      |     ^~~~~~~~~~~~~~~~~~~~~~~~
gcc -c -fno-strict-overflow -Wsign-compare -DNDEBUG -g -O3 -Wall    -std=c11 -Wextra -Wno-unused-parameter -Wno-missing-field-initializers -Wstrict-prototypes -Werror=implicit-function-declaration -fvisibility=hidden -include posixcompat.h -mabi=sysv  -I./Include/internal  -I. -I./Include    -DPy_BUILD_CORE -o Parser/tokenizer.o Parser/tokenizer.c
In file included from ./Include/Python.h:38,
                 from Parser/tokenizer.c:5:
./Include/internal/pycore_gc.h: In function '_PyGCHead_NEXT':
./Include/pyport.h:24:31: warning: cast to pointer from integer of different size [-Wint-to-pointer-cast]
   24 | #define _Py_CAST(type, expr) ((type)(expr))
      |                               ^
./Include/internal/pycore_gc.h:60:12: note: in expansion of macro '_Py_CAST'
   60 |     return _Py_CAST(PyGC_Head*, next);
      |            ^~~~~~~~
./Include/internal/pycore_gc.h: In function '_PyGCHead_SET_NEXT':
./Include/pyport.h:24:31: warning: cast from pointer to integer of different size [-Wpointer-to-int-cast]
   24 | #define _Py_CAST(type, expr) ((type)(expr))
      |                               ^
./Include/internal/pycore_gc.h:63:20: note: in expansion of macro '_Py_CAST'
   63 |     gc->_gc_next = _Py_CAST(uintptr_t, next);
      |                    ^~~~~~~~
./Include/internal/pycore_gc.h: In function '_PyGCHead_PREV':
./Include/pyport.h:24:31: warning: cast to pointer from integer of different size [-Wint-to-pointer-cast]
   24 | #define _Py_CAST(type, expr) ((type)(expr))
      |                               ^
./Include/internal/pycore_gc.h:69:12: note: in expansion of macro '_Py_CAST'
   69 |     return _Py_CAST(PyGC_Head*, prev);
      |            ^~~~~~~~
./Include/internal/pycore_gc.h: In function '_PyGCHead_SET_PREV':
./Include/pyport.h:24:31: warning: cast from pointer to integer of different size [-Wpointer-to-int-cast]
   24 | #define _Py_CAST(type, expr) ((type)(expr))
      |                               ^
./Include/internal/pycore_gc.h:72:23: note: in expansion of macro '_Py_CAST'
   72 |     uintptr_t uprev = _Py_CAST(uintptr_t, prev);
      |                       ^~~~~~~~
In file included from ./Include/internal/pycore_atomic.h:15,
                 from ./Include/internal/pycore_runtime.h:12,
                 from ./Include/internal/pycore_pystate.h:11,
                 from ./Include/internal/pycore_call.h:11,
                 from Parser/tokenizer.c:6:
./Include/internal/pycore_interp.h: In function '_PyInterpreterState_SetFinalizing':
./Include/internal/pycore_interp.h:253:52: warning: cast from pointer to integer of different size [-Wpointer-to-int-cast]
  253 |     _Py_atomic_store_relaxed(&interp->_finalizing, (uintptr_t)tstate);
      |                                                    ^
./Include/internal/pycore_atomic.h:550:5: note: in expansion of macro '_Py_atomic_store_explicit'
  550 |     _Py_atomic_store_explicit((ATOMIC_VAL), (NEW_VAL), _Py_memory_order_relaxed)
      |     ^~~~~~~~~~~~~~~~~~~~~~~~~
./Include/internal/pycore_interp.h:253:5: note: in expansion of macro '_Py_atomic_store_relaxed'
  253 |     _Py_atomic_store_relaxed(&interp->_finalizing, (uintptr_t)tstate);
      |     ^~~~~~~~~~~~~~~~~~~~~~~~
In file included from ./Include/internal/pycore_runtime.h:21:
./Include/internal/pycore_pymem.h: In function '_PyMem_IsPtrFreed':
./Include/internal/pycore_pymem.h:69:23: warning: cast from pointer to integer of different size [-Wpointer-to-int-cast]
   69 |     uintptr_t value = (uintptr_t)ptr;
      |                       ^
./Include/internal/pycore_runtime.h: In function '_PyRuntimeState_SetFinalizing':
./Include/internal/pycore_runtime.h:220:53: warning: cast from pointer to integer of different size [-Wpointer-to-int-cast]
  220 |     _Py_atomic_store_relaxed(&runtime->_finalizing, (uintptr_t)tstate);
      |                                                     ^
./Include/internal/pycore_atomic.h:550:5: note: in expansion of macro '_Py_atomic_store_explicit'
  550 |     _Py_atomic_store_explicit((ATOMIC_VAL), (NEW_VAL), _Py_memory_order_relaxed)
      |     ^~~~~~~~~~~~~~~~~~~~~~~~~
./Include/internal/pycore_runtime.h:220:5: note: in expansion of macro '_Py_atomic_store_relaxed'
  220 |     _Py_atomic_store_relaxed(&runtime->_finalizing, (uintptr_t)tstate);
      |     ^~~~~~~~~~~~~~~~~~~~~~~~
Parser/tokenizer.c: In function 'update_fstring_expr':
Parser/tokenizer.c:482:29: warning: this statement may fall through [-Wimplicit-fallthrough=]
  482 |     tok_mode->last_expr_end = strlen(tok->start);
      |     ~~~~~~~~~~~~~~~~~~~~~~~~^~~~~~~~~~~~~~~~~~~~
Parser/tokenizer.c:483:3: note: here
  483 |   case ':':
      |   ^~~~
gcc -c -fno-strict-overflow -Wsign-compare -DNDEBUG -g -O3 -Wall    -std=c11 -Wextra -Wno-unused-parameter -Wno-missing-field-initializers -Wstrict-prototypes -Werror=implicit-function-declaration -fvisibility=hidden -include posixcompat.h -mabi=sysv  -I./Include/internal  -I. -I./Include    -DPy_BUILD_CORE -o Objects/abstract.o Objects/abstract.c
In file included from ./Include/Python.h:38,
                 from Objects/abstract.c:3:
./Include/internal/pycore_gc.h: In function '_PyGCHead_NEXT':
./Include/pyport.h:24:31: warning: cast to pointer from integer of different size [-Wint-to-pointer-cast]
   24 | #define _Py_CAST(type, expr) ((type)(expr))
      |                               ^
./Include/internal/pycore_gc.h:60:12: note: in expansion of macro '_Py_CAST'
   60 |     return _Py_CAST(PyGC_Head*, next);
      |            ^~~~~~~~
./Include/internal/pycore_gc.h: In function '_PyGCHead_SET_NEXT':
./Include/pyport.h:24:31: warning: cast from pointer to integer of different size [-Wpointer-to-int-cast]
   24 | #define _Py_CAST(type, expr) ((type)(expr))
      |                               ^
./Include/internal/pycore_gc.h:63:20: note: in expansion of macro '_Py_CAST'
   63 |     gc->_gc_next = _Py_CAST(uintptr_t, next);
      |                    ^~~~~~~~
./Include/internal/pycore_gc.h: In function '_PyGCHead_PREV':
./Include/pyport.h:24:31: warning: cast to pointer from integer of different size [-Wint-to-pointer-cast]
   24 | #define _Py_CAST(type, expr) ((type)(expr))
      |                               ^
./Include/internal/pycore_gc.h:69:12: note: in expansion of macro '_Py_CAST'
   69 |     return _Py_CAST(PyGC_Head*, prev);
      |            ^~~~~~~~
./Include/internal/pycore_gc.h: In function '_PyGCHead_SET_PREV':
./Include/pyport.h:24:31: warning: cast from pointer to integer of different size [-Wpointer-to-int-cast]
   24 | #define _Py_CAST(type, expr) ((type)(expr))
      |                               ^
./Include/internal/pycore_gc.h:72:23: note: in expansion of macro '_Py_CAST'
   72 |     uintptr_t uprev = _Py_CAST(uintptr_t, prev);
      |                       ^~~~~~~~
In file included from ./Include/internal/pycore_atomic.h:15,
                 from ./Include/internal/pycore_runtime.h:12,
                 from ./Include/internal/pycore_pystate.h:11,
                 from ./Include/internal/pycore_call.h:11,
                 from Objects/abstract.c:5:
./Include/internal/pycore_interp.h: In function '_PyInterpreterState_SetFinalizing':
./Include/internal/pycore_interp.h:253:52: warning: cast from pointer to integer of different size [-Wpointer-to-int-cast]
  253 |     _Py_atomic_store_relaxed(&interp->_finalizing, (uintptr_t)tstate);
      |                                                    ^
./Include/internal/pycore_atomic.h:550:5: note: in expansion of macro '_Py_atomic_store_explicit'
  550 |     _Py_atomic_store_explicit((ATOMIC_VAL), (NEW_VAL), _Py_memory_order_relaxed)
      |     ^~~~~~~~~~~~~~~~~~~~~~~~~
./Include/internal/pycore_interp.h:253:5: note: in expansion of macro '_Py_atomic_store_relaxed'
  253 |     _Py_atomic_store_relaxed(&interp->_finalizing, (uintptr_t)tstate);
      |     ^~~~~~~~~~~~~~~~~~~~~~~~
In file included from ./Include/internal/pycore_runtime.h:21:
./Include/internal/pycore_pymem.h: In function '_PyMem_IsPtrFreed':
./Include/internal/pycore_pymem.h:69:23: warning: cast from pointer to integer of different size [-Wpointer-to-int-cast]
   69 |     uintptr_t value = (uintptr_t)ptr;
      |                       ^
./Include/internal/pycore_runtime.h: In function '_PyRuntimeState_SetFinalizing':
./Include/internal/pycore_runtime.h:220:53: warning: cast from pointer to integer of different size [-Wpointer-to-int-cast]
  220 |     _Py_atomic_store_relaxed(&runtime->_finalizing, (uintptr_t)tstate);
      |                                                     ^
./Include/internal/pycore_atomic.h:550:5: note: in expansion of macro '_Py_atomic_store_explicit'
  550 |     _Py_atomic_store_explicit((ATOMIC_VAL), (NEW_VAL), _Py_memory_order_relaxed)
      |     ^~~~~~~~~~~~~~~~~~~~~~~~~
./Include/internal/pycore_runtime.h:220:5: note: in expansion of macro '_Py_atomic_store_relaxed'
  220 |     _Py_atomic_store_relaxed(&runtime->_finalizing, (uintptr_t)tstate);
      |     ^~~~~~~~~~~~~~~~~~~~~~~~
In file included from Objects/abstract.c:7:
./Include/internal/pycore_object.h: In function '_PyObject_GC_TRACK':
./Include/internal/pycore_object.h:227:23: warning: cast to pointer from integer of different size [-Wint-to-pointer-cast]
  227 |     PyGC_Head *last = (PyGC_Head*)(generation0->_gc_prev);
      |                       ^
./Include/internal/pycore_object.h:231:29: warning: cast from pointer to integer of different size [-Wpointer-to-int-cast]
  231 |     generation0->_gc_prev = (uintptr_t)gc;
      |                             ^
./Include/internal/pycore_object.h: In function '_PyDictOrValues_IsValues':
./Include/internal/pycore_object.h:394:13: warning: cast from pointer to integer of different size [-Wpointer-to-int-cast]
  394 |     return ((uintptr_t)dorv.values) & 1;
      |             ^
gcc -c -fno-strict-overflow -Wsign-compare -DNDEBUG -g -O3 -Wall    -std=c11 -Wextra -Wno-unused-parameter -Wno-missing-field-initializers -Wstrict-prototypes -Werror=implicit-function-declaration -fvisibility=hidden -include posixcompat.h -mabi=sysv  -I./Include/internal  -I. -I./Include    -DPy_BUILD_CORE -o Objects/boolobject.o Objects/boolobject.c
In file included from ./Include/Python.h:38,
                 from Objects/boolobject.c:3:
./Include/internal/pycore_gc.h: In function '_PyGCHead_NEXT':
./Include/pyport.h:24:31: warning: cast to pointer from integer of different size [-Wint-to-pointer-cast]
   24 | #define _Py_CAST(type, expr) ((type)(expr))
      |                               ^
./Include/internal/pycore_gc.h:60:12: note: in expansion of macro '_Py_CAST'
   60 |     return _Py_CAST(PyGC_Head*, next);
      |            ^~~~~~~~
./Include/internal/pycore_gc.h: In function '_PyGCHead_SET_NEXT':
./Include/pyport.h:24:31: warning: cast from pointer to integer of different size [-Wpointer-to-int-cast]
   24 | #define _Py_CAST(type, expr) ((type)(expr))
      |                               ^
./Include/internal/pycore_gc.h:63:20: note: in expansion of macro '_Py_CAST'
   63 |     gc->_gc_next = _Py_CAST(uintptr_t, next);
      |                    ^~~~~~~~
./Include/internal/pycore_gc.h: In function '_PyGCHead_PREV':
./Include/pyport.h:24:31: warning: cast to pointer from integer of different size [-Wint-to-pointer-cast]
   24 | #define _Py_CAST(type, expr) ((type)(expr))
      |                               ^
./Include/internal/pycore_gc.h:69:12: note: in expansion of macro '_Py_CAST'
   69 |     return _Py_CAST(PyGC_Head*, prev);
      |            ^~~~~~~~
./Include/internal/pycore_gc.h: In function '_PyGCHead_SET_PREV':
./Include/pyport.h:24:31: warning: cast from pointer to integer of different size [-Wpointer-to-int-cast]
   24 | #define _Py_CAST(type, expr) ((type)(expr))
      |                               ^
./Include/internal/pycore_gc.h:72:23: note: in expansion of macro '_Py_CAST'
   72 |     uintptr_t uprev = _Py_CAST(uintptr_t, prev);
      |                       ^~~~~~~~
In file included from ./Include/internal/pycore_atomic.h:15,
                 from ./Include/internal/pycore_interp.h:15,
                 from ./Include/internal/pycore_object.h:13,
                 from Objects/boolobject.c:4:
./Include/internal/pycore_interp.h: In function '_PyInterpreterState_SetFinalizing':
./Include/internal/pycore_interp.h:253:52: warning: cast from pointer to integer of different size [-Wpointer-to-int-cast]
  253 |     _Py_atomic_store_relaxed(&interp->_finalizing, (uintptr_t)tstate);
      |                                                    ^
./Include/internal/pycore_atomic.h:550:5: note: in expansion of macro '_Py_atomic_store_explicit'
  550 |     _Py_atomic_store_explicit((ATOMIC_VAL), (NEW_VAL), _Py_memory_order_relaxed)
      |     ^~~~~~~~~~~~~~~~~~~~~~~~~
./Include/internal/pycore_interp.h:253:5: note: in expansion of macro '_Py_atomic_store_relaxed'
  253 |     _Py_atomic_store_relaxed(&interp->_finalizing, (uintptr_t)tstate);
      |     ^~~~~~~~~~~~~~~~~~~~~~~~
In file included from ./Include/internal/pycore_runtime.h:21,
                 from ./Include/internal/pycore_pystate.h:11,
                 from ./Include/internal/pycore_object.h:14:
./Include/internal/pycore_pymem.h: In function '_PyMem_IsPtrFreed':
./Include/internal/pycore_pymem.h:69:23: warning: cast from pointer to integer of different size [-Wpointer-to-int-cast]
   69 |     uintptr_t value = (uintptr_t)ptr;
      |                       ^
./Include/internal/pycore_runtime.h: In function '_PyRuntimeState_SetFinalizing':
./Include/internal/pycore_runtime.h:220:53: warning: cast from pointer to integer of different size [-Wpointer-to-int-cast]
  220 |     _Py_atomic_store_relaxed(&runtime->_finalizing, (uintptr_t)tstate);
      |                                                     ^
./Include/internal/pycore_atomic.h:550:5: note: in expansion of macro '_Py_atomic_store_explicit'
  550 |     _Py_atomic_store_explicit((ATOMIC_VAL), (NEW_VAL), _Py_memory_order_relaxed)
      |     ^~~~~~~~~~~~~~~~~~~~~~~~~
./Include/internal/pycore_runtime.h:220:5: note: in expansion of macro '_Py_atomic_store_relaxed'
  220 |     _Py_atomic_store_relaxed(&runtime->_finalizing, (uintptr_t)tstate);
      |     ^~~~~~~~~~~~~~~~~~~~~~~~
./Include/internal/pycore_object.h: In function '_PyObject_GC_TRACK':
./Include/internal/pycore_object.h:227:23: warning: cast to pointer from integer of different size [-Wint-to-pointer-cast]
  227 |     PyGC_Head *last = (PyGC_Head*)(generation0->_gc_prev);
      |                       ^
./Include/internal/pycore_object.h:231:29: warning: cast from pointer to integer of different size [-Wpointer-to-int-cast]
  231 |     generation0->_gc_prev = (uintptr_t)gc;
      |                             ^
./Include/internal/pycore_object.h: In function '_PyDictOrValues_IsValues':
./Include/internal/pycore_object.h:394:13: warning: cast from pointer to integer of different size [-Wpointer-to-int-cast]
  394 |     return ((uintptr_t)dorv.values) & 1;
      |             ^
gcc -c -fno-strict-overflow -Wsign-compare -DNDEBUG -g -O3 -Wall    -std=c11 -Wextra -Wno-unused-parameter -Wno-missing-field-initializers -Wstrict-prototypes -Werror=implicit-function-declaration -fvisibility=hidden -include posixcompat.h -mabi=sysv  -I./Include/internal  -I. -I./Include    -DPy_BUILD_CORE -o Objects/bytes_methods.o Objects/bytes_methods.c
In file included from ./Include/Python.h:39,
                 from Objects/bytes_methods.c:2:
Objects/bytes_methods.c: In function '_Py_bytes_isascii':
./Include/pymacro.h:112:33: warning: cast from pointer to integer of different size [-Wpointer-to-int-cast]
  112 | #define _Py_IS_ALIGNED(p, a) (!((uintptr_t)(p) & (uintptr_t)((a) - 1)))
      |                                 ^
Objects/bytes_methods.c:122:13: note: in expansion of macro '_Py_IS_ALIGNED'
  122 |         if (_Py_IS_ALIGNED(p, ALIGNOF_SIZE_T)) {
      |             ^~~~~~~~~~~~~~
gcc -c -fno-strict-overflow -Wsign-compare -DNDEBUG -g -O3 -Wall    -std=c11 -Wextra -Wno-unused-parameter -Wno-missing-field-initializers -Wstrict-prototypes -Werror=implicit-function-declaration -fvisibility=hidden -include posixcompat.h -mabi=sysv  -I./Include/internal  -I. -I./Include    -DPy_BUILD_CORE -o Objects/bytearrayobject.o Objects/bytearrayobject.c
In file included from ./Include/Python.h:38,
                 from Objects/bytearrayobject.c:4:
./Include/internal/pycore_gc.h: In function '_PyGCHead_NEXT':
./Include/pyport.h:24:31: warning: cast to pointer from integer of different size [-Wint-to-pointer-cast]
   24 | #define _Py_CAST(type, expr) ((type)(expr))
      |                               ^
./Include/internal/pycore_gc.h:60:12: note: in expansion of macro '_Py_CAST'
   60 |     return _Py_CAST(PyGC_Head*, next);
      |            ^~~~~~~~
./Include/internal/pycore_gc.h: In function '_PyGCHead_SET_NEXT':
./Include/pyport.h:24:31: warning: cast from pointer to integer of different size [-Wpointer-to-int-cast]
   24 | #define _Py_CAST(type, expr) ((type)(expr))
      |                               ^
./Include/internal/pycore_gc.h:63:20: note: in expansion of macro '_Py_CAST'
   63 |     gc->_gc_next = _Py_CAST(uintptr_t, next);
      |                    ^~~~~~~~
./Include/internal/pycore_gc.h: In function '_PyGCHead_PREV':
./Include/pyport.h:24:31: warning: cast to pointer from integer of different size [-Wint-to-pointer-cast]
   24 | #define _Py_CAST(type, expr) ((type)(expr))
      |                               ^
./Include/internal/pycore_gc.h:69:12: note: in expansion of macro '_Py_CAST'
   69 |     return _Py_CAST(PyGC_Head*, prev);
      |            ^~~~~~~~
./Include/internal/pycore_gc.h: In function '_PyGCHead_SET_PREV':
./Include/pyport.h:24:31: warning: cast from pointer to integer of different size [-Wpointer-to-int-cast]
   24 | #define _Py_CAST(type, expr) ((type)(expr))
      |                               ^
./Include/internal/pycore_gc.h:72:23: note: in expansion of macro '_Py_CAST'
   72 |     uintptr_t uprev = _Py_CAST(uintptr_t, prev);
      |                       ^~~~~~~~
In file included from ./Include/internal/pycore_atomic.h:15,
                 from ./Include/internal/pycore_interp.h:15,
                 from ./Include/internal/pycore_object.h:13,
                 from Objects/bytearrayobject.c:8:
./Include/internal/pycore_interp.h: In function '_PyInterpreterState_SetFinalizing':
./Include/internal/pycore_interp.h:253:52: warning: cast from pointer to integer of different size [-Wpointer-to-int-cast]
  253 |     _Py_atomic_store_relaxed(&interp->_finalizing, (uintptr_t)tstate);
      |                                                    ^
./Include/internal/pycore_atomic.h:550:5: note: in expansion of macro '_Py_atomic_store_explicit'
  550 |     _Py_atomic_store_explicit((ATOMIC_VAL), (NEW_VAL), _Py_memory_order_relaxed)
      |     ^~~~~~~~~~~~~~~~~~~~~~~~~
./Include/internal/pycore_interp.h:253:5: note: in expansion of macro '_Py_atomic_store_relaxed'
  253 |     _Py_atomic_store_relaxed(&interp->_finalizing, (uintptr_t)tstate);
      |     ^~~~~~~~~~~~~~~~~~~~~~~~
In file included from ./Include/internal/pycore_runtime.h:21,
                 from ./Include/internal/pycore_pystate.h:11,
                 from ./Include/internal/pycore_object.h:14:
./Include/internal/pycore_pymem.h: In function '_PyMem_IsPtrFreed':
./Include/internal/pycore_pymem.h:69:23: warning: cast from pointer to integer of different size [-Wpointer-to-int-cast]
   69 |     uintptr_t value = (uintptr_t)ptr;
      |                       ^
./Include/internal/pycore_runtime.h: In function '_PyRuntimeState_SetFinalizing':
./Include/internal/pycore_runtime.h:220:53: warning: cast from pointer to integer of different size [-Wpointer-to-int-cast]
  220 |     _Py_atomic_store_relaxed(&runtime->_finalizing, (uintptr_t)tstate);
      |                                                     ^
./Include/internal/pycore_atomic.h:550:5: note: in expansion of macro '_Py_atomic_store_explicit'
  550 |     _Py_atomic_store_explicit((ATOMIC_VAL), (NEW_VAL), _Py_memory_order_relaxed)
      |     ^~~~~~~~~~~~~~~~~~~~~~~~~
./Include/internal/pycore_runtime.h:220:5: note: in expansion of macro '_Py_atomic_store_relaxed'
  220 |     _Py_atomic_store_relaxed(&runtime->_finalizing, (uintptr_t)tstate);
      |     ^~~~~~~~~~~~~~~~~~~~~~~~
./Include/internal/pycore_object.h: In function '_PyObject_GC_TRACK':
./Include/internal/pycore_object.h:227:23: warning: cast to pointer from integer of different size [-Wint-to-pointer-cast]
  227 |     PyGC_Head *last = (PyGC_Head*)(generation0->_gc_prev);
      |                       ^
./Include/internal/pycore_object.h:231:29: warning: cast from pointer to integer of different size [-Wpointer-to-int-cast]
  231 |     generation0->_gc_prev = (uintptr_t)gc;
      |                             ^
./Include/internal/pycore_object.h: In function '_PyDictOrValues_IsValues':
./Include/internal/pycore_object.h:394:13: warning: cast from pointer to integer of different size [-Wpointer-to-int-cast]
  394 |     return ((uintptr_t)dorv.values) & 1;
      |             ^
gcc -c -fno-strict-overflow -Wsign-compare -DNDEBUG -g -O3 -Wall    -std=c11 -Wextra -Wno-unused-parameter -Wno-missing-field-initializers -Wstrict-prototypes -Werror=implicit-function-declaration -fvisibility=hidden -include posixcompat.h -mabi=sysv  -I./Include/internal  -I. -I./Include    -DPy_BUILD_CORE -o Objects/bytesobject.o Objects/bytesobject.c
In file included from ./Include/Python.h:38,
                 from Objects/bytesobject.c:5:
./Include/internal/pycore_gc.h: In function '_PyGCHead_NEXT':
./Include/pyport.h:24:31: warning: cast to pointer from integer of different size [-Wint-to-pointer-cast]
   24 | #define _Py_CAST(type, expr) ((type)(expr))
      |                               ^
./Include/internal/pycore_gc.h:60:12: note: in expansion of macro '_Py_CAST'
   60 |     return _Py_CAST(PyGC_Head*, next);
      |            ^~~~~~~~
./Include/internal/pycore_gc.h: In function '_PyGCHead_SET_NEXT':
./Include/pyport.h:24:31: warning: cast from pointer to integer of different size [-Wpointer-to-int-cast]
   24 | #define _Py_CAST(type, expr) ((type)(expr))
      |                               ^
./Include/internal/pycore_gc.h:63:20: note: in expansion of macro '_Py_CAST'
   63 |     gc->_gc_next = _Py_CAST(uintptr_t, next);
      |                    ^~~~~~~~
./Include/internal/pycore_gc.h: In function '_PyGCHead_PREV':
./Include/pyport.h:24:31: warning: cast to pointer from integer of different size [-Wint-to-pointer-cast]
   24 | #define _Py_CAST(type, expr) ((type)(expr))
      |                               ^
./Include/internal/pycore_gc.h:69:12: note: in expansion of macro '_Py_CAST'
   69 |     return _Py_CAST(PyGC_Head*, prev);
      |            ^~~~~~~~
./Include/internal/pycore_gc.h: In function '_PyGCHead_SET_PREV':
./Include/pyport.h:24:31: warning: cast from pointer to integer of different size [-Wpointer-to-int-cast]
   24 | #define _Py_CAST(type, expr) ((type)(expr))
      |                               ^
./Include/internal/pycore_gc.h:72:23: note: in expansion of macro '_Py_CAST'
   72 |     uintptr_t uprev = _Py_CAST(uintptr_t, prev);
      |                       ^~~~~~~~
In file included from ./Include/internal/pycore_atomic.h:15,
                 from ./Include/internal/pycore_runtime.h:12,
                 from ./Include/internal/pycore_pystate.h:11,
                 from ./Include/internal/pycore_call.h:11,
                 from Objects/bytesobject.c:9:
./Include/internal/pycore_interp.h: In function '_PyInterpreterState_SetFinalizing':
./Include/internal/pycore_interp.h:253:52: warning: cast from pointer to integer of different size [-Wpointer-to-int-cast]
  253 |     _Py_atomic_store_relaxed(&interp->_finalizing, (uintptr_t)tstate);
      |                                                    ^
./Include/internal/pycore_atomic.h:550:5: note: in expansion of macro '_Py_atomic_store_explicit'
  550 |     _Py_atomic_store_explicit((ATOMIC_VAL), (NEW_VAL), _Py_memory_order_relaxed)
      |     ^~~~~~~~~~~~~~~~~~~~~~~~~
./Include/internal/pycore_interp.h:253:5: note: in expansion of macro '_Py_atomic_store_relaxed'
  253 |     _Py_atomic_store_relaxed(&interp->_finalizing, (uintptr_t)tstate);
      |     ^~~~~~~~~~~~~~~~~~~~~~~~
In file included from ./Include/internal/pycore_runtime.h:21:
./Include/internal/pycore_pymem.h: In function '_PyMem_IsPtrFreed':
./Include/internal/pycore_pymem.h:69:23: warning: cast from pointer to integer of different size [-Wpointer-to-int-cast]
   69 |     uintptr_t value = (uintptr_t)ptr;
      |                       ^
./Include/internal/pycore_runtime.h: In function '_PyRuntimeState_SetFinalizing':
./Include/internal/pycore_runtime.h:220:53: warning: cast from pointer to integer of different size [-Wpointer-to-int-cast]
  220 |     _Py_atomic_store_relaxed(&runtime->_finalizing, (uintptr_t)tstate);
      |                                                     ^
./Include/internal/pycore_atomic.h:550:5: note: in expansion of macro '_Py_atomic_store_explicit'
  550 |     _Py_atomic_store_explicit((ATOMIC_VAL), (NEW_VAL), _Py_memory_order_relaxed)
      |     ^~~~~~~~~~~~~~~~~~~~~~~~~
./Include/internal/pycore_runtime.h:220:5: note: in expansion of macro '_Py_atomic_store_relaxed'
  220 |     _Py_atomic_store_relaxed(&runtime->_finalizing, (uintptr_t)tstate);
      |     ^~~~~~~~~~~~~~~~~~~~~~~~
In file included from Objects/bytesobject.c:14:
./Include/internal/pycore_object.h: In function '_PyObject_GC_TRACK':
./Include/internal/pycore_object.h:227:23: warning: cast to pointer from integer of different size [-Wint-to-pointer-cast]
  227 |     PyGC_Head *last = (PyGC_Head*)(generation0->_gc_prev);
      |                       ^
./Include/internal/pycore_object.h:231:29: warning: cast from pointer to integer of different size [-Wpointer-to-int-cast]
  231 |     generation0->_gc_prev = (uintptr_t)gc;
      |                             ^
./Include/internal/pycore_object.h: In function '_PyDictOrValues_IsValues':
./Include/internal/pycore_object.h:394:13: warning: cast from pointer to integer of different size [-Wpointer-to-int-cast]
  394 |     return ((uintptr_t)dorv.values) & 1;
      |             ^
Objects/bytesobject.c: In function 'PyBytes_FromFormatV':
Objects/bytesobject.c:276:36: warning: format '%zd' expects argument of type 'signed size_t', but argument 3 has type 'Py_ssize_t' {aka 'int'} [-Wformat=]
  276 |                 sprintf(buffer, "%zd", va_arg(vargs, Py_ssize_t));
      |                                  ~~^
      |                                    |
      |                                    long long int
      |                                  %d
Objects/bytesobject.c:290:36: warning: format '%zu' expects argument of type 'size_t', but argument 3 has type 'unsigned int' [-Wformat=]
  290 |                 sprintf(buffer, "%zu", va_arg(vargs, size_t));
      |                                  ~~^
      |                                    |
      |                                    long long unsigned int
      |                                  %u
gcc -c -fno-strict-overflow -Wsign-compare -DNDEBUG -g -O3 -Wall    -std=c11 -Wextra -Wno-unused-parameter -Wno-missing-field-initializers -Wstrict-prototypes -Werror=implicit-function-declaration -fvisibility=hidden -include posixcompat.h -mabi=sysv  -I./Include/internal  -I. -I./Include    -DPy_BUILD_CORE -o Objects/call.o Objects/call.c
In file included from ./Include/Python.h:38,
                 from Objects/call.c:1:
./Include/internal/pycore_gc.h: In function '_PyGCHead_NEXT':
./Include/pyport.h:24:31: warning: cast to pointer from integer of different size [-Wint-to-pointer-cast]
   24 | #define _Py_CAST(type, expr) ((type)(expr))
      |                               ^
./Include/internal/pycore_gc.h:60:12: note: in expansion of macro '_Py_CAST'
   60 |     return _Py_CAST(PyGC_Head*, next);
      |            ^~~~~~~~
./Include/internal/pycore_gc.h: In function '_PyGCHead_SET_NEXT':
./Include/pyport.h:24:31: warning: cast from pointer to integer of different size [-Wpointer-to-int-cast]
   24 | #define _Py_CAST(type, expr) ((type)(expr))
      |                               ^
./Include/internal/pycore_gc.h:63:20: note: in expansion of macro '_Py_CAST'
   63 |     gc->_gc_next = _Py_CAST(uintptr_t, next);
      |                    ^~~~~~~~
./Include/internal/pycore_gc.h: In function '_PyGCHead_PREV':
./Include/pyport.h:24:31: warning: cast to pointer from integer of different size [-Wint-to-pointer-cast]
   24 | #define _Py_CAST(type, expr) ((type)(expr))
      |                               ^
./Include/internal/pycore_gc.h:69:12: note: in expansion of macro '_Py_CAST'
   69 |     return _Py_CAST(PyGC_Head*, prev);
      |            ^~~~~~~~
./Include/internal/pycore_gc.h: In function '_PyGCHead_SET_PREV':
./Include/pyport.h:24:31: warning: cast from pointer to integer of different size [-Wpointer-to-int-cast]
   24 | #define _Py_CAST(type, expr) ((type)(expr))
      |                               ^
./Include/internal/pycore_gc.h:72:23: note: in expansion of macro '_Py_CAST'
   72 |     uintptr_t uprev = _Py_CAST(uintptr_t, prev);
      |                       ^~~~~~~~
In file included from ./Include/internal/pycore_atomic.h:15,
                 from ./Include/internal/pycore_runtime.h:12,
                 from ./Include/internal/pycore_pystate.h:11,
                 from ./Include/internal/pycore_call.h:11,
                 from Objects/call.c:2:
./Include/internal/pycore_interp.h: In function '_PyInterpreterState_SetFinalizing':
./Include/internal/pycore_interp.h:253:52: warning: cast from pointer to integer of different size [-Wpointer-to-int-cast]
  253 |     _Py_atomic_store_relaxed(&interp->_finalizing, (uintptr_t)tstate);
      |                                                    ^
./Include/internal/pycore_atomic.h:550:5: note: in expansion of macro '_Py_atomic_store_explicit'
  550 |     _Py_atomic_store_explicit((ATOMIC_VAL), (NEW_VAL), _Py_memory_order_relaxed)
      |     ^~~~~~~~~~~~~~~~~~~~~~~~~
./Include/internal/pycore_interp.h:253:5: note: in expansion of macro '_Py_atomic_store_relaxed'
  253 |     _Py_atomic_store_relaxed(&interp->_finalizing, (uintptr_t)tstate);
      |     ^~~~~~~~~~~~~~~~~~~~~~~~
In file included from ./Include/internal/pycore_runtime.h:21:
./Include/internal/pycore_pymem.h: In function '_PyMem_IsPtrFreed':
./Include/internal/pycore_pymem.h:69:23: warning: cast from pointer to integer of different size [-Wpointer-to-int-cast]
   69 |     uintptr_t value = (uintptr_t)ptr;
      |                       ^
./Include/internal/pycore_runtime.h: In function '_PyRuntimeState_SetFinalizing':
./Include/internal/pycore_runtime.h:220:53: warning: cast from pointer to integer of different size [-Wpointer-to-int-cast]
  220 |     _Py_atomic_store_relaxed(&runtime->_finalizing, (uintptr_t)tstate);
      |                                                     ^
./Include/internal/pycore_atomic.h:550:5: note: in expansion of macro '_Py_atomic_store_explicit'
  550 |     _Py_atomic_store_explicit((ATOMIC_VAL), (NEW_VAL), _Py_memory_order_relaxed)
      |     ^~~~~~~~~~~~~~~~~~~~~~~~~
./Include/internal/pycore_runtime.h:220:5: note: in expansion of macro '_Py_atomic_store_relaxed'
  220 |     _Py_atomic_store_relaxed(&runtime->_finalizing, (uintptr_t)tstate);
      |     ^~~~~~~~~~~~~~~~~~~~~~~~
In file included from Objects/call.c:5:
./Include/internal/pycore_object.h: In function '_PyObject_GC_TRACK':
./Include/internal/pycore_object.h:227:23: warning: cast to pointer from integer of different size [-Wint-to-pointer-cast]
  227 |     PyGC_Head *last = (PyGC_Head*)(generation0->_gc_prev);
      |                       ^
./Include/internal/pycore_object.h:231:29: warning: cast from pointer to integer of different size [-Wpointer-to-int-cast]
  231 |     generation0->_gc_prev = (uintptr_t)gc;
      |                             ^
./Include/internal/pycore_object.h: In function '_PyDictOrValues_IsValues':
./Include/internal/pycore_object.h:394:13: warning: cast from pointer to integer of different size [-Wpointer-to-int-cast]
  394 |     return ((uintptr_t)dorv.values) & 1;
      |             ^
gcc -c -fno-strict-overflow -Wsign-compare -DNDEBUG -g -O3 -Wall    -std=c11 -Wextra -Wno-unused-parameter -Wno-missing-field-initializers -Wstrict-prototypes -Werror=implicit-function-declaration -fvisibility=hidden -include posixcompat.h -mabi=sysv  -I./Include/internal  -I. -I./Include    -DPy_BUILD_CORE -o Objects/capsule.o Objects/capsule.c
gcc -c -fno-strict-overflow -Wsign-compare -DNDEBUG -g -O3 -Wall    -std=c11 -Wextra -Wno-unused-parameter -Wno-missing-field-initializers -Wstrict-prototypes -Werror=implicit-function-declaration -fvisibility=hidden -include posixcompat.h -mabi=sysv  -I./Include/internal  -I. -I./Include    -DPy_BUILD_CORE -o Objects/cellobject.o Objects/cellobject.c
In file included from ./Include/Python.h:38,
                 from Objects/cellobject.c:3:
./Include/internal/pycore_gc.h: In function '_PyGCHead_NEXT':
./Include/pyport.h:24:31: warning: cast to pointer from integer of different size [-Wint-to-pointer-cast]
   24 | #define _Py_CAST(type, expr) ((type)(expr))
      |                               ^
./Include/internal/pycore_gc.h:60:12: note: in expansion of macro '_Py_CAST'
   60 |     return _Py_CAST(PyGC_Head*, next);
      |            ^~~~~~~~
./Include/internal/pycore_gc.h: In function '_PyGCHead_SET_NEXT':
./Include/pyport.h:24:31: warning: cast from pointer to integer of different size [-Wpointer-to-int-cast]
   24 | #define _Py_CAST(type, expr) ((type)(expr))
      |                               ^
./Include/internal/pycore_gc.h:63:20: note: in expansion of macro '_Py_CAST'
   63 |     gc->_gc_next = _Py_CAST(uintptr_t, next);
      |                    ^~~~~~~~
./Include/internal/pycore_gc.h: In function '_PyGCHead_PREV':
./Include/pyport.h:24:31: warning: cast to pointer from integer of different size [-Wint-to-pointer-cast]
   24 | #define _Py_CAST(type, expr) ((type)(expr))
      |                               ^
./Include/internal/pycore_gc.h:69:12: note: in expansion of macro '_Py_CAST'
   69 |     return _Py_CAST(PyGC_Head*, prev);
      |            ^~~~~~~~
./Include/internal/pycore_gc.h: In function '_PyGCHead_SET_PREV':
./Include/pyport.h:24:31: warning: cast from pointer to integer of different size [-Wpointer-to-int-cast]
   24 | #define _Py_CAST(type, expr) ((type)(expr))
      |                               ^
./Include/internal/pycore_gc.h:72:23: note: in expansion of macro '_Py_CAST'
   72 |     uintptr_t uprev = _Py_CAST(uintptr_t, prev);
      |                       ^~~~~~~~
In file included from ./Include/internal/pycore_atomic.h:15,
                 from ./Include/internal/pycore_interp.h:15,
                 from ./Include/internal/pycore_object.h:13,
                 from Objects/cellobject.c:4:
./Include/internal/pycore_interp.h: In function '_PyInterpreterState_SetFinalizing':
./Include/internal/pycore_interp.h:253:52: warning: cast from pointer to integer of different size [-Wpointer-to-int-cast]
  253 |     _Py_atomic_store_relaxed(&interp->_finalizing, (uintptr_t)tstate);
      |                                                    ^
./Include/internal/pycore_atomic.h:550:5: note: in expansion of macro '_Py_atomic_store_explicit'
  550 |     _Py_atomic_store_explicit((ATOMIC_VAL), (NEW_VAL), _Py_memory_order_relaxed)
      |     ^~~~~~~~~~~~~~~~~~~~~~~~~
./Include/internal/pycore_interp.h:253:5: note: in expansion of macro '_Py_atomic_store_relaxed'
  253 |     _Py_atomic_store_relaxed(&interp->_finalizing, (uintptr_t)tstate);
      |     ^~~~~~~~~~~~~~~~~~~~~~~~
In file included from ./Include/internal/pycore_runtime.h:21,
                 from ./Include/internal/pycore_pystate.h:11,
                 from ./Include/internal/pycore_object.h:14:
./Include/internal/pycore_pymem.h: In function '_PyMem_IsPtrFreed':
./Include/internal/pycore_pymem.h:69:23: warning: cast from pointer to integer of different size [-Wpointer-to-int-cast]
   69 |     uintptr_t value = (uintptr_t)ptr;
      |                       ^
./Include/internal/pycore_runtime.h: In function '_PyRuntimeState_SetFinalizing':
./Include/internal/pycore_runtime.h:220:53: warning: cast from pointer to integer of different size [-Wpointer-to-int-cast]
  220 |     _Py_atomic_store_relaxed(&runtime->_finalizing, (uintptr_t)tstate);
      |                                                     ^
./Include/internal/pycore_atomic.h:550:5: note: in expansion of macro '_Py_atomic_store_explicit'
  550 |     _Py_atomic_store_explicit((ATOMIC_VAL), (NEW_VAL), _Py_memory_order_relaxed)
      |     ^~~~~~~~~~~~~~~~~~~~~~~~~
./Include/internal/pycore_runtime.h:220:5: note: in expansion of macro '_Py_atomic_store_relaxed'
  220 |     _Py_atomic_store_relaxed(&runtime->_finalizing, (uintptr_t)tstate);
      |     ^~~~~~~~~~~~~~~~~~~~~~~~
./Include/internal/pycore_object.h: In function '_PyObject_GC_TRACK':
./Include/internal/pycore_object.h:227:23: warning: cast to pointer from integer of different size [-Wint-to-pointer-cast]
  227 |     PyGC_Head *last = (PyGC_Head*)(generation0->_gc_prev);
      |                       ^
./Include/internal/pycore_object.h:231:29: warning: cast from pointer to integer of different size [-Wpointer-to-int-cast]
  231 |     generation0->_gc_prev = (uintptr_t)gc;
      |                             ^
./Include/internal/pycore_object.h: In function '_PyDictOrValues_IsValues':
./Include/internal/pycore_object.h:394:13: warning: cast from pointer to integer of different size [-Wpointer-to-int-cast]
  394 |     return ((uintptr_t)dorv.values) & 1;
      |             ^
gcc -c -fno-strict-overflow -Wsign-compare -DNDEBUG -g -O3 -Wall    -std=c11 -Wextra -Wno-unused-parameter -Wno-missing-field-initializers -Wstrict-prototypes -Werror=implicit-function-declaration -fvisibility=hidden -include posixcompat.h -mabi=sysv  -I./Include/internal  -I. -I./Include    -DPy_BUILD_CORE -o Objects/classobject.o Objects/classobject.c
In file included from ./Include/Python.h:38,
                 from Objects/classobject.c:3:
./Include/internal/pycore_gc.h: In function '_PyGCHead_NEXT':
./Include/pyport.h:24:31: warning: cast to pointer from integer of different size [-Wint-to-pointer-cast]
   24 | #define _Py_CAST(type, expr) ((type)(expr))
      |                               ^
./Include/internal/pycore_gc.h:60:12: note: in expansion of macro '_Py_CAST'
   60 |     return _Py_CAST(PyGC_Head*, next);
      |            ^~~~~~~~
./Include/internal/pycore_gc.h: In function '_PyGCHead_SET_NEXT':
./Include/pyport.h:24:31: warning: cast from pointer to integer of different size [-Wpointer-to-int-cast]
   24 | #define _Py_CAST(type, expr) ((type)(expr))
      |                               ^
./Include/internal/pycore_gc.h:63:20: note: in expansion of macro '_Py_CAST'
   63 |     gc->_gc_next = _Py_CAST(uintptr_t, next);
      |                    ^~~~~~~~
./Include/internal/pycore_gc.h: In function '_PyGCHead_PREV':
./Include/pyport.h:24:31: warning: cast to pointer from integer of different size [-Wint-to-pointer-cast]
   24 | #define _Py_CAST(type, expr) ((type)(expr))
      |                               ^
./Include/internal/pycore_gc.h:69:12: note: in expansion of macro '_Py_CAST'
   69 |     return _Py_CAST(PyGC_Head*, prev);
      |            ^~~~~~~~
./Include/internal/pycore_gc.h: In function '_PyGCHead_SET_PREV':
./Include/pyport.h:24:31: warning: cast from pointer to integer of different size [-Wpointer-to-int-cast]
   24 | #define _Py_CAST(type, expr) ((type)(expr))
      |                               ^
./Include/internal/pycore_gc.h:72:23: note: in expansion of macro '_Py_CAST'
   72 |     uintptr_t uprev = _Py_CAST(uintptr_t, prev);
      |                       ^~~~~~~~
In file included from ./Include/internal/pycore_atomic.h:15,
                 from ./Include/internal/pycore_runtime.h:12,
                 from ./Include/internal/pycore_pystate.h:11,
                 from ./Include/internal/pycore_call.h:11,
                 from Objects/classobject.c:4:
./Include/internal/pycore_interp.h: In function '_PyInterpreterState_SetFinalizing':
./Include/internal/pycore_interp.h:253:52: warning: cast from pointer to integer of different size [-Wpointer-to-int-cast]
  253 |     _Py_atomic_store_relaxed(&interp->_finalizing, (uintptr_t)tstate);
      |                                                    ^
./Include/internal/pycore_atomic.h:550:5: note: in expansion of macro '_Py_atomic_store_explicit'
  550 |     _Py_atomic_store_explicit((ATOMIC_VAL), (NEW_VAL), _Py_memory_order_relaxed)
      |     ^~~~~~~~~~~~~~~~~~~~~~~~~
./Include/internal/pycore_interp.h:253:5: note: in expansion of macro '_Py_atomic_store_relaxed'
  253 |     _Py_atomic_store_relaxed(&interp->_finalizing, (uintptr_t)tstate);
      |     ^~~~~~~~~~~~~~~~~~~~~~~~
In file included from ./Include/internal/pycore_runtime.h:21:
./Include/internal/pycore_pymem.h: In function '_PyMem_IsPtrFreed':
./Include/internal/pycore_pymem.h:69:23: warning: cast from pointer to integer of different size [-Wpointer-to-int-cast]
   69 |     uintptr_t value = (uintptr_t)ptr;
      |                       ^
./Include/internal/pycore_runtime.h: In function '_PyRuntimeState_SetFinalizing':
./Include/internal/pycore_runtime.h:220:53: warning: cast from pointer to integer of different size [-Wpointer-to-int-cast]
  220 |     _Py_atomic_store_relaxed(&runtime->_finalizing, (uintptr_t)tstate);
      |                                                     ^
./Include/internal/pycore_atomic.h:550:5: note: in expansion of macro '_Py_atomic_store_explicit'
  550 |     _Py_atomic_store_explicit((ATOMIC_VAL), (NEW_VAL), _Py_memory_order_relaxed)
      |     ^~~~~~~~~~~~~~~~~~~~~~~~~
./Include/internal/pycore_runtime.h:220:5: note: in expansion of macro '_Py_atomic_store_relaxed'
  220 |     _Py_atomic_store_relaxed(&runtime->_finalizing, (uintptr_t)tstate);
      |     ^~~~~~~~~~~~~~~~~~~~~~~~
In file included from Objects/classobject.c:5:
./Include/internal/pycore_object.h: In function '_PyObject_GC_TRACK':
./Include/internal/pycore_object.h:227:23: warning: cast to pointer from integer of different size [-Wint-to-pointer-cast]
  227 |     PyGC_Head *last = (PyGC_Head*)(generation0->_gc_prev);
      |                       ^
./Include/internal/pycore_object.h:231:29: warning: cast from pointer to integer of different size [-Wpointer-to-int-cast]
  231 |     generation0->_gc_prev = (uintptr_t)gc;
      |                             ^
./Include/internal/pycore_object.h: In function '_PyDictOrValues_IsValues':
./Include/internal/pycore_object.h:394:13: warning: cast from pointer to integer of different size [-Wpointer-to-int-cast]
  394 |     return ((uintptr_t)dorv.values) & 1;
      |             ^
gcc -c -fno-strict-overflow -Wsign-compare -DNDEBUG -g -O3 -Wall    -std=c11 -Wextra -Wno-unused-parameter -Wno-missing-field-initializers -Wstrict-prototypes -Werror=implicit-function-declaration -fvisibility=hidden -include posixcompat.h -mabi=sysv  -I./Include/internal  -I. -I./Include    -DPy_BUILD_CORE -o Objects/codeobject.o Objects/codeobject.c
In file included from ./Include/Python.h:38,
                 from Objects/codeobject.c:1:
./Include/internal/pycore_gc.h: In function '_PyGCHead_NEXT':
./Include/pyport.h:24:31: warning: cast to pointer from integer of different size [-Wint-to-pointer-cast]
   24 | #define _Py_CAST(type, expr) ((type)(expr))
      |                               ^
./Include/internal/pycore_gc.h:60:12: note: in expansion of macro '_Py_CAST'
   60 |     return _Py_CAST(PyGC_Head*, next);
      |            ^~~~~~~~
./Include/internal/pycore_gc.h: In function '_PyGCHead_SET_NEXT':
./Include/pyport.h:24:31: warning: cast from pointer to integer of different size [-Wpointer-to-int-cast]
   24 | #define _Py_CAST(type, expr) ((type)(expr))
      |                               ^
./Include/internal/pycore_gc.h:63:20: note: in expansion of macro '_Py_CAST'
   63 |     gc->_gc_next = _Py_CAST(uintptr_t, next);
      |                    ^~~~~~~~
./Include/internal/pycore_gc.h: In function '_PyGCHead_PREV':
./Include/pyport.h:24:31: warning: cast to pointer from integer of different size [-Wint-to-pointer-cast]
   24 | #define _Py_CAST(type, expr) ((type)(expr))
      |                               ^
./Include/internal/pycore_gc.h:69:12: note: in expansion of macro '_Py_CAST'
   69 |     return _Py_CAST(PyGC_Head*, prev);
      |            ^~~~~~~~
./Include/internal/pycore_gc.h: In function '_PyGCHead_SET_PREV':
./Include/pyport.h:24:31: warning: cast from pointer to integer of different size [-Wpointer-to-int-cast]
   24 | #define _Py_CAST(type, expr) ((type)(expr))
      |                               ^
./Include/internal/pycore_gc.h:72:23: note: in expansion of macro '_Py_CAST'
   72 |     uintptr_t uprev = _Py_CAST(uintptr_t, prev);
      |                       ^~~~~~~~
In file included from ./Include/internal/pycore_atomic.h:15,
                 from ./Include/internal/pycore_interp.h:15,
                 from Objects/codeobject.c:6:
./Include/internal/pycore_interp.h: In function '_PyInterpreterState_SetFinalizing':
./Include/internal/pycore_interp.h:253:52: warning: cast from pointer to integer of different size [-Wpointer-to-int-cast]
  253 |     _Py_atomic_store_relaxed(&interp->_finalizing, (uintptr_t)tstate);
      |                                                    ^
./Include/internal/pycore_atomic.h:550:5: note: in expansion of macro '_Py_atomic_store_explicit'
  550 |     _Py_atomic_store_explicit((ATOMIC_VAL), (NEW_VAL), _Py_memory_order_relaxed)
      |     ^~~~~~~~~~~~~~~~~~~~~~~~~
./Include/internal/pycore_interp.h:253:5: note: in expansion of macro '_Py_atomic_store_relaxed'
  253 |     _Py_atomic_store_relaxed(&interp->_finalizing, (uintptr_t)tstate);
      |     ^~~~~~~~~~~~~~~~~~~~~~~~
In file included from ./Include/internal/pycore_runtime.h:21,
                 from ./Include/internal/pycore_pystate.h:11,
                 from Objects/codeobject.c:8:
./Include/internal/pycore_pymem.h: In function '_PyMem_IsPtrFreed':
./Include/internal/pycore_pymem.h:69:23: warning: cast from pointer to integer of different size [-Wpointer-to-int-cast]
   69 |     uintptr_t value = (uintptr_t)ptr;
      |                       ^
./Include/internal/pycore_runtime.h: In function '_PyRuntimeState_SetFinalizing':
./Include/internal/pycore_runtime.h:220:53: warning: cast from pointer to integer of different size [-Wpointer-to-int-cast]
  220 |     _Py_atomic_store_relaxed(&runtime->_finalizing, (uintptr_t)tstate);
      |                                                     ^
./Include/internal/pycore_atomic.h:550:5: note: in expansion of macro '_Py_atomic_store_explicit'
  550 |     _Py_atomic_store_explicit((ATOMIC_VAL), (NEW_VAL), _Py_memory_order_relaxed)
      |     ^~~~~~~~~~~~~~~~~~~~~~~~~
./Include/internal/pycore_runtime.h:220:5: note: in expansion of macro '_Py_atomic_store_relaxed'
  220 |     _Py_atomic_store_relaxed(&runtime->_finalizing, (uintptr_t)tstate);
      |     ^~~~~~~~~~~~~~~~~~~~~~~~
In file included from ./Include/Python.h:39:
Objects/codeobject.c: In function '_PyCode_Validate':
./Include/pymacro.h:112:33: warning: cast from pointer to integer of different size [-Wpointer-to-int-cast]
  112 | #define _Py_IS_ALIGNED(p, a) (!((uintptr_t)(p) & (uintptr_t)((a) - 1)))
      |                                 ^
Objects/codeobject.c:369:10: note: in expansion of macro '_Py_IS_ALIGNED'
  369 |         !_Py_IS_ALIGNED(PyBytes_AS_STRING(con->code), sizeof(_Py_CODEUNIT))
      |          ^~~~~~~~~~~~~~
gcc -c -fno-strict-overflow -Wsign-compare -DNDEBUG -g -O3 -Wall    -std=c11 -Wextra -Wno-unused-parameter -Wno-missing-field-initializers -Wstrict-prototypes -Werror=implicit-function-declaration -fvisibility=hidden -include posixcompat.h -mabi=sysv  -I./Include/internal  -I. -I./Include    -DPy_BUILD_CORE -o Objects/complexobject.o Objects/complexobject.c
In file included from ./Include/Python.h:38,
                 from Objects/complexobject.c:8:
./Include/internal/pycore_gc.h: In function '_PyGCHead_NEXT':
./Include/pyport.h:24:31: warning: cast to pointer from integer of different size [-Wint-to-pointer-cast]
   24 | #define _Py_CAST(type, expr) ((type)(expr))
      |                               ^
./Include/internal/pycore_gc.h:60:12: note: in expansion of macro '_Py_CAST'
   60 |     return _Py_CAST(PyGC_Head*, next);
      |            ^~~~~~~~
./Include/internal/pycore_gc.h: In function '_PyGCHead_SET_NEXT':
./Include/pyport.h:24:31: warning: cast from pointer to integer of different size [-Wpointer-to-int-cast]
   24 | #define _Py_CAST(type, expr) ((type)(expr))
      |                               ^
./Include/internal/pycore_gc.h:63:20: note: in expansion of macro '_Py_CAST'
   63 |     gc->_gc_next = _Py_CAST(uintptr_t, next);
      |                    ^~~~~~~~
./Include/internal/pycore_gc.h: In function '_PyGCHead_PREV':
./Include/pyport.h:24:31: warning: cast to pointer from integer of different size [-Wint-to-pointer-cast]
   24 | #define _Py_CAST(type, expr) ((type)(expr))
      |                               ^
./Include/internal/pycore_gc.h:69:12: note: in expansion of macro '_Py_CAST'
   69 |     return _Py_CAST(PyGC_Head*, prev);
      |            ^~~~~~~~
./Include/internal/pycore_gc.h: In function '_PyGCHead_SET_PREV':
./Include/pyport.h:24:31: warning: cast from pointer to integer of different size [-Wpointer-to-int-cast]
   24 | #define _Py_CAST(type, expr) ((type)(expr))
      |                               ^
./Include/internal/pycore_gc.h:72:23: note: in expansion of macro '_Py_CAST'
   72 |     uintptr_t uprev = _Py_CAST(uintptr_t, prev);
      |                       ^~~~~~~~
In file included from ./Include/internal/pycore_atomic.h:15,
                 from ./Include/internal/pycore_runtime.h:12,
                 from ./Include/internal/pycore_pystate.h:11,
                 from ./Include/internal/pycore_call.h:11,
                 from Objects/complexobject.c:9:
./Include/internal/pycore_interp.h: In function '_PyInterpreterState_SetFinalizing':
./Include/internal/pycore_interp.h:253:52: warning: cast from pointer to integer of different size [-Wpointer-to-int-cast]
  253 |     _Py_atomic_store_relaxed(&interp->_finalizing, (uintptr_t)tstate);
      |                                                    ^
./Include/internal/pycore_atomic.h:550:5: note: in expansion of macro '_Py_atomic_store_explicit'
  550 |     _Py_atomic_store_explicit((ATOMIC_VAL), (NEW_VAL), _Py_memory_order_relaxed)
      |     ^~~~~~~~~~~~~~~~~~~~~~~~~
./Include/internal/pycore_interp.h:253:5: note: in expansion of macro '_Py_atomic_store_relaxed'
  253 |     _Py_atomic_store_relaxed(&interp->_finalizing, (uintptr_t)tstate);
      |     ^~~~~~~~~~~~~~~~~~~~~~~~
In file included from ./Include/internal/pycore_runtime.h:21:
./Include/internal/pycore_pymem.h: In function '_PyMem_IsPtrFreed':
./Include/internal/pycore_pymem.h:69:23: warning: cast from pointer to integer of different size [-Wpointer-to-int-cast]
   69 |     uintptr_t value = (uintptr_t)ptr;
      |                       ^
./Include/internal/pycore_runtime.h: In function '_PyRuntimeState_SetFinalizing':
./Include/internal/pycore_runtime.h:220:53: warning: cast from pointer to integer of different size [-Wpointer-to-int-cast]
  220 |     _Py_atomic_store_relaxed(&runtime->_finalizing, (uintptr_t)tstate);
      |                                                     ^
./Include/internal/pycore_atomic.h:550:5: note: in expansion of macro '_Py_atomic_store_explicit'
  550 |     _Py_atomic_store_explicit((ATOMIC_VAL), (NEW_VAL), _Py_memory_order_relaxed)
      |     ^~~~~~~~~~~~~~~~~~~~~~~~~
./Include/internal/pycore_runtime.h:220:5: note: in expansion of macro '_Py_atomic_store_relaxed'
  220 |     _Py_atomic_store_relaxed(&runtime->_finalizing, (uintptr_t)tstate);
      |     ^~~~~~~~~~~~~~~~~~~~~~~~
In file included from Objects/complexobject.c:11:
./Include/internal/pycore_object.h: In function '_PyObject_GC_TRACK':
./Include/internal/pycore_object.h:227:23: warning: cast to pointer from integer of different size [-Wint-to-pointer-cast]
  227 |     PyGC_Head *last = (PyGC_Head*)(generation0->_gc_prev);
      |                       ^
./Include/internal/pycore_object.h:231:29: warning: cast from pointer to integer of different size [-Wpointer-to-int-cast]
  231 |     generation0->_gc_prev = (uintptr_t)gc;
      |                             ^
./Include/internal/pycore_object.h: In function '_PyDictOrValues_IsValues':
./Include/internal/pycore_object.h:394:13: warning: cast from pointer to integer of different size [-Wpointer-to-int-cast]
  394 |     return ((uintptr_t)dorv.values) & 1;
      |             ^
gcc -c -fno-strict-overflow -Wsign-compare -DNDEBUG -g -O3 -Wall    -std=c11 -Wextra -Wno-unused-parameter -Wno-missing-field-initializers -Wstrict-prototypes -Werror=implicit-function-declaration -fvisibility=hidden -include posixcompat.h -mabi=sysv  -I./Include/internal  -I. -I./Include    -DPy_BUILD_CORE -o Objects/descrobject.o Objects/descrobject.c
In file included from ./Include/Python.h:38,
                 from Objects/descrobject.c:3:
./Include/internal/pycore_gc.h: In function '_PyGCHead_NEXT':
./Include/pyport.h:24:31: warning: cast to pointer from integer of different size [-Wint-to-pointer-cast]
   24 | #define _Py_CAST(type, expr) ((type)(expr))
      |                               ^
./Include/internal/pycore_gc.h:60:12: note: in expansion of macro '_Py_CAST'
   60 |     return _Py_CAST(PyGC_Head*, next);
      |            ^~~~~~~~
./Include/internal/pycore_gc.h: In function '_PyGCHead_SET_NEXT':
./Include/pyport.h:24:31: warning: cast from pointer to integer of different size [-Wpointer-to-int-cast]
   24 | #define _Py_CAST(type, expr) ((type)(expr))
      |                               ^
./Include/internal/pycore_gc.h:63:20: note: in expansion of macro '_Py_CAST'
   63 |     gc->_gc_next = _Py_CAST(uintptr_t, next);
      |                    ^~~~~~~~
./Include/internal/pycore_gc.h: In function '_PyGCHead_PREV':
./Include/pyport.h:24:31: warning: cast to pointer from integer of different size [-Wint-to-pointer-cast]
   24 | #define _Py_CAST(type, expr) ((type)(expr))
      |                               ^
./Include/internal/pycore_gc.h:69:12: note: in expansion of macro '_Py_CAST'
   69 |     return _Py_CAST(PyGC_Head*, prev);
      |            ^~~~~~~~
./Include/internal/pycore_gc.h: In function '_PyGCHead_SET_PREV':
./Include/pyport.h:24:31: warning: cast from pointer to integer of different size [-Wpointer-to-int-cast]
   24 | #define _Py_CAST(type, expr) ((type)(expr))
      |                               ^
./Include/internal/pycore_gc.h:72:23: note: in expansion of macro '_Py_CAST'
   72 |     uintptr_t uprev = _Py_CAST(uintptr_t, prev);
      |                       ^~~~~~~~
In file included from ./Include/internal/pycore_atomic.h:15,
                 from ./Include/internal/pycore_interp.h:15,
                 from ./Include/internal/pycore_ceval.h:19,
                 from Objects/descrobject.c:4:
./Include/internal/pycore_interp.h: In function '_PyInterpreterState_SetFinalizing':
./Include/internal/pycore_interp.h:253:52: warning: cast from pointer to integer of different size [-Wpointer-to-int-cast]
  253 |     _Py_atomic_store_relaxed(&interp->_finalizing, (uintptr_t)tstate);
      |                                                    ^
./Include/internal/pycore_atomic.h:550:5: note: in expansion of macro '_Py_atomic_store_explicit'
  550 |     _Py_atomic_store_explicit((ATOMIC_VAL), (NEW_VAL), _Py_memory_order_relaxed)
      |     ^~~~~~~~~~~~~~~~~~~~~~~~~
./Include/internal/pycore_interp.h:253:5: note: in expansion of macro '_Py_atomic_store_relaxed'
  253 |     _Py_atomic_store_relaxed(&interp->_finalizing, (uintptr_t)tstate);
      |     ^~~~~~~~~~~~~~~~~~~~~~~~
In file included from ./Include/internal/pycore_runtime.h:21,
                 from ./Include/internal/pycore_pystate.h:11,
                 from ./Include/internal/pycore_ceval.h:20:
./Include/internal/pycore_pymem.h: In function '_PyMem_IsPtrFreed':
./Include/internal/pycore_pymem.h:69:23: warning: cast from pointer to integer of different size [-Wpointer-to-int-cast]
   69 |     uintptr_t value = (uintptr_t)ptr;
      |                       ^
./Include/internal/pycore_runtime.h: In function '_PyRuntimeState_SetFinalizing':
./Include/internal/pycore_runtime.h:220:53: warning: cast from pointer to integer of different size [-Wpointer-to-int-cast]
  220 |     _Py_atomic_store_relaxed(&runtime->_finalizing, (uintptr_t)tstate);
      |                                                     ^
./Include/internal/pycore_atomic.h:550:5: note: in expansion of macro '_Py_atomic_store_explicit'
  550 |     _Py_atomic_store_explicit((ATOMIC_VAL), (NEW_VAL), _Py_memory_order_relaxed)
      |     ^~~~~~~~~~~~~~~~~~~~~~~~~
./Include/internal/pycore_runtime.h:220:5: note: in expansion of macro '_Py_atomic_store_relaxed'
  220 |     _Py_atomic_store_relaxed(&runtime->_finalizing, (uintptr_t)tstate);
      |     ^~~~~~~~~~~~~~~~~~~~~~~~
In file included from Objects/descrobject.c:5:
./Include/internal/pycore_object.h: In function '_PyObject_GC_TRACK':
./Include/internal/pycore_object.h:227:23: warning: cast to pointer from integer of different size [-Wint-to-pointer-cast]
  227 |     PyGC_Head *last = (PyGC_Head*)(generation0->_gc_prev);
      |                       ^
./Include/internal/pycore_object.h:231:29: warning: cast from pointer to integer of different size [-Wpointer-to-int-cast]
  231 |     generation0->_gc_prev = (uintptr_t)gc;
      |                             ^
./Include/internal/pycore_object.h: In function '_PyDictOrValues_IsValues':
./Include/internal/pycore_object.h:394:13: warning: cast from pointer to integer of different size [-Wpointer-to-int-cast]
  394 |     return ((uintptr_t)dorv.values) & 1;
      |             ^
gcc -c -fno-strict-overflow -Wsign-compare -DNDEBUG -g -O3 -Wall    -std=c11 -Wextra -Wno-unused-parameter -Wno-missing-field-initializers -Wstrict-prototypes -Werror=implicit-function-declaration -fvisibility=hidden -include posixcompat.h -mabi=sysv  -I./Include/internal  -I. -I./Include    -DPy_BUILD_CORE -o Objects/enumobject.o Objects/enumobject.c
In file included from ./Include/Python.h:38,
                 from Objects/enumobject.c:3:
./Include/internal/pycore_gc.h: In function '_PyGCHead_NEXT':
./Include/pyport.h:24:31: warning: cast to pointer from integer of different size [-Wint-to-pointer-cast]
   24 | #define _Py_CAST(type, expr) ((type)(expr))
      |                               ^
./Include/internal/pycore_gc.h:60:12: note: in expansion of macro '_Py_CAST'
   60 |     return _Py_CAST(PyGC_Head*, next);
      |            ^~~~~~~~
./Include/internal/pycore_gc.h: In function '_PyGCHead_SET_NEXT':
./Include/pyport.h:24:31: warning: cast from pointer to integer of different size [-Wpointer-to-int-cast]
   24 | #define _Py_CAST(type, expr) ((type)(expr))
      |                               ^
./Include/internal/pycore_gc.h:63:20: note: in expansion of macro '_Py_CAST'
   63 |     gc->_gc_next = _Py_CAST(uintptr_t, next);
      |                    ^~~~~~~~
./Include/internal/pycore_gc.h: In function '_PyGCHead_PREV':
./Include/pyport.h:24:31: warning: cast to pointer from integer of different size [-Wint-to-pointer-cast]
   24 | #define _Py_CAST(type, expr) ((type)(expr))
      |                               ^
./Include/internal/pycore_gc.h:69:12: note: in expansion of macro '_Py_CAST'
   69 |     return _Py_CAST(PyGC_Head*, prev);
      |            ^~~~~~~~
./Include/internal/pycore_gc.h: In function '_PyGCHead_SET_PREV':
./Include/pyport.h:24:31: warning: cast from pointer to integer of different size [-Wpointer-to-int-cast]
   24 | #define _Py_CAST(type, expr) ((type)(expr))
      |                               ^
./Include/internal/pycore_gc.h:72:23: note: in expansion of macro '_Py_CAST'
   72 |     uintptr_t uprev = _Py_CAST(uintptr_t, prev);
      |                       ^~~~~~~~
In file included from ./Include/internal/pycore_atomic.h:15,
                 from ./Include/internal/pycore_runtime.h:12,
                 from ./Include/internal/pycore_pystate.h:11,
                 from ./Include/internal/pycore_call.h:11,
                 from Objects/enumobject.c:4:
./Include/internal/pycore_interp.h: In function '_PyInterpreterState_SetFinalizing':
./Include/internal/pycore_interp.h:253:52: warning: cast from pointer to integer of different size [-Wpointer-to-int-cast]
  253 |     _Py_atomic_store_relaxed(&interp->_finalizing, (uintptr_t)tstate);
      |                                                    ^
./Include/internal/pycore_atomic.h:550:5: note: in expansion of macro '_Py_atomic_store_explicit'
  550 |     _Py_atomic_store_explicit((ATOMIC_VAL), (NEW_VAL), _Py_memory_order_relaxed)
      |     ^~~~~~~~~~~~~~~~~~~~~~~~~
./Include/internal/pycore_interp.h:253:5: note: in expansion of macro '_Py_atomic_store_relaxed'
  253 |     _Py_atomic_store_relaxed(&interp->_finalizing, (uintptr_t)tstate);
      |     ^~~~~~~~~~~~~~~~~~~~~~~~
In file included from ./Include/internal/pycore_runtime.h:21:
./Include/internal/pycore_pymem.h: In function '_PyMem_IsPtrFreed':
./Include/internal/pycore_pymem.h:69:23: warning: cast from pointer to integer of different size [-Wpointer-to-int-cast]
   69 |     uintptr_t value = (uintptr_t)ptr;
      |                       ^
./Include/internal/pycore_runtime.h: In function '_PyRuntimeState_SetFinalizing':
./Include/internal/pycore_runtime.h:220:53: warning: cast from pointer to integer of different size [-Wpointer-to-int-cast]
  220 |     _Py_atomic_store_relaxed(&runtime->_finalizing, (uintptr_t)tstate);
      |                                                     ^
./Include/internal/pycore_atomic.h:550:5: note: in expansion of macro '_Py_atomic_store_explicit'
  550 |     _Py_atomic_store_explicit((ATOMIC_VAL), (NEW_VAL), _Py_memory_order_relaxed)
      |     ^~~~~~~~~~~~~~~~~~~~~~~~~
./Include/internal/pycore_runtime.h:220:5: note: in expansion of macro '_Py_atomic_store_relaxed'
  220 |     _Py_atomic_store_relaxed(&runtime->_finalizing, (uintptr_t)tstate);
      |     ^~~~~~~~~~~~~~~~~~~~~~~~
In file included from Objects/enumobject.c:6:
./Include/internal/pycore_object.h: In function '_PyObject_GC_TRACK':
./Include/internal/pycore_object.h:227:23: warning: cast to pointer from integer of different size [-Wint-to-pointer-cast]
  227 |     PyGC_Head *last = (PyGC_Head*)(generation0->_gc_prev);
      |                       ^
./Include/internal/pycore_object.h:231:29: warning: cast from pointer to integer of different size [-Wpointer-to-int-cast]
  231 |     generation0->_gc_prev = (uintptr_t)gc;
      |                             ^
./Include/internal/pycore_object.h: In function '_PyDictOrValues_IsValues':
./Include/internal/pycore_object.h:394:13: warning: cast from pointer to integer of different size [-Wpointer-to-int-cast]
  394 |     return ((uintptr_t)dorv.values) & 1;
      |             ^
gcc -c -fno-strict-overflow -Wsign-compare -DNDEBUG -g -O3 -Wall    -std=c11 -Wextra -Wno-unused-parameter -Wno-missing-field-initializers -Wstrict-prototypes -Werror=implicit-function-declaration -fvisibility=hidden -include posixcompat.h -mabi=sysv  -I./Include/internal  -I. -I./Include    -DPy_BUILD_CORE -o Objects/exceptions.o Objects/exceptions.c
In file included from ./Include/Python.h:38,
                 from Objects/exceptions.c:8:
./Include/internal/pycore_gc.h: In function '_PyGCHead_NEXT':
./Include/pyport.h:24:31: warning: cast to pointer from integer of different size [-Wint-to-pointer-cast]
   24 | #define _Py_CAST(type, expr) ((type)(expr))
      |                               ^
./Include/internal/pycore_gc.h:60:12: note: in expansion of macro '_Py_CAST'
   60 |     return _Py_CAST(PyGC_Head*, next);
      |            ^~~~~~~~
./Include/internal/pycore_gc.h: In function '_PyGCHead_SET_NEXT':
./Include/pyport.h:24:31: warning: cast from pointer to integer of different size [-Wpointer-to-int-cast]
   24 | #define _Py_CAST(type, expr) ((type)(expr))
      |                               ^
./Include/internal/pycore_gc.h:63:20: note: in expansion of macro '_Py_CAST'
   63 |     gc->_gc_next = _Py_CAST(uintptr_t, next);
      |                    ^~~~~~~~
./Include/internal/pycore_gc.h: In function '_PyGCHead_PREV':
./Include/pyport.h:24:31: warning: cast to pointer from integer of different size [-Wint-to-pointer-cast]
   24 | #define _Py_CAST(type, expr) ((type)(expr))
      |                               ^
./Include/internal/pycore_gc.h:69:12: note: in expansion of macro '_Py_CAST'
   69 |     return _Py_CAST(PyGC_Head*, prev);
      |            ^~~~~~~~
./Include/internal/pycore_gc.h: In function '_PyGCHead_SET_PREV':
./Include/pyport.h:24:31: warning: cast from pointer to integer of different size [-Wpointer-to-int-cast]
   24 | #define _Py_CAST(type, expr) ((type)(expr))
      |                               ^
./Include/internal/pycore_gc.h:72:23: note: in expansion of macro '_Py_CAST'
   72 |     uintptr_t uprev = _Py_CAST(uintptr_t, prev);
      |                       ^~~~~~~~
In file included from ./Include/internal/pycore_atomic.h:15,
                 from ./Include/internal/pycore_interp.h:15,
                 from ./Include/internal/pycore_ceval.h:19,
                 from Objects/exceptions.c:10:
./Include/internal/pycore_interp.h: In function '_PyInterpreterState_SetFinalizing':
./Include/internal/pycore_interp.h:253:52: warning: cast from pointer to integer of different size [-Wpointer-to-int-cast]
  253 |     _Py_atomic_store_relaxed(&interp->_finalizing, (uintptr_t)tstate);
      |                                                    ^
./Include/internal/pycore_atomic.h:550:5: note: in expansion of macro '_Py_atomic_store_explicit'
  550 |     _Py_atomic_store_explicit((ATOMIC_VAL), (NEW_VAL), _Py_memory_order_relaxed)
      |     ^~~~~~~~~~~~~~~~~~~~~~~~~
./Include/internal/pycore_interp.h:253:5: note: in expansion of macro '_Py_atomic_store_relaxed'
  253 |     _Py_atomic_store_relaxed(&interp->_finalizing, (uintptr_t)tstate);
      |     ^~~~~~~~~~~~~~~~~~~~~~~~
In file included from ./Include/internal/pycore_runtime.h:21,
                 from ./Include/internal/pycore_pystate.h:11,
                 from ./Include/internal/pycore_ceval.h:20:
./Include/internal/pycore_pymem.h: In function '_PyMem_IsPtrFreed':
./Include/internal/pycore_pymem.h:69:23: warning: cast from pointer to integer of different size [-Wpointer-to-int-cast]
   69 |     uintptr_t value = (uintptr_t)ptr;
      |                       ^
./Include/internal/pycore_runtime.h: In function '_PyRuntimeState_SetFinalizing':
./Include/internal/pycore_runtime.h:220:53: warning: cast from pointer to integer of different size [-Wpointer-to-int-cast]
  220 |     _Py_atomic_store_relaxed(&runtime->_finalizing, (uintptr_t)tstate);
      |                                                     ^
./Include/internal/pycore_atomic.h:550:5: note: in expansion of macro '_Py_atomic_store_explicit'
  550 |     _Py_atomic_store_explicit((ATOMIC_VAL), (NEW_VAL), _Py_memory_order_relaxed)
      |     ^~~~~~~~~~~~~~~~~~~~~~~~~
./Include/internal/pycore_runtime.h:220:5: note: in expansion of macro '_Py_atomic_store_relaxed'
  220 |     _Py_atomic_store_relaxed(&runtime->_finalizing, (uintptr_t)tstate);
      |     ^~~~~~~~~~~~~~~~~~~~~~~~
In file included from Objects/exceptions.c:14:
./Include/internal/pycore_object.h: In function '_PyObject_GC_TRACK':
./Include/internal/pycore_object.h:227:23: warning: cast to pointer from integer of different size [-Wint-to-pointer-cast]
  227 |     PyGC_Head *last = (PyGC_Head*)(generation0->_gc_prev);
      |                       ^
./Include/internal/pycore_object.h:231:29: warning: cast from pointer to integer of different size [-Wpointer-to-int-cast]
  231 |     generation0->_gc_prev = (uintptr_t)gc;
      |                             ^
./Include/internal/pycore_object.h: In function '_PyDictOrValues_IsValues':
./Include/internal/pycore_object.h:394:13: warning: cast from pointer to integer of different size [-Wpointer-to-int-cast]
  394 |     return ((uintptr_t)dorv.values) & 1;
      |             ^
gcc -c -fno-strict-overflow -Wsign-compare -DNDEBUG -g -O3 -Wall    -std=c11 -Wextra -Wno-unused-parameter -Wno-missing-field-initializers -Wstrict-prototypes -Werror=implicit-function-declaration -fvisibility=hidden -include posixcompat.h -mabi=sysv  -I./Include/internal  -I. -I./Include    -DPy_BUILD_CORE -o Objects/genericaliasobject.o Objects/genericaliasobject.c
In file included from ./Include/Python.h:38,
                 from Objects/genericaliasobject.c:3:
./Include/internal/pycore_gc.h: In function '_PyGCHead_NEXT':
./Include/pyport.h:24:31: warning: cast to pointer from integer of different size [-Wint-to-pointer-cast]
   24 | #define _Py_CAST(type, expr) ((type)(expr))
      |                               ^
./Include/internal/pycore_gc.h:60:12: note: in expansion of macro '_Py_CAST'
   60 |     return _Py_CAST(PyGC_Head*, next);
      |            ^~~~~~~~
./Include/internal/pycore_gc.h: In function '_PyGCHead_SET_NEXT':
./Include/pyport.h:24:31: warning: cast from pointer to integer of different size [-Wpointer-to-int-cast]
   24 | #define _Py_CAST(type, expr) ((type)(expr))
      |                               ^
./Include/internal/pycore_gc.h:63:20: note: in expansion of macro '_Py_CAST'
   63 |     gc->_gc_next = _Py_CAST(uintptr_t, next);
      |                    ^~~~~~~~
./Include/internal/pycore_gc.h: In function '_PyGCHead_PREV':
./Include/pyport.h:24:31: warning: cast to pointer from integer of different size [-Wint-to-pointer-cast]
   24 | #define _Py_CAST(type, expr) ((type)(expr))
      |                               ^
./Include/internal/pycore_gc.h:69:12: note: in expansion of macro '_Py_CAST'
   69 |     return _Py_CAST(PyGC_Head*, prev);
      |            ^~~~~~~~
./Include/internal/pycore_gc.h: In function '_PyGCHead_SET_PREV':
./Include/pyport.h:24:31: warning: cast from pointer to integer of different size [-Wpointer-to-int-cast]
   24 | #define _Py_CAST(type, expr) ((type)(expr))
      |                               ^
./Include/internal/pycore_gc.h:72:23: note: in expansion of macro '_Py_CAST'
   72 |     uintptr_t uprev = _Py_CAST(uintptr_t, prev);
      |                       ^~~~~~~~
In file included from ./Include/internal/pycore_atomic.h:15,
                 from ./Include/internal/pycore_interp.h:15,
                 from ./Include/internal/pycore_object.h:13,
                 from Objects/genericaliasobject.c:4:
./Include/internal/pycore_interp.h: In function '_PyInterpreterState_SetFinalizing':
./Include/internal/pycore_interp.h:253:52: warning: cast from pointer to integer of different size [-Wpointer-to-int-cast]
  253 |     _Py_atomic_store_relaxed(&interp->_finalizing, (uintptr_t)tstate);
      |                                                    ^
./Include/internal/pycore_atomic.h:550:5: note: in expansion of macro '_Py_atomic_store_explicit'
  550 |     _Py_atomic_store_explicit((ATOMIC_VAL), (NEW_VAL), _Py_memory_order_relaxed)
      |     ^~~~~~~~~~~~~~~~~~~~~~~~~
./Include/internal/pycore_interp.h:253:5: note: in expansion of macro '_Py_atomic_store_relaxed'
  253 |     _Py_atomic_store_relaxed(&interp->_finalizing, (uintptr_t)tstate);
      |     ^~~~~~~~~~~~~~~~~~~~~~~~
In file included from ./Include/internal/pycore_runtime.h:21,
                 from ./Include/internal/pycore_pystate.h:11,
                 from ./Include/internal/pycore_object.h:14:
./Include/internal/pycore_pymem.h: In function '_PyMem_IsPtrFreed':
./Include/internal/pycore_pymem.h:69:23: warning: cast from pointer to integer of different size [-Wpointer-to-int-cast]
   69 |     uintptr_t value = (uintptr_t)ptr;
      |                       ^
./Include/internal/pycore_runtime.h: In function '_PyRuntimeState_SetFinalizing':
./Include/internal/pycore_runtime.h:220:53: warning: cast from pointer to integer of different size [-Wpointer-to-int-cast]
  220 |     _Py_atomic_store_relaxed(&runtime->_finalizing, (uintptr_t)tstate);
      |                                                     ^
./Include/internal/pycore_atomic.h:550:5: note: in expansion of macro '_Py_atomic_store_explicit'
  550 |     _Py_atomic_store_explicit((ATOMIC_VAL), (NEW_VAL), _Py_memory_order_relaxed)
      |     ^~~~~~~~~~~~~~~~~~~~~~~~~
./Include/internal/pycore_runtime.h:220:5: note: in expansion of macro '_Py_atomic_store_relaxed'
  220 |     _Py_atomic_store_relaxed(&runtime->_finalizing, (uintptr_t)tstate);
      |     ^~~~~~~~~~~~~~~~~~~~~~~~
./Include/internal/pycore_object.h: In function '_PyObject_GC_TRACK':
./Include/internal/pycore_object.h:227:23: warning: cast to pointer from integer of different size [-Wint-to-pointer-cast]
  227 |     PyGC_Head *last = (PyGC_Head*)(generation0->_gc_prev);
      |                       ^
./Include/internal/pycore_object.h:231:29: warning: cast from pointer to integer of different size [-Wpointer-to-int-cast]
  231 |     generation0->_gc_prev = (uintptr_t)gc;
      |                             ^
./Include/internal/pycore_object.h: In function '_PyDictOrValues_IsValues':
./Include/internal/pycore_object.h:394:13: warning: cast from pointer to integer of different size [-Wpointer-to-int-cast]
  394 |     return ((uintptr_t)dorv.values) & 1;
      |             ^
gcc -c -fno-strict-overflow -Wsign-compare -DNDEBUG -g -O3 -Wall    -std=c11 -Wextra -Wno-unused-parameter -Wno-missing-field-initializers -Wstrict-prototypes -Werror=implicit-function-declaration -fvisibility=hidden -include posixcompat.h -mabi=sysv  -I./Include/internal  -I. -I./Include    -DPy_BUILD_CORE -o Objects/genobject.o Objects/genobject.c
In file included from ./Include/Python.h:38,
                 from Objects/genobject.c:5:
./Include/internal/pycore_gc.h: In function '_PyGCHead_NEXT':
./Include/pyport.h:24:31: warning: cast to pointer from integer of different size [-Wint-to-pointer-cast]
   24 | #define _Py_CAST(type, expr) ((type)(expr))
      |                               ^
./Include/internal/pycore_gc.h:60:12: note: in expansion of macro '_Py_CAST'
   60 |     return _Py_CAST(PyGC_Head*, next);
      |            ^~~~~~~~
./Include/internal/pycore_gc.h: In function '_PyGCHead_SET_NEXT':
./Include/pyport.h:24:31: warning: cast from pointer to integer of different size [-Wpointer-to-int-cast]
   24 | #define _Py_CAST(type, expr) ((type)(expr))
      |                               ^
./Include/internal/pycore_gc.h:63:20: note: in expansion of macro '_Py_CAST'
   63 |     gc->_gc_next = _Py_CAST(uintptr_t, next);
      |                    ^~~~~~~~
./Include/internal/pycore_gc.h: In function '_PyGCHead_PREV':
./Include/pyport.h:24:31: warning: cast to pointer from integer of different size [-Wint-to-pointer-cast]
   24 | #define _Py_CAST(type, expr) ((type)(expr))
      |                               ^
./Include/internal/pycore_gc.h:69:12: note: in expansion of macro '_Py_CAST'
   69 |     return _Py_CAST(PyGC_Head*, prev);
      |            ^~~~~~~~
./Include/internal/pycore_gc.h: In function '_PyGCHead_SET_PREV':
./Include/pyport.h:24:31: warning: cast from pointer to integer of different size [-Wpointer-to-int-cast]
   24 | #define _Py_CAST(type, expr) ((type)(expr))
      |                               ^
./Include/internal/pycore_gc.h:72:23: note: in expansion of macro '_Py_CAST'
   72 |     uintptr_t uprev = _Py_CAST(uintptr_t, prev);
      |                       ^~~~~~~~
In file included from ./Include/internal/pycore_atomic.h:15,
                 from ./Include/internal/pycore_runtime.h:12,
                 from ./Include/internal/pycore_pystate.h:11,
                 from ./Include/internal/pycore_call.h:11,
                 from Objects/genobject.c:6:
./Include/internal/pycore_interp.h: In function '_PyInterpreterState_SetFinalizing':
./Include/internal/pycore_interp.h:253:52: warning: cast from pointer to integer of different size [-Wpointer-to-int-cast]
  253 |     _Py_atomic_store_relaxed(&interp->_finalizing, (uintptr_t)tstate);
      |                                                    ^
./Include/internal/pycore_atomic.h:550:5: note: in expansion of macro '_Py_atomic_store_explicit'
  550 |     _Py_atomic_store_explicit((ATOMIC_VAL), (NEW_VAL), _Py_memory_order_relaxed)
      |     ^~~~~~~~~~~~~~~~~~~~~~~~~
./Include/internal/pycore_interp.h:253:5: note: in expansion of macro '_Py_atomic_store_relaxed'
  253 |     _Py_atomic_store_relaxed(&interp->_finalizing, (uintptr_t)tstate);
      |     ^~~~~~~~~~~~~~~~~~~~~~~~
In file included from ./Include/internal/pycore_runtime.h:21:
./Include/internal/pycore_pymem.h: In function '_PyMem_IsPtrFreed':
./Include/internal/pycore_pymem.h:69:23: warning: cast from pointer to integer of different size [-Wpointer-to-int-cast]
   69 |     uintptr_t value = (uintptr_t)ptr;
      |                       ^
./Include/internal/pycore_runtime.h: In function '_PyRuntimeState_SetFinalizing':
./Include/internal/pycore_runtime.h:220:53: warning: cast from pointer to integer of different size [-Wpointer-to-int-cast]
  220 |     _Py_atomic_store_relaxed(&runtime->_finalizing, (uintptr_t)tstate);
      |                                                     ^
./Include/internal/pycore_atomic.h:550:5: note: in expansion of macro '_Py_atomic_store_explicit'
  550 |     _Py_atomic_store_explicit((ATOMIC_VAL), (NEW_VAL), _Py_memory_order_relaxed)
      |     ^~~~~~~~~~~~~~~~~~~~~~~~~
./Include/internal/pycore_runtime.h:220:5: note: in expansion of macro '_Py_atomic_store_relaxed'
  220 |     _Py_atomic_store_relaxed(&runtime->_finalizing, (uintptr_t)tstate);
      |     ^~~~~~~~~~~~~~~~~~~~~~~~
In file included from Objects/genobject.c:10:
./Include/internal/pycore_object.h: In function '_PyObject_GC_TRACK':
./Include/internal/pycore_object.h:227:23: warning: cast to pointer from integer of different size [-Wint-to-pointer-cast]
  227 |     PyGC_Head *last = (PyGC_Head*)(generation0->_gc_prev);
      |                       ^
./Include/internal/pycore_object.h:231:29: warning: cast from pointer to integer of different size [-Wpointer-to-int-cast]
  231 |     generation0->_gc_prev = (uintptr_t)gc;
      |                             ^
./Include/internal/pycore_object.h: In function '_PyDictOrValues_IsValues':
./Include/internal/pycore_object.h:394:13: warning: cast from pointer to integer of different size [-Wpointer-to-int-cast]
  394 |     return ((uintptr_t)dorv.values) & 1;
      |             ^
gcc -c -fno-strict-overflow -Wsign-compare -DNDEBUG -g -O3 -Wall    -std=c11 -Wextra -Wno-unused-parameter -Wno-missing-field-initializers -Wstrict-prototypes -Werror=implicit-function-declaration -fvisibility=hidden -include posixcompat.h -mabi=sysv  -I./Include/internal  -I. -I./Include    -DPy_BUILD_CORE -o Objects/fileobject.o Objects/fileobject.c
In file included from ./Include/Python.h:38,
                 from Objects/fileobject.c:4:
./Include/internal/pycore_gc.h: In function '_PyGCHead_NEXT':
./Include/pyport.h:24:31: warning: cast to pointer from integer of different size [-Wint-to-pointer-cast]
   24 | #define _Py_CAST(type, expr) ((type)(expr))
      |                               ^
./Include/internal/pycore_gc.h:60:12: note: in expansion of macro '_Py_CAST'
   60 |     return _Py_CAST(PyGC_Head*, next);
      |            ^~~~~~~~
./Include/internal/pycore_gc.h: In function '_PyGCHead_SET_NEXT':
./Include/pyport.h:24:31: warning: cast from pointer to integer of different size [-Wpointer-to-int-cast]
   24 | #define _Py_CAST(type, expr) ((type)(expr))
      |                               ^
./Include/internal/pycore_gc.h:63:20: note: in expansion of macro '_Py_CAST'
   63 |     gc->_gc_next = _Py_CAST(uintptr_t, next);
      |                    ^~~~~~~~
./Include/internal/pycore_gc.h: In function '_PyGCHead_PREV':
./Include/pyport.h:24:31: warning: cast to pointer from integer of different size [-Wint-to-pointer-cast]
   24 | #define _Py_CAST(type, expr) ((type)(expr))
      |                               ^
./Include/internal/pycore_gc.h:69:12: note: in expansion of macro '_Py_CAST'
   69 |     return _Py_CAST(PyGC_Head*, prev);
      |            ^~~~~~~~
./Include/internal/pycore_gc.h: In function '_PyGCHead_SET_PREV':
./Include/pyport.h:24:31: warning: cast from pointer to integer of different size [-Wpointer-to-int-cast]
   24 | #define _Py_CAST(type, expr) ((type)(expr))
      |                               ^
./Include/internal/pycore_gc.h:72:23: note: in expansion of macro '_Py_CAST'
   72 |     uintptr_t uprev = _Py_CAST(uintptr_t, prev);
      |                       ^~~~~~~~
In file included from ./Include/internal/pycore_atomic.h:15,
                 from ./Include/internal/pycore_runtime.h:12,
                 from ./Include/internal/pycore_pystate.h:11,
                 from ./Include/internal/pycore_call.h:11,
                 from Objects/fileobject.c:5:
./Include/internal/pycore_interp.h: In function '_PyInterpreterState_SetFinalizing':
./Include/internal/pycore_interp.h:253:52: warning: cast from pointer to integer of different size [-Wpointer-to-int-cast]
  253 |     _Py_atomic_store_relaxed(&interp->_finalizing, (uintptr_t)tstate);
      |                                                    ^
./Include/internal/pycore_atomic.h:550:5: note: in expansion of macro '_Py_atomic_store_explicit'
  550 |     _Py_atomic_store_explicit((ATOMIC_VAL), (NEW_VAL), _Py_memory_order_relaxed)
      |     ^~~~~~~~~~~~~~~~~~~~~~~~~
./Include/internal/pycore_interp.h:253:5: note: in expansion of macro '_Py_atomic_store_relaxed'
  253 |     _Py_atomic_store_relaxed(&interp->_finalizing, (uintptr_t)tstate);
      |     ^~~~~~~~~~~~~~~~~~~~~~~~
In file included from ./Include/internal/pycore_runtime.h:21:
./Include/internal/pycore_pymem.h: In function '_PyMem_IsPtrFreed':
./Include/internal/pycore_pymem.h:69:23: warning: cast from pointer to integer of different size [-Wpointer-to-int-cast]
   69 |     uintptr_t value = (uintptr_t)ptr;
      |                       ^
./Include/internal/pycore_runtime.h: In function '_PyRuntimeState_SetFinalizing':
./Include/internal/pycore_runtime.h:220:53: warning: cast from pointer to integer of different size [-Wpointer-to-int-cast]
  220 |     _Py_atomic_store_relaxed(&runtime->_finalizing, (uintptr_t)tstate);
      |                                                     ^
./Include/internal/pycore_atomic.h:550:5: note: in expansion of macro '_Py_atomic_store_explicit'
  550 |     _Py_atomic_store_explicit((ATOMIC_VAL), (NEW_VAL), _Py_memory_order_relaxed)
      |     ^~~~~~~~~~~~~~~~~~~~~~~~~
./Include/internal/pycore_runtime.h:220:5: note: in expansion of macro '_Py_atomic_store_relaxed'
  220 |     _Py_atomic_store_relaxed(&runtime->_finalizing, (uintptr_t)tstate);
      |     ^~~~~~~~~~~~~~~~~~~~~~~~
gcc -c -fno-strict-overflow -Wsign-compare -DNDEBUG -g -O3 -Wall    -std=c11 -Wextra -Wno-unused-parameter -Wno-missing-field-initializers -Wstrict-prototypes -Werror=implicit-function-declaration -fvisibility=hidden -include posixcompat.h -mabi=sysv  -I./Include/internal  -I. -I./Include    -DPy_BUILD_CORE -o Objects/floatobject.o Objects/floatobject.c
In file included from ./Include/Python.h:38,
                 from Objects/floatobject.c:6:
./Include/internal/pycore_gc.h: In function '_PyGCHead_NEXT':
./Include/pyport.h:24:31: warning: cast to pointer from integer of different size [-Wint-to-pointer-cast]
   24 | #define _Py_CAST(type, expr) ((type)(expr))
      |                               ^
./Include/internal/pycore_gc.h:60:12: note: in expansion of macro '_Py_CAST'
   60 |     return _Py_CAST(PyGC_Head*, next);
      |            ^~~~~~~~
./Include/internal/pycore_gc.h: In function '_PyGCHead_SET_NEXT':
./Include/pyport.h:24:31: warning: cast from pointer to integer of different size [-Wpointer-to-int-cast]
   24 | #define _Py_CAST(type, expr) ((type)(expr))
      |                               ^
./Include/internal/pycore_gc.h:63:20: note: in expansion of macro '_Py_CAST'
   63 |     gc->_gc_next = _Py_CAST(uintptr_t, next);
      |                    ^~~~~~~~
./Include/internal/pycore_gc.h: In function '_PyGCHead_PREV':
./Include/pyport.h:24:31: warning: cast to pointer from integer of different size [-Wint-to-pointer-cast]
   24 | #define _Py_CAST(type, expr) ((type)(expr))
      |                               ^
./Include/internal/pycore_gc.h:69:12: note: in expansion of macro '_Py_CAST'
   69 |     return _Py_CAST(PyGC_Head*, prev);
      |            ^~~~~~~~
./Include/internal/pycore_gc.h: In function '_PyGCHead_SET_PREV':
./Include/pyport.h:24:31: warning: cast from pointer to integer of different size [-Wpointer-to-int-cast]
   24 | #define _Py_CAST(type, expr) ((type)(expr))
      |                               ^
./Include/internal/pycore_gc.h:72:23: note: in expansion of macro '_Py_CAST'
   72 |     uintptr_t uprev = _Py_CAST(uintptr_t, prev);
      |                       ^~~~~~~~
In file included from ./Include/internal/pycore_atomic.h:15,
                 from ./Include/internal/pycore_interp.h:15,
                 from Objects/floatobject.c:10:
./Include/internal/pycore_interp.h: In function '_PyInterpreterState_SetFinalizing':
./Include/internal/pycore_interp.h:253:52: warning: cast from pointer to integer of different size [-Wpointer-to-int-cast]
  253 |     _Py_atomic_store_relaxed(&interp->_finalizing, (uintptr_t)tstate);
      |                                                    ^
./Include/internal/pycore_atomic.h:550:5: note: in expansion of macro '_Py_atomic_store_explicit'
  550 |     _Py_atomic_store_explicit((ATOMIC_VAL), (NEW_VAL), _Py_memory_order_relaxed)
      |     ^~~~~~~~~~~~~~~~~~~~~~~~~
./Include/internal/pycore_interp.h:253:5: note: in expansion of macro '_Py_atomic_store_relaxed'
  253 |     _Py_atomic_store_relaxed(&interp->_finalizing, (uintptr_t)tstate);
      |     ^~~~~~~~~~~~~~~~~~~~~~~~
In file included from ./Include/internal/pycore_runtime.h:21,
                 from ./Include/internal/pycore_long.h:12,
                 from Objects/floatobject.c:11:
./Include/internal/pycore_pymem.h: In function '_PyMem_IsPtrFreed':
./Include/internal/pycore_pymem.h:69:23: warning: cast from pointer to integer of different size [-Wpointer-to-int-cast]
   69 |     uintptr_t value = (uintptr_t)ptr;
      |                       ^
./Include/internal/pycore_runtime.h: In function '_PyRuntimeState_SetFinalizing':
./Include/internal/pycore_runtime.h:220:53: warning: cast from pointer to integer of different size [-Wpointer-to-int-cast]
  220 |     _Py_atomic_store_relaxed(&runtime->_finalizing, (uintptr_t)tstate);
      |                                                     ^
./Include/internal/pycore_atomic.h:550:5: note: in expansion of macro '_Py_atomic_store_explicit'
  550 |     _Py_atomic_store_explicit((ATOMIC_VAL), (NEW_VAL), _Py_memory_order_relaxed)
      |     ^~~~~~~~~~~~~~~~~~~~~~~~~
./Include/internal/pycore_runtime.h:220:5: note: in expansion of macro '_Py_atomic_store_relaxed'
  220 |     _Py_atomic_store_relaxed(&runtime->_finalizing, (uintptr_t)tstate);
      |     ^~~~~~~~~~~~~~~~~~~~~~~~
In file included from Objects/floatobject.c:12:
./Include/internal/pycore_object.h: In function '_PyObject_GC_TRACK':
./Include/internal/pycore_object.h:227:23: warning: cast to pointer from integer of different size [-Wint-to-pointer-cast]
  227 |     PyGC_Head *last = (PyGC_Head*)(generation0->_gc_prev);
      |                       ^
./Include/internal/pycore_object.h:231:29: warning: cast from pointer to integer of different size [-Wpointer-to-int-cast]
  231 |     generation0->_gc_prev = (uintptr_t)gc;
      |                             ^
./Include/internal/pycore_object.h: In function '_PyDictOrValues_IsValues':
./Include/internal/pycore_object.h:394:13: warning: cast from pointer to integer of different size [-Wpointer-to-int-cast]
  394 |     return ((uintptr_t)dorv.values) & 1;
      |             ^
gcc -c -fno-strict-overflow -Wsign-compare -DNDEBUG -g -O3 -Wall    -std=c11 -Wextra -Wno-unused-parameter -Wno-missing-field-initializers -Wstrict-prototypes -Werror=implicit-function-declaration -fvisibility=hidden -include posixcompat.h -mabi=sysv  -I./Include/internal  -I. -I./Include    -DPy_BUILD_CORE -o Objects/frameobject.o Objects/frameobject.c
In file included from ./Include/Python.h:38,
                 from Objects/frameobject.c:3:
./Include/internal/pycore_gc.h: In function '_PyGCHead_NEXT':
./Include/pyport.h:24:31: warning: cast to pointer from integer of different size [-Wint-to-pointer-cast]
   24 | #define _Py_CAST(type, expr) ((type)(expr))
      |                               ^
./Include/internal/pycore_gc.h:60:12: note: in expansion of macro '_Py_CAST'
   60 |     return _Py_CAST(PyGC_Head*, next);
      |            ^~~~~~~~
./Include/internal/pycore_gc.h: In function '_PyGCHead_SET_NEXT':
./Include/pyport.h:24:31: warning: cast from pointer to integer of different size [-Wpointer-to-int-cast]
   24 | #define _Py_CAST(type, expr) ((type)(expr))
      |                               ^
./Include/internal/pycore_gc.h:63:20: note: in expansion of macro '_Py_CAST'
   63 |     gc->_gc_next = _Py_CAST(uintptr_t, next);
      |                    ^~~~~~~~
./Include/internal/pycore_gc.h: In function '_PyGCHead_PREV':
./Include/pyport.h:24:31: warning: cast to pointer from integer of different size [-Wint-to-pointer-cast]
   24 | #define _Py_CAST(type, expr) ((type)(expr))
      |                               ^
./Include/internal/pycore_gc.h:69:12: note: in expansion of macro '_Py_CAST'
   69 |     return _Py_CAST(PyGC_Head*, prev);
      |            ^~~~~~~~
./Include/internal/pycore_gc.h: In function '_PyGCHead_SET_PREV':
./Include/pyport.h:24:31: warning: cast from pointer to integer of different size [-Wpointer-to-int-cast]
   24 | #define _Py_CAST(type, expr) ((type)(expr))
      |                               ^
./Include/internal/pycore_gc.h:72:23: note: in expansion of macro '_Py_CAST'
   72 |     uintptr_t uprev = _Py_CAST(uintptr_t, prev);
      |                       ^~~~~~~~
In file included from ./Include/internal/pycore_atomic.h:15,
                 from ./Include/internal/pycore_interp.h:15,
                 from ./Include/internal/pycore_ceval.h:19,
                 from Objects/frameobject.c:4:
./Include/internal/pycore_interp.h: In function '_PyInterpreterState_SetFinalizing':
./Include/internal/pycore_interp.h:253:52: warning: cast from pointer to integer of different size [-Wpointer-to-int-cast]
  253 |     _Py_atomic_store_relaxed(&interp->_finalizing, (uintptr_t)tstate);
      |                                                    ^
./Include/internal/pycore_atomic.h:550:5: note: in expansion of macro '_Py_atomic_store_explicit'
  550 |     _Py_atomic_store_explicit((ATOMIC_VAL), (NEW_VAL), _Py_memory_order_relaxed)
      |     ^~~~~~~~~~~~~~~~~~~~~~~~~
./Include/internal/pycore_interp.h:253:5: note: in expansion of macro '_Py_atomic_store_relaxed'
  253 |     _Py_atomic_store_relaxed(&interp->_finalizing, (uintptr_t)tstate);
      |     ^~~~~~~~~~~~~~~~~~~~~~~~
In file included from ./Include/internal/pycore_runtime.h:21,
                 from ./Include/internal/pycore_pystate.h:11,
                 from ./Include/internal/pycore_ceval.h:20:
./Include/internal/pycore_pymem.h: In function '_PyMem_IsPtrFreed':
./Include/internal/pycore_pymem.h:69:23: warning: cast from pointer to integer of different size [-Wpointer-to-int-cast]
   69 |     uintptr_t value = (uintptr_t)ptr;
      |                       ^
./Include/internal/pycore_runtime.h: In function '_PyRuntimeState_SetFinalizing':
./Include/internal/pycore_runtime.h:220:53: warning: cast from pointer to integer of different size [-Wpointer-to-int-cast]
  220 |     _Py_atomic_store_relaxed(&runtime->_finalizing, (uintptr_t)tstate);
      |                                                     ^
./Include/internal/pycore_atomic.h:550:5: note: in expansion of macro '_Py_atomic_store_explicit'
  550 |     _Py_atomic_store_explicit((ATOMIC_VAL), (NEW_VAL), _Py_memory_order_relaxed)
      |     ^~~~~~~~~~~~~~~~~~~~~~~~~
./Include/internal/pycore_runtime.h:220:5: note: in expansion of macro '_Py_atomic_store_relaxed'
  220 |     _Py_atomic_store_relaxed(&runtime->_finalizing, (uintptr_t)tstate);
      |     ^~~~~~~~~~~~~~~~~~~~~~~~
In file included from Objects/frameobject.c:8:
./Include/internal/pycore_object.h: In function '_PyObject_GC_TRACK':
./Include/internal/pycore_object.h:227:23: warning: cast to pointer from integer of different size [-Wint-to-pointer-cast]
  227 |     PyGC_Head *last = (PyGC_Head*)(generation0->_gc_prev);
      |                       ^
./Include/internal/pycore_object.h:231:29: warning: cast from pointer to integer of different size [-Wpointer-to-int-cast]
  231 |     generation0->_gc_prev = (uintptr_t)gc;
      |                             ^
./Include/internal/pycore_object.h: In function '_PyDictOrValues_IsValues':
./Include/internal/pycore_object.h:394:13: warning: cast from pointer to integer of different size [-Wpointer-to-int-cast]
  394 |     return ((uintptr_t)dorv.values) & 1;
      |             ^
gcc -c -fno-strict-overflow -Wsign-compare -DNDEBUG -g -O3 -Wall    -std=c11 -Wextra -Wno-unused-parameter -Wno-missing-field-initializers -Wstrict-prototypes -Werror=implicit-function-declaration -fvisibility=hidden -include posixcompat.h -mabi=sysv  -I./Include/internal  -I. -I./Include    -DPy_BUILD_CORE -o Objects/funcobject.o Objects/funcobject.c
In file included from ./Include/Python.h:38,
                 from Objects/funcobject.c:4:
./Include/internal/pycore_gc.h: In function '_PyGCHead_NEXT':
./Include/pyport.h:24:31: warning: cast to pointer from integer of different size [-Wint-to-pointer-cast]
   24 | #define _Py_CAST(type, expr) ((type)(expr))
      |                               ^
./Include/internal/pycore_gc.h:60:12: note: in expansion of macro '_Py_CAST'
   60 |     return _Py_CAST(PyGC_Head*, next);
      |            ^~~~~~~~
./Include/internal/pycore_gc.h: In function '_PyGCHead_SET_NEXT':
./Include/pyport.h:24:31: warning: cast from pointer to integer of different size [-Wpointer-to-int-cast]
   24 | #define _Py_CAST(type, expr) ((type)(expr))
      |                               ^
./Include/internal/pycore_gc.h:63:20: note: in expansion of macro '_Py_CAST'
   63 |     gc->_gc_next = _Py_CAST(uintptr_t, next);
      |                    ^~~~~~~~
./Include/internal/pycore_gc.h: In function '_PyGCHead_PREV':
./Include/pyport.h:24:31: warning: cast to pointer from integer of different size [-Wint-to-pointer-cast]
   24 | #define _Py_CAST(type, expr) ((type)(expr))
      |                               ^
./Include/internal/pycore_gc.h:69:12: note: in expansion of macro '_Py_CAST'
   69 |     return _Py_CAST(PyGC_Head*, prev);
      |            ^~~~~~~~
./Include/internal/pycore_gc.h: In function '_PyGCHead_SET_PREV':
./Include/pyport.h:24:31: warning: cast from pointer to integer of different size [-Wpointer-to-int-cast]
   24 | #define _Py_CAST(type, expr) ((type)(expr))
      |                               ^
./Include/internal/pycore_gc.h:72:23: note: in expansion of macro '_Py_CAST'
   72 |     uintptr_t uprev = _Py_CAST(uintptr_t, prev);
      |                       ^~~~~~~~
In file included from ./Include/internal/pycore_atomic.h:15,
                 from ./Include/internal/pycore_interp.h:15,
                 from ./Include/internal/pycore_ceval.h:19,
                 from Objects/funcobject.c:5:
./Include/internal/pycore_interp.h: In function '_PyInterpreterState_SetFinalizing':
./Include/internal/pycore_interp.h:253:52: warning: cast from pointer to integer of different size [-Wpointer-to-int-cast]
  253 |     _Py_atomic_store_relaxed(&interp->_finalizing, (uintptr_t)tstate);
      |                                                    ^
./Include/internal/pycore_atomic.h:550:5: note: in expansion of macro '_Py_atomic_store_explicit'
  550 |     _Py_atomic_store_explicit((ATOMIC_VAL), (NEW_VAL), _Py_memory_order_relaxed)
      |     ^~~~~~~~~~~~~~~~~~~~~~~~~
./Include/internal/pycore_interp.h:253:5: note: in expansion of macro '_Py_atomic_store_relaxed'
  253 |     _Py_atomic_store_relaxed(&interp->_finalizing, (uintptr_t)tstate);
      |     ^~~~~~~~~~~~~~~~~~~~~~~~
In file included from ./Include/internal/pycore_runtime.h:21,
                 from ./Include/internal/pycore_pystate.h:11,
                 from ./Include/internal/pycore_ceval.h:20:
./Include/internal/pycore_pymem.h: In function '_PyMem_IsPtrFreed':
./Include/internal/pycore_pymem.h:69:23: warning: cast from pointer to integer of different size [-Wpointer-to-int-cast]
   69 |     uintptr_t value = (uintptr_t)ptr;
      |                       ^
./Include/internal/pycore_runtime.h: In function '_PyRuntimeState_SetFinalizing':
./Include/internal/pycore_runtime.h:220:53: warning: cast from pointer to integer of different size [-Wpointer-to-int-cast]
  220 |     _Py_atomic_store_relaxed(&runtime->_finalizing, (uintptr_t)tstate);
      |                                                     ^
./Include/internal/pycore_atomic.h:550:5: note: in expansion of macro '_Py_atomic_store_explicit'
  550 |     _Py_atomic_store_explicit((ATOMIC_VAL), (NEW_VAL), _Py_memory_order_relaxed)
      |     ^~~~~~~~~~~~~~~~~~~~~~~~~
./Include/internal/pycore_runtime.h:220:5: note: in expansion of macro '_Py_atomic_store_relaxed'
  220 |     _Py_atomic_store_relaxed(&runtime->_finalizing, (uintptr_t)tstate);
      |     ^~~~~~~~~~~~~~~~~~~~~~~~
In file included from Objects/funcobject.c:7:
./Include/internal/pycore_object.h: In function '_PyObject_GC_TRACK':
./Include/internal/pycore_object.h:227:23: warning: cast to pointer from integer of different size [-Wint-to-pointer-cast]
  227 |     PyGC_Head *last = (PyGC_Head*)(generation0->_gc_prev);
      |                       ^
./Include/internal/pycore_object.h:231:29: warning: cast from pointer to integer of different size [-Wpointer-to-int-cast]
  231 |     generation0->_gc_prev = (uintptr_t)gc;
      |                             ^
./Include/internal/pycore_object.h: In function '_PyDictOrValues_IsValues':
./Include/internal/pycore_object.h:394:13: warning: cast from pointer to integer of different size [-Wpointer-to-int-cast]
  394 |     return ((uintptr_t)dorv.values) & 1;
      |             ^
gcc -c -fno-strict-overflow -Wsign-compare -DNDEBUG -g -O3 -Wall    -std=c11 -Wextra -Wno-unused-parameter -Wno-missing-field-initializers -Wstrict-prototypes -Werror=implicit-function-declaration -fvisibility=hidden -include posixcompat.h -mabi=sysv  -I./Include/internal  -I. -I./Include    -DPy_BUILD_CORE -o Objects/interpreteridobject.o Objects/interpreteridobject.c
In file included from ./Include/Python.h:38,
                 from Objects/interpreteridobject.c:3:
./Include/internal/pycore_gc.h: In function '_PyGCHead_NEXT':
./Include/pyport.h:24:31: warning: cast to pointer from integer of different size [-Wint-to-pointer-cast]
   24 | #define _Py_CAST(type, expr) ((type)(expr))
      |                               ^
./Include/internal/pycore_gc.h:60:12: note: in expansion of macro '_Py_CAST'
   60 |     return _Py_CAST(PyGC_Head*, next);
      |            ^~~~~~~~
./Include/internal/pycore_gc.h: In function '_PyGCHead_SET_NEXT':
./Include/pyport.h:24:31: warning: cast from pointer to integer of different size [-Wpointer-to-int-cast]
   24 | #define _Py_CAST(type, expr) ((type)(expr))
      |                               ^
./Include/internal/pycore_gc.h:63:20: note: in expansion of macro '_Py_CAST'
   63 |     gc->_gc_next = _Py_CAST(uintptr_t, next);
      |                    ^~~~~~~~
./Include/internal/pycore_gc.h: In function '_PyGCHead_PREV':
./Include/pyport.h:24:31: warning: cast to pointer from integer of different size [-Wint-to-pointer-cast]
   24 | #define _Py_CAST(type, expr) ((type)(expr))
      |                               ^
./Include/internal/pycore_gc.h:69:12: note: in expansion of macro '_Py_CAST'
   69 |     return _Py_CAST(PyGC_Head*, prev);
      |            ^~~~~~~~
./Include/internal/pycore_gc.h: In function '_PyGCHead_SET_PREV':
./Include/pyport.h:24:31: warning: cast from pointer to integer of different size [-Wpointer-to-int-cast]
   24 | #define _Py_CAST(type, expr) ((type)(expr))
      |                               ^
./Include/internal/pycore_gc.h:72:23: note: in expansion of macro '_Py_CAST'
   72 |     uintptr_t uprev = _Py_CAST(uintptr_t, prev);
      |                       ^~~~~~~~
In file included from ./Include/internal/pycore_atomic.h:15,
                 from ./Include/internal/pycore_interp.h:15,
                 from Objects/interpreteridobject.c:5:
./Include/internal/pycore_interp.h: In function '_PyInterpreterState_SetFinalizing':
./Include/internal/pycore_interp.h:253:52: warning: cast from pointer to integer of different size [-Wpointer-to-int-cast]
  253 |     _Py_atomic_store_relaxed(&interp->_finalizing, (uintptr_t)tstate);
      |                                                    ^
./Include/internal/pycore_atomic.h:550:5: note: in expansion of macro '_Py_atomic_store_explicit'
  550 |     _Py_atomic_store_explicit((ATOMIC_VAL), (NEW_VAL), _Py_memory_order_relaxed)
      |     ^~~~~~~~~~~~~~~~~~~~~~~~~
./Include/internal/pycore_interp.h:253:5: note: in expansion of macro '_Py_atomic_store_relaxed'
  253 |     _Py_atomic_store_relaxed(&interp->_finalizing, (uintptr_t)tstate);
      |     ^~~~~~~~~~~~~~~~~~~~~~~~
gcc -c -fno-strict-overflow -Wsign-compare -DNDEBUG -g -O3 -Wall    -std=c11 -Wextra -Wno-unused-parameter -Wno-missing-field-initializers -Wstrict-prototypes -Werror=implicit-function-declaration -fvisibility=hidden -include posixcompat.h -mabi=sysv  -I./Include/internal  -I. -I./Include    -DPy_BUILD_CORE -o Objects/iterobject.o Objects/iterobject.c
In file included from ./Include/Python.h:38,
                 from Objects/iterobject.c:3:
./Include/internal/pycore_gc.h: In function '_PyGCHead_NEXT':
./Include/pyport.h:24:31: warning: cast to pointer from integer of different size [-Wint-to-pointer-cast]
   24 | #define _Py_CAST(type, expr) ((type)(expr))
      |                               ^
./Include/internal/pycore_gc.h:60:12: note: in expansion of macro '_Py_CAST'
   60 |     return _Py_CAST(PyGC_Head*, next);
      |            ^~~~~~~~
./Include/internal/pycore_gc.h: In function '_PyGCHead_SET_NEXT':
./Include/pyport.h:24:31: warning: cast from pointer to integer of different size [-Wpointer-to-int-cast]
   24 | #define _Py_CAST(type, expr) ((type)(expr))
      |                               ^
./Include/internal/pycore_gc.h:63:20: note: in expansion of macro '_Py_CAST'
   63 |     gc->_gc_next = _Py_CAST(uintptr_t, next);
      |                    ^~~~~~~~
./Include/internal/pycore_gc.h: In function '_PyGCHead_PREV':
./Include/pyport.h:24:31: warning: cast to pointer from integer of different size [-Wint-to-pointer-cast]
   24 | #define _Py_CAST(type, expr) ((type)(expr))
      |                               ^
./Include/internal/pycore_gc.h:69:12: note: in expansion of macro '_Py_CAST'
   69 |     return _Py_CAST(PyGC_Head*, prev);
      |            ^~~~~~~~
./Include/internal/pycore_gc.h: In function '_PyGCHead_SET_PREV':
./Include/pyport.h:24:31: warning: cast from pointer to integer of different size [-Wpointer-to-int-cast]
   24 | #define _Py_CAST(type, expr) ((type)(expr))
      |                               ^
./Include/internal/pycore_gc.h:72:23: note: in expansion of macro '_Py_CAST'
   72 |     uintptr_t uprev = _Py_CAST(uintptr_t, prev);
      |                       ^~~~~~~~
In file included from ./Include/internal/pycore_atomic.h:15,
                 from ./Include/internal/pycore_runtime.h:12,
                 from ./Include/internal/pycore_pystate.h:11,
                 from ./Include/internal/pycore_call.h:11,
                 from Objects/iterobject.c:4:
./Include/internal/pycore_interp.h: In function '_PyInterpreterState_SetFinalizing':
./Include/internal/pycore_interp.h:253:52: warning: cast from pointer to integer of different size [-Wpointer-to-int-cast]
  253 |     _Py_atomic_store_relaxed(&interp->_finalizing, (uintptr_t)tstate);
      |                                                    ^
./Include/internal/pycore_atomic.h:550:5: note: in expansion of macro '_Py_atomic_store_explicit'
  550 |     _Py_atomic_store_explicit((ATOMIC_VAL), (NEW_VAL), _Py_memory_order_relaxed)
      |     ^~~~~~~~~~~~~~~~~~~~~~~~~
./Include/internal/pycore_interp.h:253:5: note: in expansion of macro '_Py_atomic_store_relaxed'
  253 |     _Py_atomic_store_relaxed(&interp->_finalizing, (uintptr_t)tstate);
      |     ^~~~~~~~~~~~~~~~~~~~~~~~
In file included from ./Include/internal/pycore_runtime.h:21:
./Include/internal/pycore_pymem.h: In function '_PyMem_IsPtrFreed':
./Include/internal/pycore_pymem.h:69:23: warning: cast from pointer to integer of different size [-Wpointer-to-int-cast]
   69 |     uintptr_t value = (uintptr_t)ptr;
      |                       ^
./Include/internal/pycore_runtime.h: In function '_PyRuntimeState_SetFinalizing':
./Include/internal/pycore_runtime.h:220:53: warning: cast from pointer to integer of different size [-Wpointer-to-int-cast]
  220 |     _Py_atomic_store_relaxed(&runtime->_finalizing, (uintptr_t)tstate);
      |                                                     ^
./Include/internal/pycore_atomic.h:550:5: note: in expansion of macro '_Py_atomic_store_explicit'
  550 |     _Py_atomic_store_explicit((ATOMIC_VAL), (NEW_VAL), _Py_memory_order_relaxed)
      |     ^~~~~~~~~~~~~~~~~~~~~~~~~
./Include/internal/pycore_runtime.h:220:5: note: in expansion of macro '_Py_atomic_store_relaxed'
  220 |     _Py_atomic_store_relaxed(&runtime->_finalizing, (uintptr_t)tstate);
      |     ^~~~~~~~~~~~~~~~~~~~~~~~
In file included from Objects/iterobject.c:5:
./Include/internal/pycore_object.h: In function '_PyObject_GC_TRACK':
./Include/internal/pycore_object.h:227:23: warning: cast to pointer from integer of different size [-Wint-to-pointer-cast]
  227 |     PyGC_Head *last = (PyGC_Head*)(generation0->_gc_prev);
      |                       ^
./Include/internal/pycore_object.h:231:29: warning: cast from pointer to integer of different size [-Wpointer-to-int-cast]
  231 |     generation0->_gc_prev = (uintptr_t)gc;
      |                             ^
./Include/internal/pycore_object.h: In function '_PyDictOrValues_IsValues':
./Include/internal/pycore_object.h:394:13: warning: cast from pointer to integer of different size [-Wpointer-to-int-cast]
  394 |     return ((uintptr_t)dorv.values) & 1;
      |             ^
gcc -c -fno-strict-overflow -Wsign-compare -DNDEBUG -g -O3 -Wall    -std=c11 -Wextra -Wno-unused-parameter -Wno-missing-field-initializers -Wstrict-prototypes -Werror=implicit-function-declaration -fvisibility=hidden -include posixcompat.h -mabi=sysv  -I./Include/internal  -I. -I./Include    -DPy_BUILD_CORE -o Objects/listobject.o Objects/listobject.c
In file included from ./Include/Python.h:38,
                 from Objects/listobject.c:3:
./Include/internal/pycore_gc.h: In function '_PyGCHead_NEXT':
./Include/pyport.h:24:31: warning: cast to pointer from integer of different size [-Wint-to-pointer-cast]
   24 | #define _Py_CAST(type, expr) ((type)(expr))
      |                               ^
./Include/internal/pycore_gc.h:60:12: note: in expansion of macro '_Py_CAST'
   60 |     return _Py_CAST(PyGC_Head*, next);
      |            ^~~~~~~~
./Include/internal/pycore_gc.h: In function '_PyGCHead_SET_NEXT':
./Include/pyport.h:24:31: warning: cast from pointer to integer of different size [-Wpointer-to-int-cast]
   24 | #define _Py_CAST(type, expr) ((type)(expr))
      |                               ^
./Include/internal/pycore_gc.h:63:20: note: in expansion of macro '_Py_CAST'
   63 |     gc->_gc_next = _Py_CAST(uintptr_t, next);
      |                    ^~~~~~~~
./Include/internal/pycore_gc.h: In function '_PyGCHead_PREV':
./Include/pyport.h:24:31: warning: cast to pointer from integer of different size [-Wint-to-pointer-cast]
   24 | #define _Py_CAST(type, expr) ((type)(expr))
      |                               ^
./Include/internal/pycore_gc.h:69:12: note: in expansion of macro '_Py_CAST'
   69 |     return _Py_CAST(PyGC_Head*, prev);
      |            ^~~~~~~~
./Include/internal/pycore_gc.h: In function '_PyGCHead_SET_PREV':
./Include/pyport.h:24:31: warning: cast from pointer to integer of different size [-Wpointer-to-int-cast]
   24 | #define _Py_CAST(type, expr) ((type)(expr))
      |                               ^
./Include/internal/pycore_gc.h:72:23: note: in expansion of macro '_Py_CAST'
   72 |     uintptr_t uprev = _Py_CAST(uintptr_t, prev);
      |                       ^~~~~~~~
In file included from ./Include/internal/pycore_atomic.h:15,
                 from ./Include/internal/pycore_interp.h:15,
                 from Objects/listobject.c:5:
./Include/internal/pycore_interp.h: In function '_PyInterpreterState_SetFinalizing':
./Include/internal/pycore_interp.h:253:52: warning: cast from pointer to integer of different size [-Wpointer-to-int-cast]
  253 |     _Py_atomic_store_relaxed(&interp->_finalizing, (uintptr_t)tstate);
      |                                                    ^
./Include/internal/pycore_atomic.h:550:5: note: in expansion of macro '_Py_atomic_store_explicit'
  550 |     _Py_atomic_store_explicit((ATOMIC_VAL), (NEW_VAL), _Py_memory_order_relaxed)
      |     ^~~~~~~~~~~~~~~~~~~~~~~~~
./Include/internal/pycore_interp.h:253:5: note: in expansion of macro '_Py_atomic_store_relaxed'
  253 |     _Py_atomic_store_relaxed(&interp->_finalizing, (uintptr_t)tstate);
      |     ^~~~~~~~~~~~~~~~~~~~~~~~
In file included from ./Include/internal/pycore_runtime.h:21,
                 from ./Include/internal/pycore_long.h:12,
                 from Objects/listobject.c:7:
./Include/internal/pycore_pymem.h: In function '_PyMem_IsPtrFreed':
./Include/internal/pycore_pymem.h:69:23: warning: cast from pointer to integer of different size [-Wpointer-to-int-cast]
   69 |     uintptr_t value = (uintptr_t)ptr;
      |                       ^
./Include/internal/pycore_runtime.h: In function '_PyRuntimeState_SetFinalizing':
./Include/internal/pycore_runtime.h:220:53: warning: cast from pointer to integer of different size [-Wpointer-to-int-cast]
  220 |     _Py_atomic_store_relaxed(&runtime->_finalizing, (uintptr_t)tstate);
      |                                                     ^
./Include/internal/pycore_atomic.h:550:5: note: in expansion of macro '_Py_atomic_store_explicit'
  550 |     _Py_atomic_store_explicit((ATOMIC_VAL), (NEW_VAL), _Py_memory_order_relaxed)
      |     ^~~~~~~~~~~~~~~~~~~~~~~~~
./Include/internal/pycore_runtime.h:220:5: note: in expansion of macro '_Py_atomic_store_relaxed'
  220 |     _Py_atomic_store_relaxed(&runtime->_finalizing, (uintptr_t)tstate);
      |     ^~~~~~~~~~~~~~~~~~~~~~~~
In file included from Objects/listobject.c:8:
./Include/internal/pycore_object.h: In function '_PyObject_GC_TRACK':
./Include/internal/pycore_object.h:227:23: warning: cast to pointer from integer of different size [-Wint-to-pointer-cast]
  227 |     PyGC_Head *last = (PyGC_Head*)(generation0->_gc_prev);
      |                       ^
./Include/internal/pycore_object.h:231:29: warning: cast from pointer to integer of different size [-Wpointer-to-int-cast]
  231 |     generation0->_gc_prev = (uintptr_t)gc;
      |                             ^
./Include/internal/pycore_object.h: In function '_PyDictOrValues_IsValues':
./Include/internal/pycore_object.h:394:13: warning: cast from pointer to integer of different size [-Wpointer-to-int-cast]
  394 |     return ((uintptr_t)dorv.values) & 1;
      |             ^
gcc -c -fno-strict-overflow -Wsign-compare -DNDEBUG -g -O3 -Wall    -std=c11 -Wextra -Wno-unused-parameter -Wno-missing-field-initializers -Wstrict-prototypes -Werror=implicit-function-declaration -fvisibility=hidden -include posixcompat.h -mabi=sysv  -I./Include/internal  -I. -I./Include    -DPy_BUILD_CORE -o Objects/longobject.o Objects/longobject.c
In file included from ./Include/Python.h:38,
                 from Objects/longobject.c:5:
./Include/internal/pycore_gc.h: In function '_PyGCHead_NEXT':
./Include/pyport.h:24:31: warning: cast to pointer from integer of different size [-Wint-to-pointer-cast]
   24 | #define _Py_CAST(type, expr) ((type)(expr))
      |                               ^
./Include/internal/pycore_gc.h:60:12: note: in expansion of macro '_Py_CAST'
   60 |     return _Py_CAST(PyGC_Head*, next);
      |            ^~~~~~~~
./Include/internal/pycore_gc.h: In function '_PyGCHead_SET_NEXT':
./Include/pyport.h:24:31: warning: cast from pointer to integer of different size [-Wpointer-to-int-cast]
   24 | #define _Py_CAST(type, expr) ((type)(expr))
      |                               ^
./Include/internal/pycore_gc.h:63:20: note: in expansion of macro '_Py_CAST'
   63 |     gc->_gc_next = _Py_CAST(uintptr_t, next);
      |                    ^~~~~~~~
./Include/internal/pycore_gc.h: In function '_PyGCHead_PREV':
./Include/pyport.h:24:31: warning: cast to pointer from integer of different size [-Wint-to-pointer-cast]
   24 | #define _Py_CAST(type, expr) ((type)(expr))
      |                               ^
./Include/internal/pycore_gc.h:69:12: note: in expansion of macro '_Py_CAST'
   69 |     return _Py_CAST(PyGC_Head*, prev);
      |            ^~~~~~~~
./Include/internal/pycore_gc.h: In function '_PyGCHead_SET_PREV':
./Include/pyport.h:24:31: warning: cast from pointer to integer of different size [-Wpointer-to-int-cast]
   24 | #define _Py_CAST(type, expr) ((type)(expr))
      |                               ^
./Include/internal/pycore_gc.h:72:23: note: in expansion of macro '_Py_CAST'
   72 |     uintptr_t uprev = _Py_CAST(uintptr_t, prev);
      |                       ^~~~~~~~
In file included from ./Include/internal/pycore_atomic.h:15,
                 from ./Include/internal/pycore_runtime.h:12,
                 from ./Include/internal/pycore_long.h:12,
                 from Objects/longobject.c:8:
./Include/internal/pycore_interp.h: In function '_PyInterpreterState_SetFinalizing':
./Include/internal/pycore_interp.h:253:52: warning: cast from pointer to integer of different size [-Wpointer-to-int-cast]
  253 |     _Py_atomic_store_relaxed(&interp->_finalizing, (uintptr_t)tstate);
      |                                                    ^
./Include/internal/pycore_atomic.h:550:5: note: in expansion of macro '_Py_atomic_store_explicit'
  550 |     _Py_atomic_store_explicit((ATOMIC_VAL), (NEW_VAL), _Py_memory_order_relaxed)
      |     ^~~~~~~~~~~~~~~~~~~~~~~~~
./Include/internal/pycore_interp.h:253:5: note: in expansion of macro '_Py_atomic_store_relaxed'
  253 |     _Py_atomic_store_relaxed(&interp->_finalizing, (uintptr_t)tstate);
      |     ^~~~~~~~~~~~~~~~~~~~~~~~
In file included from ./Include/internal/pycore_runtime.h:21:
./Include/internal/pycore_pymem.h: In function '_PyMem_IsPtrFreed':
./Include/internal/pycore_pymem.h:69:23: warning: cast from pointer to integer of different size [-Wpointer-to-int-cast]
   69 |     uintptr_t value = (uintptr_t)ptr;
      |                       ^
./Include/internal/pycore_runtime.h: In function '_PyRuntimeState_SetFinalizing':
./Include/internal/pycore_runtime.h:220:53: warning: cast from pointer to integer of different size [-Wpointer-to-int-cast]
  220 |     _Py_atomic_store_relaxed(&runtime->_finalizing, (uintptr_t)tstate);
      |                                                     ^
./Include/internal/pycore_atomic.h:550:5: note: in expansion of macro '_Py_atomic_store_explicit'
  550 |     _Py_atomic_store_explicit((ATOMIC_VAL), (NEW_VAL), _Py_memory_order_relaxed)
      |     ^~~~~~~~~~~~~~~~~~~~~~~~~
./Include/internal/pycore_runtime.h:220:5: note: in expansion of macro '_Py_atomic_store_relaxed'
  220 |     _Py_atomic_store_relaxed(&runtime->_finalizing, (uintptr_t)tstate);
      |     ^~~~~~~~~~~~~~~~~~~~~~~~
In file included from Objects/longobject.c:9:
./Include/internal/pycore_object.h: In function '_PyObject_GC_TRACK':
./Include/internal/pycore_object.h:227:23: warning: cast to pointer from integer of different size [-Wint-to-pointer-cast]
  227 |     PyGC_Head *last = (PyGC_Head*)(generation0->_gc_prev);
      |                       ^
./Include/internal/pycore_object.h:231:29: warning: cast from pointer to integer of different size [-Wpointer-to-int-cast]
  231 |     generation0->_gc_prev = (uintptr_t)gc;
      |                             ^
./Include/internal/pycore_object.h: In function '_PyDictOrValues_IsValues':
./Include/internal/pycore_object.h:394:13: warning: cast from pointer to integer of different size [-Wpointer-to-int-cast]
  394 |     return ((uintptr_t)dorv.values) & 1;
      |             ^
Objects/longobject.c: In function 'PyLong_FromVoidPtr':
Objects/longobject.c:1085:60: warning: cast from pointer to integer of different size [-Wpointer-to-int-cast]
 1085 |     return PyLong_FromUnsignedLongLong((unsigned long long)(uintptr_t)p);
      |                                                            ^
In file included from ./Include/Python.h:47:
Objects/longobject.c: In function 'long_hash':
./Include/pyhash.h:30:37: warning: left shift count >= width of type [-Wshift-count-overflow]
   30 | #define _PyHASH_MODULUS (((size_t)1 << _PyHASH_BITS) - 1)
      |                                     ^~
Objects/longobject.c:3388:36: note: in expansion of macro '_PyHASH_MODULUS'
 3388 |         x = ((x << PyLong_SHIFT) & _PyHASH_MODULUS) |
      |                                    ^~~~~~~~~~~~~~~
./Include/pyhash.h:30:37: warning: left shift count >= width of type [-Wshift-count-overflow]
   30 | #define _PyHASH_MODULUS (((size_t)1 << _PyHASH_BITS) - 1)
      |                                     ^~
Objects/longobject.c:3391:18: note: in expansion of macro '_PyHASH_MODULUS'
 3391 |         if (x >= _PyHASH_MODULUS)
      |                  ^~~~~~~~~~~~~~~
./Include/pyhash.h:30:37: warning: left shift count >= width of type [-Wshift-count-overflow]
   30 | #define _PyHASH_MODULUS (((size_t)1 << _PyHASH_BITS) - 1)
      |                                     ^~
Objects/longobject.c:3392:18: note: in expansion of macro '_PyHASH_MODULUS'
 3392 |             x -= _PyHASH_MODULUS;
      |                  ^~~~~~~~~~~~~~~
gcc -c -fno-strict-overflow -Wsign-compare -DNDEBUG -g -O3 -Wall    -std=c11 -Wextra -Wno-unused-parameter -Wno-missing-field-initializers -Wstrict-prototypes -Werror=implicit-function-declaration -fvisibility=hidden -include posixcompat.h -mabi=sysv  -I./Include/internal  -I. -I./Include    -DPy_BUILD_CORE -o Objects/dictobject.o Objects/dictobject.c
In file included from ./Include/Python.h:38,
                 from Objects/dictobject.c:115:
./Include/internal/pycore_gc.h: In function '_PyGCHead_NEXT':
./Include/pyport.h:24:31: warning: cast to pointer from integer of different size [-Wint-to-pointer-cast]
   24 | #define _Py_CAST(type, expr) ((type)(expr))
      |                               ^
./Include/internal/pycore_gc.h:60:12: note: in expansion of macro '_Py_CAST'
   60 |     return _Py_CAST(PyGC_Head*, next);
      |            ^~~~~~~~
./Include/internal/pycore_gc.h: In function '_PyGCHead_SET_NEXT':
./Include/pyport.h:24:31: warning: cast from pointer to integer of different size [-Wpointer-to-int-cast]
   24 | #define _Py_CAST(type, expr) ((type)(expr))
      |                               ^
./Include/internal/pycore_gc.h:63:20: note: in expansion of macro '_Py_CAST'
   63 |     gc->_gc_next = _Py_CAST(uintptr_t, next);
      |                    ^~~~~~~~
./Include/internal/pycore_gc.h: In function '_PyGCHead_PREV':
./Include/pyport.h:24:31: warning: cast to pointer from integer of different size [-Wint-to-pointer-cast]
   24 | #define _Py_CAST(type, expr) ((type)(expr))
      |                               ^
./Include/internal/pycore_gc.h:69:12: note: in expansion of macro '_Py_CAST'
   69 |     return _Py_CAST(PyGC_Head*, prev);
      |            ^~~~~~~~
./Include/internal/pycore_gc.h: In function '_PyGCHead_SET_PREV':
./Include/pyport.h:24:31: warning: cast from pointer to integer of different size [-Wpointer-to-int-cast]
   24 | #define _Py_CAST(type, expr) ((type)(expr))
      |                               ^
./Include/internal/pycore_gc.h:72:23: note: in expansion of macro '_Py_CAST'
   72 |     uintptr_t uprev = _Py_CAST(uintptr_t, prev);
      |                       ^~~~~~~~
In file included from ./Include/internal/pycore_atomic.h:15,
                 from ./Include/internal/pycore_runtime.h:12,
                 from ./Include/internal/pycore_pystate.h:11,
                 from ./Include/internal/pycore_call.h:11,
                 from Objects/dictobject.c:117:
./Include/internal/pycore_interp.h: In function '_PyInterpreterState_SetFinalizing':
./Include/internal/pycore_interp.h:253:52: warning: cast from pointer to integer of different size [-Wpointer-to-int-cast]
  253 |     _Py_atomic_store_relaxed(&interp->_finalizing, (uintptr_t)tstate);
      |                                                    ^
./Include/internal/pycore_atomic.h:550:5: note: in expansion of macro '_Py_atomic_store_explicit'
  550 |     _Py_atomic_store_explicit((ATOMIC_VAL), (NEW_VAL), _Py_memory_order_relaxed)
      |     ^~~~~~~~~~~~~~~~~~~~~~~~~
./Include/internal/pycore_interp.h:253:5: note: in expansion of macro '_Py_atomic_store_relaxed'
  253 |     _Py_atomic_store_relaxed(&interp->_finalizing, (uintptr_t)tstate);
      |     ^~~~~~~~~~~~~~~~~~~~~~~~
In file included from ./Include/internal/pycore_runtime.h:21:
./Include/internal/pycore_pymem.h: In function '_PyMem_IsPtrFreed':
./Include/internal/pycore_pymem.h:69:23: warning: cast from pointer to integer of different size [-Wpointer-to-int-cast]
   69 |     uintptr_t value = (uintptr_t)ptr;
      |                       ^
./Include/internal/pycore_runtime.h: In function '_PyRuntimeState_SetFinalizing':
./Include/internal/pycore_runtime.h:220:53: warning: cast from pointer to integer of different size [-Wpointer-to-int-cast]
  220 |     _Py_atomic_store_relaxed(&runtime->_finalizing, (uintptr_t)tstate);
      |                                                     ^
./Include/internal/pycore_atomic.h:550:5: note: in expansion of macro '_Py_atomic_store_explicit'
  550 |     _Py_atomic_store_explicit((ATOMIC_VAL), (NEW_VAL), _Py_memory_order_relaxed)
      |     ^~~~~~~~~~~~~~~~~~~~~~~~~
./Include/internal/pycore_runtime.h:220:5: note: in expansion of macro '_Py_atomic_store_relaxed'
  220 |     _Py_atomic_store_relaxed(&runtime->_finalizing, (uintptr_t)tstate);
      |     ^~~~~~~~~~~~~~~~~~~~~~~~
In file included from Objects/dictobject.c:121:
./Include/internal/pycore_object.h: In function '_PyObject_GC_TRACK':
./Include/internal/pycore_object.h:227:23: warning: cast to pointer from integer of different size [-Wint-to-pointer-cast]
  227 |     PyGC_Head *last = (PyGC_Head*)(generation0->_gc_prev);
      |                       ^
./Include/internal/pycore_object.h:231:29: warning: cast from pointer to integer of different size [-Wpointer-to-int-cast]
  231 |     generation0->_gc_prev = (uintptr_t)gc;
      |                             ^
./Include/internal/pycore_object.h: In function '_PyDictOrValues_IsValues':
./Include/internal/pycore_object.h:394:13: warning: cast from pointer to integer of different size [-Wpointer-to-int-cast]
  394 |     return ((uintptr_t)dorv.values) & 1;
      |             ^
Objects/dictobject.c: In function 'dictkeys_incref':
Objects/dictobject.c:313:23: warning: comparison of integer expressions of different signedness: 'Py_ssize_t' {aka 'int'} and 'unsigned int' [-Wsign-compare]
  313 |     if (dk->dk_refcnt == _Py_IMMORTAL_REFCNT) {
      |                       ^~
Objects/dictobject.c: In function 'dictkeys_decref':
Objects/dictobject.c:325:23: warning: comparison of integer expressions of different signedness: 'Py_ssize_t' {aka 'int'} and 'unsigned int' [-Wsign-compare]
  325 |     if (dk->dk_refcnt == _Py_IMMORTAL_REFCNT) {
      |                       ^~
gcc -c -fno-strict-overflow -Wsign-compare -DNDEBUG -g -O3 -Wall    -std=c11 -Wextra -Wno-unused-parameter -Wno-missing-field-initializers -Wstrict-prototypes -Werror=implicit-function-declaration -fvisibility=hidden -include posixcompat.h -mabi=sysv  -I./Include/internal  -I. -I./Include    -DPy_BUILD_CORE -o Objects/odictobject.o Objects/odictobject.c
In file included from ./Include/Python.h:38,
                 from Objects/odictobject.c:467:
./Include/internal/pycore_gc.h: In function '_PyGCHead_NEXT':
./Include/pyport.h:24:31: warning: cast to pointer from integer of different size [-Wint-to-pointer-cast]
   24 | #define _Py_CAST(type, expr) ((type)(expr))
      |                               ^
./Include/internal/pycore_gc.h:60:12: note: in expansion of macro '_Py_CAST'
   60 |     return _Py_CAST(PyGC_Head*, next);
      |            ^~~~~~~~
./Include/internal/pycore_gc.h: In function '_PyGCHead_SET_NEXT':
./Include/pyport.h:24:31: warning: cast from pointer to integer of different size [-Wpointer-to-int-cast]
   24 | #define _Py_CAST(type, expr) ((type)(expr))
      |                               ^
./Include/internal/pycore_gc.h:63:20: note: in expansion of macro '_Py_CAST'
   63 |     gc->_gc_next = _Py_CAST(uintptr_t, next);
      |                    ^~~~~~~~
./Include/internal/pycore_gc.h: In function '_PyGCHead_PREV':
./Include/pyport.h:24:31: warning: cast to pointer from integer of different size [-Wint-to-pointer-cast]
   24 | #define _Py_CAST(type, expr) ((type)(expr))
      |                               ^
./Include/internal/pycore_gc.h:69:12: note: in expansion of macro '_Py_CAST'
   69 |     return _Py_CAST(PyGC_Head*, prev);
      |            ^~~~~~~~
./Include/internal/pycore_gc.h: In function '_PyGCHead_SET_PREV':
./Include/pyport.h:24:31: warning: cast from pointer to integer of different size [-Wpointer-to-int-cast]
   24 | #define _Py_CAST(type, expr) ((type)(expr))
      |                               ^
./Include/internal/pycore_gc.h:72:23: note: in expansion of macro '_Py_CAST'
   72 |     uintptr_t uprev = _Py_CAST(uintptr_t, prev);
      |                       ^~~~~~~~
In file included from ./Include/internal/pycore_atomic.h:15,
                 from ./Include/internal/pycore_runtime.h:12,
                 from ./Include/internal/pycore_pystate.h:11,
                 from ./Include/internal/pycore_call.h:11,
                 from Objects/odictobject.c:468:
./Include/internal/pycore_interp.h: In function '_PyInterpreterState_SetFinalizing':
./Include/internal/pycore_interp.h:253:52: warning: cast from pointer to integer of different size [-Wpointer-to-int-cast]
  253 |     _Py_atomic_store_relaxed(&interp->_finalizing, (uintptr_t)tstate);
      |                                                    ^
./Include/internal/pycore_atomic.h:550:5: note: in expansion of macro '_Py_atomic_store_explicit'
  550 |     _Py_atomic_store_explicit((ATOMIC_VAL), (NEW_VAL), _Py_memory_order_relaxed)
      |     ^~~~~~~~~~~~~~~~~~~~~~~~~
./Include/internal/pycore_interp.h:253:5: note: in expansion of macro '_Py_atomic_store_relaxed'
  253 |     _Py_atomic_store_relaxed(&interp->_finalizing, (uintptr_t)tstate);
      |     ^~~~~~~~~~~~~~~~~~~~~~~~
In file included from ./Include/internal/pycore_runtime.h:21:
./Include/internal/pycore_pymem.h: In function '_PyMem_IsPtrFreed':
./Include/internal/pycore_pymem.h:69:23: warning: cast from pointer to integer of different size [-Wpointer-to-int-cast]
   69 |     uintptr_t value = (uintptr_t)ptr;
      |                       ^
./Include/internal/pycore_runtime.h: In function '_PyRuntimeState_SetFinalizing':
./Include/internal/pycore_runtime.h:220:53: warning: cast from pointer to integer of different size [-Wpointer-to-int-cast]
  220 |     _Py_atomic_store_relaxed(&runtime->_finalizing, (uintptr_t)tstate);
      |                                                     ^
./Include/internal/pycore_atomic.h:550:5: note: in expansion of macro '_Py_atomic_store_explicit'
  550 |     _Py_atomic_store_explicit((ATOMIC_VAL), (NEW_VAL), _Py_memory_order_relaxed)
      |     ^~~~~~~~~~~~~~~~~~~~~~~~~
./Include/internal/pycore_runtime.h:220:5: note: in expansion of macro '_Py_atomic_store_relaxed'
  220 |     _Py_atomic_store_relaxed(&runtime->_finalizing, (uintptr_t)tstate);
      |     ^~~~~~~~~~~~~~~~~~~~~~~~
In file included from Objects/odictobject.c:469:
./Include/internal/pycore_object.h: In function '_PyObject_GC_TRACK':
./Include/internal/pycore_object.h:227:23: warning: cast to pointer from integer of different size [-Wint-to-pointer-cast]
  227 |     PyGC_Head *last = (PyGC_Head*)(generation0->_gc_prev);
      |                       ^
./Include/internal/pycore_object.h:231:29: warning: cast from pointer to integer of different size [-Wpointer-to-int-cast]
  231 |     generation0->_gc_prev = (uintptr_t)gc;
      |                             ^
./Include/internal/pycore_object.h: In function '_PyDictOrValues_IsValues':
./Include/internal/pycore_object.h:394:13: warning: cast from pointer to integer of different size [-Wpointer-to-int-cast]
  394 |     return ((uintptr_t)dorv.values) & 1;
      |             ^
gcc -c -fno-strict-overflow -Wsign-compare -DNDEBUG -g -O3 -Wall    -std=c11 -Wextra -Wno-unused-parameter -Wno-missing-field-initializers -Wstrict-prototypes -Werror=implicit-function-declaration -fvisibility=hidden -include posixcompat.h -mabi=sysv  -I./Include/internal  -I. -I./Include    -DPy_BUILD_CORE -o Objects/memoryobject.o Objects/memoryobject.c
In file included from ./Include/Python.h:38,
                 from Objects/memoryobject.c:13:
./Include/internal/pycore_gc.h: In function '_PyGCHead_NEXT':
./Include/pyport.h:24:31: warning: cast to pointer from integer of different size [-Wint-to-pointer-cast]
   24 | #define _Py_CAST(type, expr) ((type)(expr))
      |                               ^
./Include/internal/pycore_gc.h:60:12: note: in expansion of macro '_Py_CAST'
   60 |     return _Py_CAST(PyGC_Head*, next);
      |            ^~~~~~~~
./Include/internal/pycore_gc.h: In function '_PyGCHead_SET_NEXT':
./Include/pyport.h:24:31: warning: cast from pointer to integer of different size [-Wpointer-to-int-cast]
   24 | #define _Py_CAST(type, expr) ((type)(expr))
      |                               ^
./Include/internal/pycore_gc.h:63:20: note: in expansion of macro '_Py_CAST'
   63 |     gc->_gc_next = _Py_CAST(uintptr_t, next);
      |                    ^~~~~~~~
./Include/internal/pycore_gc.h: In function '_PyGCHead_PREV':
./Include/pyport.h:24:31: warning: cast to pointer from integer of different size [-Wint-to-pointer-cast]
   24 | #define _Py_CAST(type, expr) ((type)(expr))
      |                               ^
./Include/internal/pycore_gc.h:69:12: note: in expansion of macro '_Py_CAST'
   69 |     return _Py_CAST(PyGC_Head*, prev);
      |            ^~~~~~~~
./Include/internal/pycore_gc.h: In function '_PyGCHead_SET_PREV':
./Include/pyport.h:24:31: warning: cast from pointer to integer of different size [-Wpointer-to-int-cast]
   24 | #define _Py_CAST(type, expr) ((type)(expr))
      |                               ^
./Include/internal/pycore_gc.h:72:23: note: in expansion of macro '_Py_CAST'
   72 |     uintptr_t uprev = _Py_CAST(uintptr_t, prev);
      |                       ^~~~~~~~
In file included from ./Include/internal/pycore_atomic.h:15,
                 from ./Include/internal/pycore_interp.h:15,
                 from ./Include/internal/pycore_object.h:13,
                 from Objects/memoryobject.c:15:
./Include/internal/pycore_interp.h: In function '_PyInterpreterState_SetFinalizing':
./Include/internal/pycore_interp.h:253:52: warning: cast from pointer to integer of different size [-Wpointer-to-int-cast]
  253 |     _Py_atomic_store_relaxed(&interp->_finalizing, (uintptr_t)tstate);
      |                                                    ^
./Include/internal/pycore_atomic.h:550:5: note: in expansion of macro '_Py_atomic_store_explicit'
  550 |     _Py_atomic_store_explicit((ATOMIC_VAL), (NEW_VAL), _Py_memory_order_relaxed)
      |     ^~~~~~~~~~~~~~~~~~~~~~~~~
./Include/internal/pycore_interp.h:253:5: note: in expansion of macro '_Py_atomic_store_relaxed'
  253 |     _Py_atomic_store_relaxed(&interp->_finalizing, (uintptr_t)tstate);
      |     ^~~~~~~~~~~~~~~~~~~~~~~~
In file included from ./Include/internal/pycore_runtime.h:21,
                 from ./Include/internal/pycore_pystate.h:11,
                 from ./Include/internal/pycore_object.h:14:
./Include/internal/pycore_pymem.h: In function '_PyMem_IsPtrFreed':
./Include/internal/pycore_pymem.h:69:23: warning: cast from pointer to integer of different size [-Wpointer-to-int-cast]
   69 |     uintptr_t value = (uintptr_t)ptr;
      |                       ^
./Include/internal/pycore_runtime.h: In function '_PyRuntimeState_SetFinalizing':
./Include/internal/pycore_runtime.h:220:53: warning: cast from pointer to integer of different size [-Wpointer-to-int-cast]
  220 |     _Py_atomic_store_relaxed(&runtime->_finalizing, (uintptr_t)tstate);
      |                                                     ^
./Include/internal/pycore_atomic.h:550:5: note: in expansion of macro '_Py_atomic_store_explicit'
  550 |     _Py_atomic_store_explicit((ATOMIC_VAL), (NEW_VAL), _Py_memory_order_relaxed)
      |     ^~~~~~~~~~~~~~~~~~~~~~~~~
./Include/internal/pycore_runtime.h:220:5: note: in expansion of macro '_Py_atomic_store_relaxed'
  220 |     _Py_atomic_store_relaxed(&runtime->_finalizing, (uintptr_t)tstate);
      |     ^~~~~~~~~~~~~~~~~~~~~~~~
./Include/internal/pycore_object.h: In function '_PyObject_GC_TRACK':
./Include/internal/pycore_object.h:227:23: warning: cast to pointer from integer of different size [-Wint-to-pointer-cast]
  227 |     PyGC_Head *last = (PyGC_Head*)(generation0->_gc_prev);
      |                       ^
./Include/internal/pycore_object.h:231:29: warning: cast from pointer to integer of different size [-Wpointer-to-int-cast]
  231 |     generation0->_gc_prev = (uintptr_t)gc;
      |                             ^
./Include/internal/pycore_object.h: In function '_PyDictOrValues_IsValues':
./Include/internal/pycore_object.h:394:13: warning: cast from pointer to integer of different size [-Wpointer-to-int-cast]
  394 |     return ((uintptr_t)dorv.values) & 1;
      |             ^
gcc -c -fno-strict-overflow -Wsign-compare -DNDEBUG -g -O3 -Wall    -std=c11 -Wextra -Wno-unused-parameter -Wno-missing-field-initializers -Wstrict-prototypes -Werror=implicit-function-declaration -fvisibility=hidden -include posixcompat.h -mabi=sysv  -I./Include/internal  -I. -I./Include    -DPy_BUILD_CORE -o Objects/methodobject.o Objects/methodobject.c
In file included from ./Include/Python.h:38,
                 from Objects/methodobject.c:4:
./Include/internal/pycore_gc.h: In function '_PyGCHead_NEXT':
./Include/pyport.h:24:31: warning: cast to pointer from integer of different size [-Wint-to-pointer-cast]
   24 | #define _Py_CAST(type, expr) ((type)(expr))
      |                               ^
./Include/internal/pycore_gc.h:60:12: note: in expansion of macro '_Py_CAST'
   60 |     return _Py_CAST(PyGC_Head*, next);
      |            ^~~~~~~~
./Include/internal/pycore_gc.h: In function '_PyGCHead_SET_NEXT':
./Include/pyport.h:24:31: warning: cast from pointer to integer of different size [-Wpointer-to-int-cast]
   24 | #define _Py_CAST(type, expr) ((type)(expr))
      |                               ^
./Include/internal/pycore_gc.h:63:20: note: in expansion of macro '_Py_CAST'
   63 |     gc->_gc_next = _Py_CAST(uintptr_t, next);
      |                    ^~~~~~~~
./Include/internal/pycore_gc.h: In function '_PyGCHead_PREV':
./Include/pyport.h:24:31: warning: cast to pointer from integer of different size [-Wint-to-pointer-cast]
   24 | #define _Py_CAST(type, expr) ((type)(expr))
      |                               ^
./Include/internal/pycore_gc.h:69:12: note: in expansion of macro '_Py_CAST'
   69 |     return _Py_CAST(PyGC_Head*, prev);
      |            ^~~~~~~~
./Include/internal/pycore_gc.h: In function '_PyGCHead_SET_PREV':
./Include/pyport.h:24:31: warning: cast from pointer to integer of different size [-Wpointer-to-int-cast]
   24 | #define _Py_CAST(type, expr) ((type)(expr))
      |                               ^
./Include/internal/pycore_gc.h:72:23: note: in expansion of macro '_Py_CAST'
   72 |     uintptr_t uprev = _Py_CAST(uintptr_t, prev);
      |                       ^~~~~~~~
In file included from ./Include/internal/pycore_atomic.h:15,
                 from ./Include/internal/pycore_interp.h:15,
                 from ./Include/internal/pycore_ceval.h:19,
                 from Objects/methodobject.c:5:
./Include/internal/pycore_interp.h: In function '_PyInterpreterState_SetFinalizing':
./Include/internal/pycore_interp.h:253:52: warning: cast from pointer to integer of different size [-Wpointer-to-int-cast]
  253 |     _Py_atomic_store_relaxed(&interp->_finalizing, (uintptr_t)tstate);
      |                                                    ^
./Include/internal/pycore_atomic.h:550:5: note: in expansion of macro '_Py_atomic_store_explicit'
  550 |     _Py_atomic_store_explicit((ATOMIC_VAL), (NEW_VAL), _Py_memory_order_relaxed)
      |     ^~~~~~~~~~~~~~~~~~~~~~~~~
./Include/internal/pycore_interp.h:253:5: note: in expansion of macro '_Py_atomic_store_relaxed'
  253 |     _Py_atomic_store_relaxed(&interp->_finalizing, (uintptr_t)tstate);
      |     ^~~~~~~~~~~~~~~~~~~~~~~~
In file included from ./Include/internal/pycore_runtime.h:21,
                 from ./Include/internal/pycore_pystate.h:11,
                 from ./Include/internal/pycore_ceval.h:20:
./Include/internal/pycore_pymem.h: In function '_PyMem_IsPtrFreed':
./Include/internal/pycore_pymem.h:69:23: warning: cast from pointer to integer of different size [-Wpointer-to-int-cast]
   69 |     uintptr_t value = (uintptr_t)ptr;
      |                       ^
./Include/internal/pycore_runtime.h: In function '_PyRuntimeState_SetFinalizing':
./Include/internal/pycore_runtime.h:220:53: warning: cast from pointer to integer of different size [-Wpointer-to-int-cast]
  220 |     _Py_atomic_store_relaxed(&runtime->_finalizing, (uintptr_t)tstate);
      |                                                     ^
./Include/internal/pycore_atomic.h:550:5: note: in expansion of macro '_Py_atomic_store_explicit'
  550 |     _Py_atomic_store_explicit((ATOMIC_VAL), (NEW_VAL), _Py_memory_order_relaxed)
      |     ^~~~~~~~~~~~~~~~~~~~~~~~~
./Include/internal/pycore_runtime.h:220:5: note: in expansion of macro '_Py_atomic_store_relaxed'
  220 |     _Py_atomic_store_relaxed(&runtime->_finalizing, (uintptr_t)tstate);
      |     ^~~~~~~~~~~~~~~~~~~~~~~~
In file included from Objects/methodobject.c:6:
./Include/internal/pycore_object.h: In function '_PyObject_GC_TRACK':
./Include/internal/pycore_object.h:227:23: warning: cast to pointer from integer of different size [-Wint-to-pointer-cast]
  227 |     PyGC_Head *last = (PyGC_Head*)(generation0->_gc_prev);
      |                       ^
./Include/internal/pycore_object.h:231:29: warning: cast from pointer to integer of different size [-Wpointer-to-int-cast]
  231 |     generation0->_gc_prev = (uintptr_t)gc;
      |                             ^
./Include/internal/pycore_object.h: In function '_PyDictOrValues_IsValues':
./Include/internal/pycore_object.h:394:13: warning: cast from pointer to integer of different size [-Wpointer-to-int-cast]
  394 |     return ((uintptr_t)dorv.values) & 1;
      |             ^
gcc -c -fno-strict-overflow -Wsign-compare -DNDEBUG -g -O3 -Wall    -std=c11 -Wextra -Wno-unused-parameter -Wno-missing-field-initializers -Wstrict-prototypes -Werror=implicit-function-declaration -fvisibility=hidden -include posixcompat.h -mabi=sysv  -I./Include/internal  -I. -I./Include    -DPy_BUILD_CORE -o Objects/moduleobject.o Objects/moduleobject.c
In file included from ./Include/Python.h:38,
                 from Objects/moduleobject.c:4:
./Include/internal/pycore_gc.h: In function '_PyGCHead_NEXT':
./Include/pyport.h:24:31: warning: cast to pointer from integer of different size [-Wint-to-pointer-cast]
   24 | #define _Py_CAST(type, expr) ((type)(expr))
      |                               ^
./Include/internal/pycore_gc.h:60:12: note: in expansion of macro '_Py_CAST'
   60 |     return _Py_CAST(PyGC_Head*, next);
      |            ^~~~~~~~
./Include/internal/pycore_gc.h: In function '_PyGCHead_SET_NEXT':
./Include/pyport.h:24:31: warning: cast from pointer to integer of different size [-Wpointer-to-int-cast]
   24 | #define _Py_CAST(type, expr) ((type)(expr))
      |                               ^
./Include/internal/pycore_gc.h:63:20: note: in expansion of macro '_Py_CAST'
   63 |     gc->_gc_next = _Py_CAST(uintptr_t, next);
      |                    ^~~~~~~~
./Include/internal/pycore_gc.h: In function '_PyGCHead_PREV':
./Include/pyport.h:24:31: warning: cast to pointer from integer of different size [-Wint-to-pointer-cast]
   24 | #define _Py_CAST(type, expr) ((type)(expr))
      |                               ^
./Include/internal/pycore_gc.h:69:12: note: in expansion of macro '_Py_CAST'
   69 |     return _Py_CAST(PyGC_Head*, prev);
      |            ^~~~~~~~
./Include/internal/pycore_gc.h: In function '_PyGCHead_SET_PREV':
./Include/pyport.h:24:31: warning: cast from pointer to integer of different size [-Wpointer-to-int-cast]
   24 | #define _Py_CAST(type, expr) ((type)(expr))
      |                               ^
./Include/internal/pycore_gc.h:72:23: note: in expansion of macro '_Py_CAST'
   72 |     uintptr_t uprev = _Py_CAST(uintptr_t, prev);
      |                       ^~~~~~~~
In file included from ./Include/internal/pycore_atomic.h:15,
                 from ./Include/internal/pycore_runtime.h:12,
                 from ./Include/internal/pycore_pystate.h:11,
                 from ./Include/internal/pycore_call.h:11,
                 from Objects/moduleobject.c:5:
./Include/internal/pycore_interp.h: In function '_PyInterpreterState_SetFinalizing':
./Include/internal/pycore_interp.h:253:52: warning: cast from pointer to integer of different size [-Wpointer-to-int-cast]
  253 |     _Py_atomic_store_relaxed(&interp->_finalizing, (uintptr_t)tstate);
      |                                                    ^
./Include/internal/pycore_atomic.h:550:5: note: in expansion of macro '_Py_atomic_store_explicit'
  550 |     _Py_atomic_store_explicit((ATOMIC_VAL), (NEW_VAL), _Py_memory_order_relaxed)
      |     ^~~~~~~~~~~~~~~~~~~~~~~~~
./Include/internal/pycore_interp.h:253:5: note: in expansion of macro '_Py_atomic_store_relaxed'
  253 |     _Py_atomic_store_relaxed(&interp->_finalizing, (uintptr_t)tstate);
      |     ^~~~~~~~~~~~~~~~~~~~~~~~
In file included from ./Include/internal/pycore_runtime.h:21:
./Include/internal/pycore_pymem.h: In function '_PyMem_IsPtrFreed':
./Include/internal/pycore_pymem.h:69:23: warning: cast from pointer to integer of different size [-Wpointer-to-int-cast]
   69 |     uintptr_t value = (uintptr_t)ptr;
      |                       ^
./Include/internal/pycore_runtime.h: In function '_PyRuntimeState_SetFinalizing':
./Include/internal/pycore_runtime.h:220:53: warning: cast from pointer to integer of different size [-Wpointer-to-int-cast]
  220 |     _Py_atomic_store_relaxed(&runtime->_finalizing, (uintptr_t)tstate);
      |                                                     ^
./Include/internal/pycore_atomic.h:550:5: note: in expansion of macro '_Py_atomic_store_explicit'
  550 |     _Py_atomic_store_explicit((ATOMIC_VAL), (NEW_VAL), _Py_memory_order_relaxed)
      |     ^~~~~~~~~~~~~~~~~~~~~~~~~
./Include/internal/pycore_runtime.h:220:5: note: in expansion of macro '_Py_atomic_store_relaxed'
  220 |     _Py_atomic_store_relaxed(&runtime->_finalizing, (uintptr_t)tstate);
      |     ^~~~~~~~~~~~~~~~~~~~~~~~
In file included from Objects/moduleobject.c:7:
./Include/internal/pycore_object.h: In function '_PyObject_GC_TRACK':
./Include/internal/pycore_object.h:227:23: warning: cast to pointer from integer of different size [-Wint-to-pointer-cast]
  227 |     PyGC_Head *last = (PyGC_Head*)(generation0->_gc_prev);
      |                       ^
./Include/internal/pycore_object.h:231:29: warning: cast from pointer to integer of different size [-Wpointer-to-int-cast]
  231 |     generation0->_gc_prev = (uintptr_t)gc;
      |                             ^
./Include/internal/pycore_object.h: In function '_PyDictOrValues_IsValues':
./Include/internal/pycore_object.h:394:13: warning: cast from pointer to integer of different size [-Wpointer-to-int-cast]
  394 |     return ((uintptr_t)dorv.values) & 1;
      |             ^
gcc -c -fno-strict-overflow -Wsign-compare -DNDEBUG -g -O3 -Wall    -std=c11 -Wextra -Wno-unused-parameter -Wno-missing-field-initializers -Wstrict-prototypes -Werror=implicit-function-declaration -fvisibility=hidden -include posixcompat.h -mabi=sysv  -I./Include/internal  -I. -I./Include    -DPy_BUILD_CORE -o Objects/namespaceobject.o Objects/namespaceobject.c
gcc -c -fno-strict-overflow -Wsign-compare -DNDEBUG -g -O3 -Wall    -std=c11 -Wextra -Wno-unused-parameter -Wno-missing-field-initializers -Wstrict-prototypes -Werror=implicit-function-declaration -fvisibility=hidden -include posixcompat.h -mabi=sysv  -I./Include/internal  -I. -I./Include    -DPy_BUILD_CORE -o Objects/object.o Objects/object.c
In file included from ./Include/Python.h:38,
                 from Objects/object.c:4:
./Include/internal/pycore_gc.h: In function '_PyGCHead_NEXT':
./Include/pyport.h:24:31: warning: cast to pointer from integer of different size [-Wint-to-pointer-cast]
   24 | #define _Py_CAST(type, expr) ((type)(expr))
      |                               ^
./Include/internal/pycore_gc.h:60:12: note: in expansion of macro '_Py_CAST'
   60 |     return _Py_CAST(PyGC_Head*, next);
      |            ^~~~~~~~
./Include/internal/pycore_gc.h: In function '_PyGCHead_SET_NEXT':
./Include/pyport.h:24:31: warning: cast from pointer to integer of different size [-Wpointer-to-int-cast]
   24 | #define _Py_CAST(type, expr) ((type)(expr))
      |                               ^
./Include/internal/pycore_gc.h:63:20: note: in expansion of macro '_Py_CAST'
   63 |     gc->_gc_next = _Py_CAST(uintptr_t, next);
      |                    ^~~~~~~~
./Include/internal/pycore_gc.h: In function '_PyGCHead_PREV':
./Include/pyport.h:24:31: warning: cast to pointer from integer of different size [-Wint-to-pointer-cast]
   24 | #define _Py_CAST(type, expr) ((type)(expr))
      |                               ^
./Include/internal/pycore_gc.h:69:12: note: in expansion of macro '_Py_CAST'
   69 |     return _Py_CAST(PyGC_Head*, prev);
      |            ^~~~~~~~
./Include/internal/pycore_gc.h: In function '_PyGCHead_SET_PREV':
./Include/pyport.h:24:31: warning: cast from pointer to integer of different size [-Wpointer-to-int-cast]
   24 | #define _Py_CAST(type, expr) ((type)(expr))
      |                               ^
./Include/internal/pycore_gc.h:72:23: note: in expansion of macro '_Py_CAST'
   72 |     uintptr_t uprev = _Py_CAST(uintptr_t, prev);
      |                       ^~~~~~~~
In file included from ./Include/internal/pycore_atomic.h:15,
                 from ./Include/internal/pycore_runtime.h:12,
                 from ./Include/internal/pycore_pystate.h:11,
                 from ./Include/internal/pycore_call.h:11,
                 from Objects/object.c:5:
./Include/internal/pycore_interp.h: In function '_PyInterpreterState_SetFinalizing':
./Include/internal/pycore_interp.h:253:52: warning: cast from pointer to integer of different size [-Wpointer-to-int-cast]
  253 |     _Py_atomic_store_relaxed(&interp->_finalizing, (uintptr_t)tstate);
      |                                                    ^
./Include/internal/pycore_atomic.h:550:5: note: in expansion of macro '_Py_atomic_store_explicit'
  550 |     _Py_atomic_store_explicit((ATOMIC_VAL), (NEW_VAL), _Py_memory_order_relaxed)
      |     ^~~~~~~~~~~~~~~~~~~~~~~~~
./Include/internal/pycore_interp.h:253:5: note: in expansion of macro '_Py_atomic_store_relaxed'
  253 |     _Py_atomic_store_relaxed(&interp->_finalizing, (uintptr_t)tstate);
      |     ^~~~~~~~~~~~~~~~~~~~~~~~
In file included from ./Include/internal/pycore_runtime.h:21:
./Include/internal/pycore_pymem.h: In function '_PyMem_IsPtrFreed':
./Include/internal/pycore_pymem.h:69:23: warning: cast from pointer to integer of different size [-Wpointer-to-int-cast]
   69 |     uintptr_t value = (uintptr_t)ptr;
      |                       ^
./Include/internal/pycore_runtime.h: In function '_PyRuntimeState_SetFinalizing':
./Include/internal/pycore_runtime.h:220:53: warning: cast from pointer to integer of different size [-Wpointer-to-int-cast]
  220 |     _Py_atomic_store_relaxed(&runtime->_finalizing, (uintptr_t)tstate);
      |                                                     ^
./Include/internal/pycore_atomic.h:550:5: note: in expansion of macro '_Py_atomic_store_explicit'
  550 |     _Py_atomic_store_explicit((ATOMIC_VAL), (NEW_VAL), _Py_memory_order_relaxed)
      |     ^~~~~~~~~~~~~~~~~~~~~~~~~
./Include/internal/pycore_runtime.h:220:5: note: in expansion of macro '_Py_atomic_store_relaxed'
  220 |     _Py_atomic_store_relaxed(&runtime->_finalizing, (uintptr_t)tstate);
      |     ^~~~~~~~~~~~~~~~~~~~~~~~
In file included from Objects/object.c:12:
./Include/internal/pycore_object.h: In function '_PyObject_GC_TRACK':
./Include/internal/pycore_object.h:227:23: warning: cast to pointer from integer of different size [-Wint-to-pointer-cast]
  227 |     PyGC_Head *last = (PyGC_Head*)(generation0->_gc_prev);
      |                       ^
./Include/internal/pycore_object.h:231:29: warning: cast from pointer to integer of different size [-Wpointer-to-int-cast]
  231 |     generation0->_gc_prev = (uintptr_t)gc;
      |                             ^
./Include/internal/pycore_object.h: In function '_PyDictOrValues_IsValues':
./Include/internal/pycore_object.h:394:13: warning: cast from pointer to integer of different size [-Wpointer-to-int-cast]
  394 |     return ((uintptr_t)dorv.values) & 1;
      |             ^
Objects/object.c: In function 'PyObject_Print':
Objects/object.c:431:36: warning: format '%zd' expects argument of type 'signed size_t', but argument 3 has type 'Py_ssize_t' {aka 'int'} [-Wformat=]
  431 |             fprintf(fp, "<refcnt %zd at %p>", Py_REFCNT(op), (void *)op);
      |                                  ~~^
      |                                    |
      |                                    long long int
      |                                  %d
Objects/object.c: In function '_PyObject_Dump':
Objects/object.c:515:42: warning: format '%zd' expects argument of type 'signed size_t', but argument 3 has type 'Py_ssize_t' {aka 'int'} [-Wformat=]
  515 |     fprintf(stderr, "object refcount : %zd\n", Py_REFCNT(op));
      |                                        ~~^
      |                                          |
      |                                          long long int
      |                                        %d
gcc -c -fno-strict-overflow -Wsign-compare -DNDEBUG -g -O3 -Wall    -std=c11 -Wextra -Wno-unused-parameter -Wno-missing-field-initializers -Wstrict-prototypes -Werror=implicit-function-declaration -fvisibility=hidden -include posixcompat.h -mabi=sysv  -I./Include/internal  -I. -I./Include    -DPy_BUILD_CORE -o Objects/obmalloc.o Objects/obmalloc.c
In file included from ./Include/Python.h:38,
                 from Objects/obmalloc.c:3:
./Include/internal/pycore_gc.h: In function '_PyGCHead_NEXT':
./Include/pyport.h:24:31: warning: cast to pointer from integer of different size [-Wint-to-pointer-cast]
   24 | #define _Py_CAST(type, expr) ((type)(expr))
      |                               ^
./Include/internal/pycore_gc.h:60:12: note: in expansion of macro '_Py_CAST'
   60 |     return _Py_CAST(PyGC_Head*, next);
      |            ^~~~~~~~
./Include/internal/pycore_gc.h: In function '_PyGCHead_SET_NEXT':
./Include/pyport.h:24:31: warning: cast from pointer to integer of different size [-Wpointer-to-int-cast]
   24 | #define _Py_CAST(type, expr) ((type)(expr))
      |                               ^
./Include/internal/pycore_gc.h:63:20: note: in expansion of macro '_Py_CAST'
   63 |     gc->_gc_next = _Py_CAST(uintptr_t, next);
      |                    ^~~~~~~~
./Include/internal/pycore_gc.h: In function '_PyGCHead_PREV':
./Include/pyport.h:24:31: warning: cast to pointer from integer of different size [-Wint-to-pointer-cast]
   24 | #define _Py_CAST(type, expr) ((type)(expr))
      |                               ^
./Include/internal/pycore_gc.h:69:12: note: in expansion of macro '_Py_CAST'
   69 |     return _Py_CAST(PyGC_Head*, prev);
      |            ^~~~~~~~
./Include/internal/pycore_gc.h: In function '_PyGCHead_SET_PREV':
./Include/pyport.h:24:31: warning: cast from pointer to integer of different size [-Wpointer-to-int-cast]
   24 | #define _Py_CAST(type, expr) ((type)(expr))
      |                               ^
./Include/internal/pycore_gc.h:72:23: note: in expansion of macro '_Py_CAST'
   72 |     uintptr_t uprev = _Py_CAST(uintptr_t, prev);
      |                       ^~~~~~~~
In file included from ./Include/internal/pycore_atomic.h:15,
                 from ./Include/internal/pycore_runtime.h:12,
                 from ./Include/internal/pycore_pystate.h:11,
                 from Objects/obmalloc.c:5:
./Include/internal/pycore_interp.h: In function '_PyInterpreterState_SetFinalizing':
./Include/internal/pycore_interp.h:253:52: warning: cast from pointer to integer of different size [-Wpointer-to-int-cast]
  253 |     _Py_atomic_store_relaxed(&interp->_finalizing, (uintptr_t)tstate);
      |                                                    ^
./Include/internal/pycore_atomic.h:550:5: note: in expansion of macro '_Py_atomic_store_explicit'
  550 |     _Py_atomic_store_explicit((ATOMIC_VAL), (NEW_VAL), _Py_memory_order_relaxed)
      |     ^~~~~~~~~~~~~~~~~~~~~~~~~
./Include/internal/pycore_interp.h:253:5: note: in expansion of macro '_Py_atomic_store_relaxed'
  253 |     _Py_atomic_store_relaxed(&interp->_finalizing, (uintptr_t)tstate);
      |     ^~~~~~~~~~~~~~~~~~~~~~~~
In file included from ./Include/internal/pycore_runtime.h:21:
./Include/internal/pycore_pymem.h: In function '_PyMem_IsPtrFreed':
./Include/internal/pycore_pymem.h:69:23: warning: cast from pointer to integer of different size [-Wpointer-to-int-cast]
   69 |     uintptr_t value = (uintptr_t)ptr;
      |                       ^
./Include/internal/pycore_runtime.h: In function '_PyRuntimeState_SetFinalizing':
./Include/internal/pycore_runtime.h:220:53: warning: cast from pointer to integer of different size [-Wpointer-to-int-cast]
  220 |     _Py_atomic_store_relaxed(&runtime->_finalizing, (uintptr_t)tstate);
      |                                                     ^
./Include/internal/pycore_atomic.h:550:5: note: in expansion of macro '_Py_atomic_store_explicit'
  550 |     _Py_atomic_store_explicit((ATOMIC_VAL), (NEW_VAL), _Py_memory_order_relaxed)
      |     ^~~~~~~~~~~~~~~~~~~~~~~~~
./Include/internal/pycore_runtime.h:220:5: note: in expansion of macro '_Py_atomic_store_relaxed'
  220 |     _Py_atomic_store_relaxed(&runtime->_finalizing, (uintptr_t)tstate);
      |     ^~~~~~~~~~~~~~~~~~~~~~~~
In file included from ./Include/Python.h:39:
Objects/obmalloc.c: In function '_PyInterpreterState_GetAllocatedBlocks':
./Include/pymacro.h:109:29: warning: cast to pointer from integer of different size [-Wint-to-pointer-cast]
  109 | #define _Py_ALIGN_UP(p, a) ((void *)(((uintptr_t)(p) + \
      |                             ^
Objects/obmalloc.c:906:37: note: in expansion of macro '_Py_ALIGN_UP'
  906 |         uintptr_t base = (uintptr_t)_Py_ALIGN_UP(allarenas[i].address, POOL_SIZE);
      |                                     ^~~~~~~~~~~~
Objects/obmalloc.c:906:26: warning: cast from pointer to integer of different size [-Wpointer-to-int-cast]
  906 |         uintptr_t base = (uintptr_t)_Py_ALIGN_UP(allarenas[i].address, POOL_SIZE);
      |                          ^
Objects/obmalloc.c:910:23: warning: cast from pointer to integer of different size [-Wpointer-to-int-cast]
  910 |         for (; base < (uintptr_t) allarenas[i].pool_address; base += POOL_SIZE) {
      |                       ^
Objects/obmalloc.c:911:23: warning: cast to pointer from integer of different size [-Wint-to-pointer-cast]
  911 |             poolp p = (poolp)base;
      |                       ^
In file included from ./Include/internal/pycore_interp.h:31,
                 from ./Include/internal/pycore_runtime.h:18:
Objects/obmalloc.c: In function 'arena_map_get':
./Include/internal/pycore_obmalloc.h:602:21: warning: cast from pointer to integer of different size [-Wpointer-to-int-cast]
  602 | #define AS_UINT(p) ((uintptr_t)(p))
      |                     ^
./Include/internal/pycore_obmalloc.h:605:28: note: in expansion of macro 'AS_UINT'
  605 | #define MAP_TOP_INDEX(p) ((AS_UINT(p) >> MAP_TOP_SHIFT) & MAP_TOP_MASK)
      |                            ^~~~~~~
Objects/obmalloc.c:1016:14: note: in expansion of macro 'MAP_TOP_INDEX'
 1016 |     int i1 = MAP_TOP_INDEX(p);
      |              ^~~~~~~~~~~~~
./Include/internal/pycore_obmalloc.h:605:39: warning: right shift count >= width of type [-Wshift-count-overflow]
  605 | #define MAP_TOP_INDEX(p) ((AS_UINT(p) >> MAP_TOP_SHIFT) & MAP_TOP_MASK)
      |                                       ^~
Objects/obmalloc.c:1016:14: note: in expansion of macro 'MAP_TOP_INDEX'
 1016 |     int i1 = MAP_TOP_INDEX(p);
      |              ^~~~~~~~~~~~~
./Include/internal/pycore_obmalloc.h:602:21: warning: cast from pointer to integer of different size [-Wpointer-to-int-cast]
  602 | #define AS_UINT(p) ((uintptr_t)(p))
      |                     ^
./Include/internal/pycore_obmalloc.h:604:28: note: in expansion of macro 'AS_UINT'
  604 | #define MAP_MID_INDEX(p) ((AS_UINT(p) >> MAP_MID_SHIFT) & MAP_MID_MASK)
      |                            ^~~~~~~
Objects/obmalloc.c:1028:14: note: in expansion of macro 'MAP_MID_INDEX'
 1028 |     int i2 = MAP_MID_INDEX(p);
      |              ^~~~~~~~~~~~~
./Include/internal/pycore_obmalloc.h:604:39: warning: right shift count >= width of type [-Wshift-count-overflow]
  604 | #define MAP_MID_INDEX(p) ((AS_UINT(p) >> MAP_MID_SHIFT) & MAP_MID_MASK)
      |                                       ^~
Objects/obmalloc.c:1028:14: note: in expansion of macro 'MAP_MID_INDEX'
 1028 |     int i2 = MAP_MID_INDEX(p);
      |              ^~~~~~~~~~~~~
Objects/obmalloc.c: In function 'arena_map_mark_used':
Objects/obmalloc.c:1077:20: warning: cast to pointer from integer of different size [-Wint-to-pointer-cast]
 1077 |             state, (pymem_block *)arena_base, is_used);
      |                    ^
Objects/obmalloc.c:1082:28: warning: cast to pointer from integer of different size [-Wint-to-pointer-cast]
 1082 |     int i3 = MAP_BOT_INDEX((pymem_block *)arena_base);
      |                            ^
./Include/internal/pycore_obmalloc.h:602:33: note: in definition of macro 'AS_UINT'
  602 | #define AS_UINT(p) ((uintptr_t)(p))
      |                                 ^
Objects/obmalloc.c:1082:14: note: in expansion of macro 'MAP_BOT_INDEX'
 1082 |     int i3 = MAP_BOT_INDEX((pymem_block *)arena_base);
      |              ^~~~~~~~~~~~~
./Include/internal/pycore_obmalloc.h:602:21: warning: cast from pointer to integer of different size [-Wpointer-to-int-cast]
  602 | #define AS_UINT(p) ((uintptr_t)(p))
      |                     ^
./Include/internal/pycore_obmalloc.h:603:28: note: in expansion of macro 'AS_UINT'
  603 | #define MAP_BOT_INDEX(p) ((AS_UINT(p) >> MAP_BOT_SHIFT) & MAP_BOT_MASK)
      |                            ^~~~~~~
Objects/obmalloc.c:1082:14: note: in expansion of macro 'MAP_BOT_INDEX'
 1082 |     int i3 = MAP_BOT_INDEX((pymem_block *)arena_base);
      |              ^~~~~~~~~~~~~
Objects/obmalloc.c:1103:24: warning: cast to pointer from integer of different size [-Wint-to-pointer-cast]
 1103 |                 state, (pymem_block *)arena_base_next, is_used);
      |                        ^
Objects/obmalloc.c: In function 'arena_map_is_used':
./Include/internal/pycore_obmalloc.h:602:21: warning: cast from pointer to integer of different size [-Wpointer-to-int-cast]
  602 | #define AS_UINT(p) ((uintptr_t)(p))
      |                     ^
./Include/internal/pycore_obmalloc.h:603:28: note: in expansion of macro 'AS_UINT'
  603 | #define MAP_BOT_INDEX(p) ((AS_UINT(p) >> MAP_BOT_SHIFT) & MAP_BOT_MASK)
      |                            ^~~~~~~
Objects/obmalloc.c:1124:14: note: in expansion of macro 'MAP_BOT_INDEX'
 1124 |     int i3 = MAP_BOT_INDEX(p);
      |              ^~~~~~~~~~~~~
./Include/internal/pycore_obmalloc.h:602:21: warning: cast from pointer to integer of different size [-Wpointer-to-int-cast]
  602 | #define AS_UINT(p) ((uintptr_t)(p))
      |                     ^
Objects/obmalloc.c:1128:30: note: in expansion of macro 'AS_UINT'
 1128 |     int32_t tail = (int32_t)(AS_UINT(p) & ARENA_SIZE_MASK);
      |                              ^~~~~~~
Objects/obmalloc.c: In function 'new_arena':
Objects/obmalloc.c:1209:41: warning: cast from pointer to integer of different size [-Wpointer-to-int-cast]
 1209 |         if (!arena_map_mark_used(state, (uintptr_t)address, 1)) {
      |                                         ^
Objects/obmalloc.c:1224:25: warning: cast from pointer to integer of different size [-Wpointer-to-int-cast]
 1224 |     arenaobj->address = (uintptr_t)address;
      |                         ^
Objects/obmalloc.c:1233:30: warning: cast to pointer from integer of different size [-Wint-to-pointer-cast]
 1233 |     arenaobj->pool_address = (pymem_block*)arenaobj->address;
      |                              ^
Objects/obmalloc.c: In function 'insert_to_freepool':
Objects/obmalloc.c:1703:30: warning: cast to pointer from integer of different size [-Wint-to-pointer-cast]
 1703 |                              (void *)ao->address, ARENA_SIZE);
      |                              ^
Objects/obmalloc.c: In function 'pymalloc_free':
./Include/pymacro.h:107:40: warning: cast from pointer to integer of different size [-Wpointer-to-int-cast]
  107 | #define _Py_ALIGN_DOWN(p, a) ((void *)((uintptr_t)(p) & ~(uintptr_t)((a) - 1)))
      |                                        ^
./Include/internal/pycore_obmalloc.h:314:30: note: in expansion of macro '_Py_ALIGN_DOWN'
  314 | #define POOL_ADDR(P) ((poolp)_Py_ALIGN_DOWN((P), POOL_SIZE))
      |                              ^~~~~~~~~~~~~~
Objects/obmalloc.c:1795:18: note: in expansion of macro 'POOL_ADDR'
 1795 |     poolp pool = POOL_ADDR(p);
      |                  ^~~~~~~~~
./Include/pymacro.h:107:31: warning: cast to pointer from integer of different size [-Wint-to-pointer-cast]
  107 | #define _Py_ALIGN_DOWN(p, a) ((void *)((uintptr_t)(p) & ~(uintptr_t)((a) - 1)))
      |                               ^
./Include/internal/pycore_obmalloc.h:314:30: note: in expansion of macro '_Py_ALIGN_DOWN'
  314 | #define POOL_ADDR(P) ((poolp)_Py_ALIGN_DOWN((P), POOL_SIZE))
      |                              ^~~~~~~~~~~~~~
Objects/obmalloc.c:1795:18: note: in expansion of macro 'POOL_ADDR'
 1795 |     poolp pool = POOL_ADDR(p);
      |                  ^~~~~~~~~
Objects/obmalloc.c: In function 'pymalloc_realloc':
./Include/pymacro.h:107:40: warning: cast from pointer to integer of different size [-Wpointer-to-int-cast]
  107 | #define _Py_ALIGN_DOWN(p, a) ((void *)((uintptr_t)(p) & ~(uintptr_t)((a) - 1)))
      |                                        ^
./Include/internal/pycore_obmalloc.h:314:30: note: in expansion of macro '_Py_ALIGN_DOWN'
  314 | #define POOL_ADDR(P) ((poolp)_Py_ALIGN_DOWN((P), POOL_SIZE))
      |                              ^~~~~~~~~~~~~~
Objects/obmalloc.c:1885:12: note: in expansion of macro 'POOL_ADDR'
 1885 |     pool = POOL_ADDR(p);
      |            ^~~~~~~~~
./Include/pymacro.h:107:31: warning: cast to pointer from integer of different size [-Wint-to-pointer-cast]
  107 | #define _Py_ALIGN_DOWN(p, a) ((void *)((uintptr_t)(p) & ~(uintptr_t)((a) - 1)))
      |                               ^
./Include/internal/pycore_obmalloc.h:314:30: note: in expansion of macro '_Py_ALIGN_DOWN'
  314 | #define POOL_ADDR(P) ((poolp)_Py_ALIGN_DOWN((P), POOL_SIZE))
      |                              ^~~~~~~~~~~~~~
Objects/obmalloc.c:1885:12: note: in expansion of macro 'POOL_ADDR'
 1885 |     pool = POOL_ADDR(p);
      |            ^~~~~~~~~
Objects/obmalloc.c: In function '_PyObject_DebugDumpAddress':
Objects/obmalloc.c:2374:28: warning: format '%zu' expects argument of type 'size_t', but argument 3 has type 'unsigned int' [-Wformat=]
 2374 |     fprintf(stderr, "    %zu bytes originally requested\n", nbytes);
      |                          ~~^                                ~~~~~~
      |                            |                                |
      |                            long long unsigned int           unsigned int
      |                          %u
Objects/obmalloc.c: In function '_PyDebugAllocatorStats':
Objects/obmalloc.c:2507:30: warning: unknown conversion type character 'z' in format [-Wformat=]
 2507 |                   "%d %ss * %zd bytes each",
      |                              ^
Objects/obmalloc.c:2507:19: warning: too many arguments for format [-Wformat-extra-args]
 2507 |                   "%d %ss * %zd bytes each",
      |                   ^~~~~~~~~~~~~~~~~~~~~~~~~
Objects/obmalloc.c: In function '_PyObject_DebugMallocStats':
Objects/obmalloc.c:2594:37: warning: cast from pointer to integer of different size [-Wpointer-to-int-cast]
 2594 |         if (allarenas[i].address == (uintptr_t)NULL)
      |                                     ^
Objects/obmalloc.c:2609:23: warning: cast from pointer to integer of different size [-Wpointer-to-int-cast]
 2609 |         for (; base < (uintptr_t) allarenas[i].pool_address; base += POOL_SIZE) {
      |                       ^
Objects/obmalloc.c:2610:23: warning: cast to pointer from integer of different size [-Wint-to-pointer-cast]
 2610 |             poolp p = (poolp)base;
      |                       ^
Objects/obmalloc.c:2647:35: warning: format '%zu' expects argument of type 'size_t', but argument 5 has type 'unsigned int' [-Wformat=]
 2647 |         fprintf(out, "%5u %6u %11zu %15zu %13zu\n",
      |                               ~~~~^
      |                                   |
      |                                   long long unsigned int
      |                               %11u
 2648 |                 i, size, p, b, f);
      |                          ~         
      |                          |
      |                          unsigned int
Objects/obmalloc.c:2647:41: warning: format '%zu' expects argument of type 'size_t', but argument 6 has type 'unsigned int' [-Wformat=]
 2647 |         fprintf(out, "%5u %6u %11zu %15zu %13zu\n",
      |                                     ~~~~^
      |                                         |
      |                                         long long unsigned int
      |                                     %15u
 2648 |                 i, size, p, b, f);
      |                             ~            
      |                             |
      |                             unsigned int
Objects/obmalloc.c:2647:47: warning: format '%zu' expects argument of type 'size_t', but argument 7 has type 'unsigned int' [-Wformat=]
 2647 |         fprintf(out, "%5u %6u %11zu %15zu %13zu\n",
      |                                           ~~~~^
      |                                               |
      |                                               long long unsigned int
      |                                           %13u
 2648 |                 i, size, p, b, f);
      |                                ~               
      |                                |
      |                                unsigned int
Objects/obmalloc.c:2666:21: warning: unknown conversion type character 'z' in format [-Wformat=]
 2666 |                   "%zu arenas * %d bytes/arena",
      |                     ^
Objects/obmalloc.c:2666:19: warning: too many arguments for format [-Wformat-extra-args]
 2666 |                   "%zu arenas * %d bytes/arena",
      |                   ^~~~~~~~~~~~~~~~~~~~~~~~~~~~~
gcc -c -fno-strict-overflow -Wsign-compare -DNDEBUG -g -O3 -Wall    -std=c11 -Wextra -Wno-unused-parameter -Wno-missing-field-initializers -Wstrict-prototypes -Werror=implicit-function-declaration -fvisibility=hidden -include posixcompat.h -mabi=sysv  -I./Include/internal  -I. -I./Include    -DPy_BUILD_CORE -o Objects/picklebufobject.o Objects/picklebufobject.c
gcc -c -fno-strict-overflow -Wsign-compare -DNDEBUG -g -O3 -Wall    -std=c11 -Wextra -Wno-unused-parameter -Wno-missing-field-initializers -Wstrict-prototypes -Werror=implicit-function-declaration -fvisibility=hidden -include posixcompat.h -mabi=sysv  -I./Include/internal  -I. -I./Include    -DPy_BUILD_CORE -o Objects/rangeobject.o Objects/rangeobject.c
In file included from ./Include/Python.h:38,
                 from Objects/rangeobject.c:3:
./Include/internal/pycore_gc.h: In function '_PyGCHead_NEXT':
./Include/pyport.h:24:31: warning: cast to pointer from integer of different size [-Wint-to-pointer-cast]
   24 | #define _Py_CAST(type, expr) ((type)(expr))
      |                               ^
./Include/internal/pycore_gc.h:60:12: note: in expansion of macro '_Py_CAST'
   60 |     return _Py_CAST(PyGC_Head*, next);
      |            ^~~~~~~~
./Include/internal/pycore_gc.h: In function '_PyGCHead_SET_NEXT':
./Include/pyport.h:24:31: warning: cast from pointer to integer of different size [-Wpointer-to-int-cast]
   24 | #define _Py_CAST(type, expr) ((type)(expr))
      |                               ^
./Include/internal/pycore_gc.h:63:20: note: in expansion of macro '_Py_CAST'
   63 |     gc->_gc_next = _Py_CAST(uintptr_t, next);
      |                    ^~~~~~~~
./Include/internal/pycore_gc.h: In function '_PyGCHead_PREV':
./Include/pyport.h:24:31: warning: cast to pointer from integer of different size [-Wint-to-pointer-cast]
   24 | #define _Py_CAST(type, expr) ((type)(expr))
      |                               ^
./Include/internal/pycore_gc.h:69:12: note: in expansion of macro '_Py_CAST'
   69 |     return _Py_CAST(PyGC_Head*, prev);
      |            ^~~~~~~~
./Include/internal/pycore_gc.h: In function '_PyGCHead_SET_PREV':
./Include/pyport.h:24:31: warning: cast from pointer to integer of different size [-Wpointer-to-int-cast]
   24 | #define _Py_CAST(type, expr) ((type)(expr))
      |                               ^
./Include/internal/pycore_gc.h:72:23: note: in expansion of macro '_Py_CAST'
   72 |     uintptr_t uprev = _Py_CAST(uintptr_t, prev);
      |                       ^~~~~~~~
In file included from ./Include/internal/pycore_atomic.h:15,
                 from ./Include/internal/pycore_runtime.h:12,
                 from ./Include/internal/pycore_long.h:12,
                 from Objects/rangeobject.c:6:
./Include/internal/pycore_interp.h: In function '_PyInterpreterState_SetFinalizing':
./Include/internal/pycore_interp.h:253:52: warning: cast from pointer to integer of different size [-Wpointer-to-int-cast]
  253 |     _Py_atomic_store_relaxed(&interp->_finalizing, (uintptr_t)tstate);
      |                                                    ^
./Include/internal/pycore_atomic.h:550:5: note: in expansion of macro '_Py_atomic_store_explicit'
  550 |     _Py_atomic_store_explicit((ATOMIC_VAL), (NEW_VAL), _Py_memory_order_relaxed)
      |     ^~~~~~~~~~~~~~~~~~~~~~~~~
./Include/internal/pycore_interp.h:253:5: note: in expansion of macro '_Py_atomic_store_relaxed'
  253 |     _Py_atomic_store_relaxed(&interp->_finalizing, (uintptr_t)tstate);
      |     ^~~~~~~~~~~~~~~~~~~~~~~~
In file included from ./Include/internal/pycore_runtime.h:21:
./Include/internal/pycore_pymem.h: In function '_PyMem_IsPtrFreed':
./Include/internal/pycore_pymem.h:69:23: warning: cast from pointer to integer of different size [-Wpointer-to-int-cast]
   69 |     uintptr_t value = (uintptr_t)ptr;
      |                       ^
./Include/internal/pycore_runtime.h: In function '_PyRuntimeState_SetFinalizing':
./Include/internal/pycore_runtime.h:220:53: warning: cast from pointer to integer of different size [-Wpointer-to-int-cast]
  220 |     _Py_atomic_store_relaxed(&runtime->_finalizing, (uintptr_t)tstate);
      |                                                     ^
./Include/internal/pycore_atomic.h:550:5: note: in expansion of macro '_Py_atomic_store_explicit'
  550 |     _Py_atomic_store_explicit((ATOMIC_VAL), (NEW_VAL), _Py_memory_order_relaxed)
      |     ^~~~~~~~~~~~~~~~~~~~~~~~~
./Include/internal/pycore_runtime.h:220:5: note: in expansion of macro '_Py_atomic_store_relaxed'
  220 |     _Py_atomic_store_relaxed(&runtime->_finalizing, (uintptr_t)tstate);
      |     ^~~~~~~~~~~~~~~~~~~~~~~~
gcc -c -fno-strict-overflow -Wsign-compare -DNDEBUG -g -O3 -Wall    -std=c11 -Wextra -Wno-unused-parameter -Wno-missing-field-initializers -Wstrict-prototypes -Werror=implicit-function-declaration -fvisibility=hidden -include posixcompat.h -mabi=sysv  -I./Include/internal  -I. -I./Include    -DPy_BUILD_CORE -o Objects/setobject.o Objects/setobject.c
In file included from ./Include/Python.h:38,
                 from Objects/setobject.c:34:
./Include/internal/pycore_gc.h: In function '_PyGCHead_NEXT':
./Include/pyport.h:24:31: warning: cast to pointer from integer of different size [-Wint-to-pointer-cast]
   24 | #define _Py_CAST(type, expr) ((type)(expr))
      |                               ^
./Include/internal/pycore_gc.h:60:12: note: in expansion of macro '_Py_CAST'
   60 |     return _Py_CAST(PyGC_Head*, next);
      |            ^~~~~~~~
./Include/internal/pycore_gc.h: In function '_PyGCHead_SET_NEXT':
./Include/pyport.h:24:31: warning: cast from pointer to integer of different size [-Wpointer-to-int-cast]
   24 | #define _Py_CAST(type, expr) ((type)(expr))
      |                               ^
./Include/internal/pycore_gc.h:63:20: note: in expansion of macro '_Py_CAST'
   63 |     gc->_gc_next = _Py_CAST(uintptr_t, next);
      |                    ^~~~~~~~
./Include/internal/pycore_gc.h: In function '_PyGCHead_PREV':
./Include/pyport.h:24:31: warning: cast to pointer from integer of different size [-Wint-to-pointer-cast]
   24 | #define _Py_CAST(type, expr) ((type)(expr))
      |                               ^
./Include/internal/pycore_gc.h:69:12: note: in expansion of macro '_Py_CAST'
   69 |     return _Py_CAST(PyGC_Head*, prev);
      |            ^~~~~~~~
./Include/internal/pycore_gc.h: In function '_PyGCHead_SET_PREV':
./Include/pyport.h:24:31: warning: cast from pointer to integer of different size [-Wpointer-to-int-cast]
   24 | #define _Py_CAST(type, expr) ((type)(expr))
      |                               ^
./Include/internal/pycore_gc.h:72:23: note: in expansion of macro '_Py_CAST'
   72 |     uintptr_t uprev = _Py_CAST(uintptr_t, prev);
      |                       ^~~~~~~~
In file included from ./Include/internal/pycore_atomic.h:15,
                 from ./Include/internal/pycore_interp.h:15,
                 from ./Include/internal/pycore_object.h:13,
                 from Objects/setobject.c:35:
./Include/internal/pycore_interp.h: In function '_PyInterpreterState_SetFinalizing':
./Include/internal/pycore_interp.h:253:52: warning: cast from pointer to integer of different size [-Wpointer-to-int-cast]
  253 |     _Py_atomic_store_relaxed(&interp->_finalizing, (uintptr_t)tstate);
      |                                                    ^
./Include/internal/pycore_atomic.h:550:5: note: in expansion of macro '_Py_atomic_store_explicit'
  550 |     _Py_atomic_store_explicit((ATOMIC_VAL), (NEW_VAL), _Py_memory_order_relaxed)
      |     ^~~~~~~~~~~~~~~~~~~~~~~~~
./Include/internal/pycore_interp.h:253:5: note: in expansion of macro '_Py_atomic_store_relaxed'
  253 |     _Py_atomic_store_relaxed(&interp->_finalizing, (uintptr_t)tstate);
      |     ^~~~~~~~~~~~~~~~~~~~~~~~
In file included from ./Include/internal/pycore_runtime.h:21,
                 from ./Include/internal/pycore_pystate.h:11,
                 from ./Include/internal/pycore_object.h:14:
./Include/internal/pycore_pymem.h: In function '_PyMem_IsPtrFreed':
./Include/internal/pycore_pymem.h:69:23: warning: cast from pointer to integer of different size [-Wpointer-to-int-cast]
   69 |     uintptr_t value = (uintptr_t)ptr;
      |                       ^
./Include/internal/pycore_runtime.h: In function '_PyRuntimeState_SetFinalizing':
./Include/internal/pycore_runtime.h:220:53: warning: cast from pointer to integer of different size [-Wpointer-to-int-cast]
  220 |     _Py_atomic_store_relaxed(&runtime->_finalizing, (uintptr_t)tstate);
      |                                                     ^
./Include/internal/pycore_atomic.h:550:5: note: in expansion of macro '_Py_atomic_store_explicit'
  550 |     _Py_atomic_store_explicit((ATOMIC_VAL), (NEW_VAL), _Py_memory_order_relaxed)
      |     ^~~~~~~~~~~~~~~~~~~~~~~~~
./Include/internal/pycore_runtime.h:220:5: note: in expansion of macro '_Py_atomic_store_relaxed'
  220 |     _Py_atomic_store_relaxed(&runtime->_finalizing, (uintptr_t)tstate);
      |     ^~~~~~~~~~~~~~~~~~~~~~~~
./Include/internal/pycore_object.h: In function '_PyObject_GC_TRACK':
./Include/internal/pycore_object.h:227:23: warning: cast to pointer from integer of different size [-Wint-to-pointer-cast]
  227 |     PyGC_Head *last = (PyGC_Head*)(generation0->_gc_prev);
      |                       ^
./Include/internal/pycore_object.h:231:29: warning: cast from pointer to integer of different size [-Wpointer-to-int-cast]
  231 |     generation0->_gc_prev = (uintptr_t)gc;
      |                             ^
./Include/internal/pycore_object.h: In function '_PyDictOrValues_IsValues':
./Include/internal/pycore_object.h:394:13: warning: cast from pointer to integer of different size [-Wpointer-to-int-cast]
  394 |     return ((uintptr_t)dorv.values) & 1;
      |             ^
gcc -c -fno-strict-overflow -Wsign-compare -DNDEBUG -g -O3 -Wall    -std=c11 -Wextra -Wno-unused-parameter -Wno-missing-field-initializers -Wstrict-prototypes -Werror=implicit-function-declaration -fvisibility=hidden -include posixcompat.h -mabi=sysv  -I./Include/internal  -I. -I./Include    -DPy_BUILD_CORE -o Objects/sliceobject.o Objects/sliceobject.c
In file included from ./Include/Python.h:38,
                 from Objects/sliceobject.c:16:
./Include/internal/pycore_gc.h: In function '_PyGCHead_NEXT':
./Include/pyport.h:24:31: warning: cast to pointer from integer of different size [-Wint-to-pointer-cast]
   24 | #define _Py_CAST(type, expr) ((type)(expr))
      |                               ^
./Include/internal/pycore_gc.h:60:12: note: in expansion of macro '_Py_CAST'
   60 |     return _Py_CAST(PyGC_Head*, next);
      |            ^~~~~~~~
./Include/internal/pycore_gc.h: In function '_PyGCHead_SET_NEXT':
./Include/pyport.h:24:31: warning: cast from pointer to integer of different size [-Wpointer-to-int-cast]
   24 | #define _Py_CAST(type, expr) ((type)(expr))
      |                               ^
./Include/internal/pycore_gc.h:63:20: note: in expansion of macro '_Py_CAST'
   63 |     gc->_gc_next = _Py_CAST(uintptr_t, next);
      |                    ^~~~~~~~
./Include/internal/pycore_gc.h: In function '_PyGCHead_PREV':
./Include/pyport.h:24:31: warning: cast to pointer from integer of different size [-Wint-to-pointer-cast]
   24 | #define _Py_CAST(type, expr) ((type)(expr))
      |                               ^
./Include/internal/pycore_gc.h:69:12: note: in expansion of macro '_Py_CAST'
   69 |     return _Py_CAST(PyGC_Head*, prev);
      |            ^~~~~~~~
./Include/internal/pycore_gc.h: In function '_PyGCHead_SET_PREV':
./Include/pyport.h:24:31: warning: cast from pointer to integer of different size [-Wpointer-to-int-cast]
   24 | #define _Py_CAST(type, expr) ((type)(expr))
      |                               ^
./Include/internal/pycore_gc.h:72:23: note: in expansion of macro '_Py_CAST'
   72 |     uintptr_t uprev = _Py_CAST(uintptr_t, prev);
      |                       ^~~~~~~~
In file included from ./Include/internal/pycore_atomic.h:15,
                 from ./Include/internal/pycore_runtime.h:12,
                 from ./Include/internal/pycore_long.h:12,
                 from Objects/sliceobject.c:18:
./Include/internal/pycore_interp.h: In function '_PyInterpreterState_SetFinalizing':
./Include/internal/pycore_interp.h:253:52: warning: cast from pointer to integer of different size [-Wpointer-to-int-cast]
  253 |     _Py_atomic_store_relaxed(&interp->_finalizing, (uintptr_t)tstate);
      |                                                    ^
./Include/internal/pycore_atomic.h:550:5: note: in expansion of macro '_Py_atomic_store_explicit'
  550 |     _Py_atomic_store_explicit((ATOMIC_VAL), (NEW_VAL), _Py_memory_order_relaxed)
      |     ^~~~~~~~~~~~~~~~~~~~~~~~~
./Include/internal/pycore_interp.h:253:5: note: in expansion of macro '_Py_atomic_store_relaxed'
  253 |     _Py_atomic_store_relaxed(&interp->_finalizing, (uintptr_t)tstate);
      |     ^~~~~~~~~~~~~~~~~~~~~~~~
In file included from ./Include/internal/pycore_runtime.h:21:
./Include/internal/pycore_pymem.h: In function '_PyMem_IsPtrFreed':
./Include/internal/pycore_pymem.h:69:23: warning: cast from pointer to integer of different size [-Wpointer-to-int-cast]
   69 |     uintptr_t value = (uintptr_t)ptr;
      |                       ^
./Include/internal/pycore_runtime.h: In function '_PyRuntimeState_SetFinalizing':
./Include/internal/pycore_runtime.h:220:53: warning: cast from pointer to integer of different size [-Wpointer-to-int-cast]
  220 |     _Py_atomic_store_relaxed(&runtime->_finalizing, (uintptr_t)tstate);
      |                                                     ^
./Include/internal/pycore_atomic.h:550:5: note: in expansion of macro '_Py_atomic_store_explicit'
  550 |     _Py_atomic_store_explicit((ATOMIC_VAL), (NEW_VAL), _Py_memory_order_relaxed)
      |     ^~~~~~~~~~~~~~~~~~~~~~~~~
./Include/internal/pycore_runtime.h:220:5: note: in expansion of macro '_Py_atomic_store_relaxed'
  220 |     _Py_atomic_store_relaxed(&runtime->_finalizing, (uintptr_t)tstate);
      |     ^~~~~~~~~~~~~~~~~~~~~~~~
In file included from Objects/sliceobject.c:19:
./Include/internal/pycore_object.h: In function '_PyObject_GC_TRACK':
./Include/internal/pycore_object.h:227:23: warning: cast to pointer from integer of different size [-Wint-to-pointer-cast]
  227 |     PyGC_Head *last = (PyGC_Head*)(generation0->_gc_prev);
      |                       ^
./Include/internal/pycore_object.h:231:29: warning: cast from pointer to integer of different size [-Wpointer-to-int-cast]
  231 |     generation0->_gc_prev = (uintptr_t)gc;
      |                             ^
./Include/internal/pycore_object.h: In function '_PyDictOrValues_IsValues':
./Include/internal/pycore_object.h:394:13: warning: cast from pointer to integer of different size [-Wpointer-to-int-cast]
  394 |     return ((uintptr_t)dorv.values) & 1;
      |             ^
Objects/sliceobject.c: In function 'slicehash':
Objects/sliceobject.c:647:45: warning: right shift count >= width of type [-Wshift-count-overflow]
  647 | #define _PyHASH_XXROTATE(x) ((x << 31) | (x >> 33))  /* Rotate left 31 bits */
      |                                             ^~
Objects/sliceobject.c:665:11: note: in expansion of macro '_PyHASH_XXROTATE'
  665 |     acc = _PyHASH_XXROTATE(acc); \
      |           ^~~~~~~~~~~~~~~~
Objects/sliceobject.c:668:5: note: in expansion of macro '_PyHASH_SLICE_PART'
  668 |     _PyHASH_SLICE_PART(start);
      |     ^~~~~~~~~~~~~~~~~~
Objects/sliceobject.c:647:45: warning: right shift count >= width of type [-Wshift-count-overflow]
  647 | #define _PyHASH_XXROTATE(x) ((x << 31) | (x >> 33))  /* Rotate left 31 bits */
      |                                             ^~
Objects/sliceobject.c:665:11: note: in expansion of macro '_PyHASH_XXROTATE'
  665 |     acc = _PyHASH_XXROTATE(acc); \
      |           ^~~~~~~~~~~~~~~~
Objects/sliceobject.c:669:5: note: in expansion of macro '_PyHASH_SLICE_PART'
  669 |     _PyHASH_SLICE_PART(stop);
      |     ^~~~~~~~~~~~~~~~~~
Objects/sliceobject.c:647:45: warning: right shift count >= width of type [-Wshift-count-overflow]
  647 | #define _PyHASH_XXROTATE(x) ((x << 31) | (x >> 33))  /* Rotate left 31 bits */
      |                                             ^~
Objects/sliceobject.c:665:11: note: in expansion of macro '_PyHASH_XXROTATE'
  665 |     acc = _PyHASH_XXROTATE(acc); \
      |           ^~~~~~~~~~~~~~~~
Objects/sliceobject.c:670:5: note: in expansion of macro '_PyHASH_SLICE_PART'
  670 |     _PyHASH_SLICE_PART(step);
      |     ^~~~~~~~~~~~~~~~~~
gcc -c -fno-strict-overflow -Wsign-compare -DNDEBUG -g -O3 -Wall    -std=c11 -Wextra -Wno-unused-parameter -Wno-missing-field-initializers -Wstrict-prototypes -Werror=implicit-function-declaration -fvisibility=hidden -include posixcompat.h -mabi=sysv  -I./Include/internal  -I. -I./Include    -DPy_BUILD_CORE -o Objects/structseq.o Objects/structseq.c
In file included from ./Include/Python.h:38,
                 from Objects/structseq.c:10:
./Include/internal/pycore_gc.h: In function '_PyGCHead_NEXT':
./Include/pyport.h:24:31: warning: cast to pointer from integer of different size [-Wint-to-pointer-cast]
   24 | #define _Py_CAST(type, expr) ((type)(expr))
      |                               ^
./Include/internal/pycore_gc.h:60:12: note: in expansion of macro '_Py_CAST'
   60 |     return _Py_CAST(PyGC_Head*, next);
      |            ^~~~~~~~
./Include/internal/pycore_gc.h: In function '_PyGCHead_SET_NEXT':
./Include/pyport.h:24:31: warning: cast from pointer to integer of different size [-Wpointer-to-int-cast]
   24 | #define _Py_CAST(type, expr) ((type)(expr))
      |                               ^
./Include/internal/pycore_gc.h:63:20: note: in expansion of macro '_Py_CAST'
   63 |     gc->_gc_next = _Py_CAST(uintptr_t, next);
      |                    ^~~~~~~~
./Include/internal/pycore_gc.h: In function '_PyGCHead_PREV':
./Include/pyport.h:24:31: warning: cast to pointer from integer of different size [-Wint-to-pointer-cast]
   24 | #define _Py_CAST(type, expr) ((type)(expr))
      |                               ^
./Include/internal/pycore_gc.h:69:12: note: in expansion of macro '_Py_CAST'
   69 |     return _Py_CAST(PyGC_Head*, prev);
      |            ^~~~~~~~
./Include/internal/pycore_gc.h: In function '_PyGCHead_SET_PREV':
./Include/pyport.h:24:31: warning: cast from pointer to integer of different size [-Wpointer-to-int-cast]
   24 | #define _Py_CAST(type, expr) ((type)(expr))
      |                               ^
./Include/internal/pycore_gc.h:72:23: note: in expansion of macro '_Py_CAST'
   72 |     uintptr_t uprev = _Py_CAST(uintptr_t, prev);
      |                       ^~~~~~~~
In file included from ./Include/internal/pycore_atomic.h:15,
                 from ./Include/internal/pycore_interp.h:15,
                 from ./Include/internal/pycore_object.h:13,
                 from Objects/structseq.c:12:
./Include/internal/pycore_interp.h: In function '_PyInterpreterState_SetFinalizing':
./Include/internal/pycore_interp.h:253:52: warning: cast from pointer to integer of different size [-Wpointer-to-int-cast]
  253 |     _Py_atomic_store_relaxed(&interp->_finalizing, (uintptr_t)tstate);
      |                                                    ^
./Include/internal/pycore_atomic.h:550:5: note: in expansion of macro '_Py_atomic_store_explicit'
  550 |     _Py_atomic_store_explicit((ATOMIC_VAL), (NEW_VAL), _Py_memory_order_relaxed)
      |     ^~~~~~~~~~~~~~~~~~~~~~~~~
./Include/internal/pycore_interp.h:253:5: note: in expansion of macro '_Py_atomic_store_relaxed'
  253 |     _Py_atomic_store_relaxed(&interp->_finalizing, (uintptr_t)tstate);
      |     ^~~~~~~~~~~~~~~~~~~~~~~~
In file included from ./Include/internal/pycore_runtime.h:21,
                 from ./Include/internal/pycore_pystate.h:11,
                 from ./Include/internal/pycore_object.h:14:
./Include/internal/pycore_pymem.h: In function '_PyMem_IsPtrFreed':
./Include/internal/pycore_pymem.h:69:23: warning: cast from pointer to integer of different size [-Wpointer-to-int-cast]
   69 |     uintptr_t value = (uintptr_t)ptr;
      |                       ^
./Include/internal/pycore_runtime.h: In function '_PyRuntimeState_SetFinalizing':
./Include/internal/pycore_runtime.h:220:53: warning: cast from pointer to integer of different size [-Wpointer-to-int-cast]
  220 |     _Py_atomic_store_relaxed(&runtime->_finalizing, (uintptr_t)tstate);
      |                                                     ^
./Include/internal/pycore_atomic.h:550:5: note: in expansion of macro '_Py_atomic_store_explicit'
  550 |     _Py_atomic_store_explicit((ATOMIC_VAL), (NEW_VAL), _Py_memory_order_relaxed)
      |     ^~~~~~~~~~~~~~~~~~~~~~~~~
./Include/internal/pycore_runtime.h:220:5: note: in expansion of macro '_Py_atomic_store_relaxed'
  220 |     _Py_atomic_store_relaxed(&runtime->_finalizing, (uintptr_t)tstate);
      |     ^~~~~~~~~~~~~~~~~~~~~~~~
./Include/internal/pycore_object.h: In function '_PyObject_GC_TRACK':
./Include/internal/pycore_object.h:227:23: warning: cast to pointer from integer of different size [-Wint-to-pointer-cast]
  227 |     PyGC_Head *last = (PyGC_Head*)(generation0->_gc_prev);
      |                       ^
./Include/internal/pycore_object.h:231:29: warning: cast from pointer to integer of different size [-Wpointer-to-int-cast]
  231 |     generation0->_gc_prev = (uintptr_t)gc;
      |                             ^
./Include/internal/pycore_object.h: In function '_PyDictOrValues_IsValues':
./Include/internal/pycore_object.h:394:13: warning: cast from pointer to integer of different size [-Wpointer-to-int-cast]
  394 |     return ((uintptr_t)dorv.values) & 1;
      |             ^
gcc -c -fno-strict-overflow -Wsign-compare -DNDEBUG -g -O3 -Wall    -std=c11 -Wextra -Wno-unused-parameter -Wno-missing-field-initializers -Wstrict-prototypes -Werror=implicit-function-declaration -fvisibility=hidden -include posixcompat.h -mabi=sysv  -I./Include/internal  -I. -I./Include    -DPy_BUILD_CORE -o Objects/tupleobject.o Objects/tupleobject.c
In file included from ./Include/Python.h:38,
                 from Objects/tupleobject.c:4:
./Include/internal/pycore_gc.h: In function '_PyGCHead_NEXT':
./Include/pyport.h:24:31: warning: cast to pointer from integer of different size [-Wint-to-pointer-cast]
   24 | #define _Py_CAST(type, expr) ((type)(expr))
      |                               ^
./Include/internal/pycore_gc.h:60:12: note: in expansion of macro '_Py_CAST'
   60 |     return _Py_CAST(PyGC_Head*, next);
      |            ^~~~~~~~
./Include/internal/pycore_gc.h: In function '_PyGCHead_SET_NEXT':
./Include/pyport.h:24:31: warning: cast from pointer to integer of different size [-Wpointer-to-int-cast]
   24 | #define _Py_CAST(type, expr) ((type)(expr))
      |                               ^
./Include/internal/pycore_gc.h:63:20: note: in expansion of macro '_Py_CAST'
   63 |     gc->_gc_next = _Py_CAST(uintptr_t, next);
      |                    ^~~~~~~~
./Include/internal/pycore_gc.h: In function '_PyGCHead_PREV':
./Include/pyport.h:24:31: warning: cast to pointer from integer of different size [-Wint-to-pointer-cast]
   24 | #define _Py_CAST(type, expr) ((type)(expr))
      |                               ^
./Include/internal/pycore_gc.h:69:12: note: in expansion of macro '_Py_CAST'
   69 |     return _Py_CAST(PyGC_Head*, prev);
      |            ^~~~~~~~
./Include/internal/pycore_gc.h: In function '_PyGCHead_SET_PREV':
./Include/pyport.h:24:31: warning: cast from pointer to integer of different size [-Wpointer-to-int-cast]
   24 | #define _Py_CAST(type, expr) ((type)(expr))
      |                               ^
./Include/internal/pycore_gc.h:72:23: note: in expansion of macro '_Py_CAST'
   72 |     uintptr_t uprev = _Py_CAST(uintptr_t, prev);
      |                       ^~~~~~~~
In file included from ./Include/internal/pycore_atomic.h:15,
                 from ./Include/internal/pycore_interp.h:15,
                 from ./Include/internal/pycore_object.h:13,
                 from Objects/tupleobject.c:8:
./Include/internal/pycore_interp.h: In function '_PyInterpreterState_SetFinalizing':
./Include/internal/pycore_interp.h:253:52: warning: cast from pointer to integer of different size [-Wpointer-to-int-cast]
  253 |     _Py_atomic_store_relaxed(&interp->_finalizing, (uintptr_t)tstate);
      |                                                    ^
./Include/internal/pycore_atomic.h:550:5: note: in expansion of macro '_Py_atomic_store_explicit'
  550 |     _Py_atomic_store_explicit((ATOMIC_VAL), (NEW_VAL), _Py_memory_order_relaxed)
      |     ^~~~~~~~~~~~~~~~~~~~~~~~~
./Include/internal/pycore_interp.h:253:5: note: in expansion of macro '_Py_atomic_store_relaxed'
  253 |     _Py_atomic_store_relaxed(&interp->_finalizing, (uintptr_t)tstate);
      |     ^~~~~~~~~~~~~~~~~~~~~~~~
In file included from ./Include/internal/pycore_runtime.h:21,
                 from ./Include/internal/pycore_pystate.h:11,
                 from ./Include/internal/pycore_object.h:14:
./Include/internal/pycore_pymem.h: In function '_PyMem_IsPtrFreed':
./Include/internal/pycore_pymem.h:69:23: warning: cast from pointer to integer of different size [-Wpointer-to-int-cast]
   69 |     uintptr_t value = (uintptr_t)ptr;
      |                       ^
./Include/internal/pycore_runtime.h: In function '_PyRuntimeState_SetFinalizing':
./Include/internal/pycore_runtime.h:220:53: warning: cast from pointer to integer of different size [-Wpointer-to-int-cast]
  220 |     _Py_atomic_store_relaxed(&runtime->_finalizing, (uintptr_t)tstate);
      |                                                     ^
./Include/internal/pycore_atomic.h:550:5: note: in expansion of macro '_Py_atomic_store_explicit'
  550 |     _Py_atomic_store_explicit((ATOMIC_VAL), (NEW_VAL), _Py_memory_order_relaxed)
      |     ^~~~~~~~~~~~~~~~~~~~~~~~~
./Include/internal/pycore_runtime.h:220:5: note: in expansion of macro '_Py_atomic_store_relaxed'
  220 |     _Py_atomic_store_relaxed(&runtime->_finalizing, (uintptr_t)tstate);
      |     ^~~~~~~~~~~~~~~~~~~~~~~~
./Include/internal/pycore_object.h: In function '_PyObject_GC_TRACK':
./Include/internal/pycore_object.h:227:23: warning: cast to pointer from integer of different size [-Wint-to-pointer-cast]
  227 |     PyGC_Head *last = (PyGC_Head*)(generation0->_gc_prev);
      |                       ^
./Include/internal/pycore_object.h:231:29: warning: cast from pointer to integer of different size [-Wpointer-to-int-cast]
  231 |     generation0->_gc_prev = (uintptr_t)gc;
      |                             ^
./Include/internal/pycore_object.h: In function '_PyDictOrValues_IsValues':
./Include/internal/pycore_object.h:394:13: warning: cast from pointer to integer of different size [-Wpointer-to-int-cast]
  394 |     return ((uintptr_t)dorv.values) & 1;
      |             ^
Objects/tupleobject.c: In function 'tuplehash':
Objects/tupleobject.c:308:45: warning: right shift count >= width of type [-Wshift-count-overflow]
  308 | #define _PyHASH_XXROTATE(x) ((x << 31) | (x >> 33))  /* Rotate left 31 bits */
      |                                             ^~
Objects/tupleobject.c:331:15: note: in expansion of macro '_PyHASH_XXROTATE'
  331 |         acc = _PyHASH_XXROTATE(acc);
      |               ^~~~~~~~~~~~~~~~
gcc -c -fno-strict-overflow -Wsign-compare -DNDEBUG -g -O3 -Wall    -std=c11 -Wextra -Wno-unused-parameter -Wno-missing-field-initializers -Wstrict-prototypes -Werror=implicit-function-declaration -fvisibility=hidden -include posixcompat.h -mabi=sysv  -I./Include/internal  -I. -I./Include    -DPy_BUILD_CORE -o Objects/typeobject.o Objects/typeobject.c
In file included from ./Include/Python.h:38,
                 from Objects/typeobject.c:3:
./Include/internal/pycore_gc.h: In function '_PyGCHead_NEXT':
./Include/pyport.h:24:31: warning: cast to pointer from integer of different size [-Wint-to-pointer-cast]
   24 | #define _Py_CAST(type, expr) ((type)(expr))
      |                               ^
./Include/internal/pycore_gc.h:60:12: note: in expansion of macro '_Py_CAST'
   60 |     return _Py_CAST(PyGC_Head*, next);
      |            ^~~~~~~~
./Include/internal/pycore_gc.h: In function '_PyGCHead_SET_NEXT':
./Include/pyport.h:24:31: warning: cast from pointer to integer of different size [-Wpointer-to-int-cast]
   24 | #define _Py_CAST(type, expr) ((type)(expr))
      |                               ^
./Include/internal/pycore_gc.h:63:20: note: in expansion of macro '_Py_CAST'
   63 |     gc->_gc_next = _Py_CAST(uintptr_t, next);
      |                    ^~~~~~~~
./Include/internal/pycore_gc.h: In function '_PyGCHead_PREV':
./Include/pyport.h:24:31: warning: cast to pointer from integer of different size [-Wint-to-pointer-cast]
   24 | #define _Py_CAST(type, expr) ((type)(expr))
      |                               ^
./Include/internal/pycore_gc.h:69:12: note: in expansion of macro '_Py_CAST'
   69 |     return _Py_CAST(PyGC_Head*, prev);
      |            ^~~~~~~~
./Include/internal/pycore_gc.h: In function '_PyGCHead_SET_PREV':
./Include/pyport.h:24:31: warning: cast from pointer to integer of different size [-Wpointer-to-int-cast]
   24 | #define _Py_CAST(type, expr) ((type)(expr))
      |                               ^
./Include/internal/pycore_gc.h:72:23: note: in expansion of macro '_Py_CAST'
   72 |     uintptr_t uprev = _Py_CAST(uintptr_t, prev);
      |                       ^~~~~~~~
In file included from ./Include/internal/pycore_atomic.h:15,
                 from ./Include/internal/pycore_runtime.h:12,
                 from ./Include/internal/pycore_pystate.h:11,
                 from ./Include/internal/pycore_call.h:11,
                 from Objects/typeobject.c:4:
./Include/internal/pycore_interp.h: In function '_PyInterpreterState_SetFinalizing':
./Include/internal/pycore_interp.h:253:52: warning: cast from pointer to integer of different size [-Wpointer-to-int-cast]
  253 |     _Py_atomic_store_relaxed(&interp->_finalizing, (uintptr_t)tstate);
      |                                                    ^
./Include/internal/pycore_atomic.h:550:5: note: in expansion of macro '_Py_atomic_store_explicit'
  550 |     _Py_atomic_store_explicit((ATOMIC_VAL), (NEW_VAL), _Py_memory_order_relaxed)
      |     ^~~~~~~~~~~~~~~~~~~~~~~~~
./Include/internal/pycore_interp.h:253:5: note: in expansion of macro '_Py_atomic_store_relaxed'
  253 |     _Py_atomic_store_relaxed(&interp->_finalizing, (uintptr_t)tstate);
      |     ^~~~~~~~~~~~~~~~~~~~~~~~
In file included from ./Include/internal/pycore_runtime.h:21:
./Include/internal/pycore_pymem.h: In function '_PyMem_IsPtrFreed':
./Include/internal/pycore_pymem.h:69:23: warning: cast from pointer to integer of different size [-Wpointer-to-int-cast]
   69 |     uintptr_t value = (uintptr_t)ptr;
      |                       ^
./Include/internal/pycore_runtime.h: In function '_PyRuntimeState_SetFinalizing':
./Include/internal/pycore_runtime.h:220:53: warning: cast from pointer to integer of different size [-Wpointer-to-int-cast]
  220 |     _Py_atomic_store_relaxed(&runtime->_finalizing, (uintptr_t)tstate);
      |                                                     ^
./Include/internal/pycore_atomic.h:550:5: note: in expansion of macro '_Py_atomic_store_explicit'
  550 |     _Py_atomic_store_explicit((ATOMIC_VAL), (NEW_VAL), _Py_memory_order_relaxed)
      |     ^~~~~~~~~~~~~~~~~~~~~~~~~
./Include/internal/pycore_runtime.h:220:5: note: in expansion of macro '_Py_atomic_store_relaxed'
  220 |     _Py_atomic_store_relaxed(&runtime->_finalizing, (uintptr_t)tstate);
      |     ^~~~~~~~~~~~~~~~~~~~~~~~
In file included from Objects/typeobject.c:11:
./Include/internal/pycore_object.h: In function '_PyObject_GC_TRACK':
./Include/internal/pycore_object.h:227:23: warning: cast to pointer from integer of different size [-Wint-to-pointer-cast]
  227 |     PyGC_Head *last = (PyGC_Head*)(generation0->_gc_prev);
      |                       ^
./Include/internal/pycore_object.h:231:29: warning: cast from pointer to integer of different size [-Wpointer-to-int-cast]
  231 |     generation0->_gc_prev = (uintptr_t)gc;
      |                             ^
./Include/internal/pycore_object.h: In function '_PyDictOrValues_IsValues':
./Include/internal/pycore_object.h:394:13: warning: cast from pointer to integer of different size [-Wpointer-to-int-cast]
  394 |     return ((uintptr_t)dorv.values) & 1;
      |             ^
Objects/typeobject.c: In function 'static_builtin_index_get':
Objects/typeobject.c:102:12: warning: cast from pointer to integer of different size [-Wpointer-to-int-cast]
  102 |     return (size_t)self->tp_subclasses - 1;
      |            ^
Objects/typeobject.c: In function 'static_builtin_index_set':
Objects/typeobject.c:110:27: warning: cast to pointer from integer of different size [-Wint-to-pointer-cast]
  110 |     self->tp_subclasses = (PyObject *)(index + 1);
      |                           ^
Objects/typeobject.c: In function '_PyType_Lookup':
Objects/typeobject.c:44:42: warning: cast from pointer to integer of different size [-Wpointer-to-int-cast]
   44 |     MCACHE_HASH((type)->tp_version_tag, ((Py_ssize_t)(name)) >> 3)
      |                                          ^
Objects/typeobject.c:40:52: note: in definition of macro 'MCACHE_HASH'
   40 |         (((unsigned int)(version) ^ (unsigned int)(name_hash))          \
      |                                                    ^~~~~~~~~
Objects/typeobject.c:4731:22: note: in expansion of macro 'MCACHE_HASH_METHOD'
 4731 |     unsigned int h = MCACHE_HASH_METHOD(type, name);
      |                      ^~~~~~~~~~~~~~~~~~
Objects/typeobject.c:44:42: warning: cast from pointer to integer of different size [-Wpointer-to-int-cast]
   44 |     MCACHE_HASH((type)->tp_version_tag, ((Py_ssize_t)(name)) >> 3)
      |                                          ^
Objects/typeobject.c:40:52: note: in definition of macro 'MCACHE_HASH'
   40 |         (((unsigned int)(version) ^ (unsigned int)(name_hash))          \
      |                                                    ^~~~~~~~~
Objects/typeobject.c:4765:13: note: in expansion of macro 'MCACHE_HASH_METHOD'
 4765 |         h = MCACHE_HASH_METHOD(type, name);
      |             ^~~~~~~~~~~~~~~~~~
gcc -c -fno-strict-overflow -Wsign-compare -DNDEBUG -g -O3 -Wall    -std=c11 -Wextra -Wno-unused-parameter -Wno-missing-field-initializers -Wstrict-prototypes -Werror=implicit-function-declaration -fvisibility=hidden -include posixcompat.h -mabi=sysv  -I./Include/internal  -I. -I./Include    -DPy_BUILD_CORE -o Objects/typevarobject.o Objects/typevarobject.c
In file included from ./Include/Python.h:38,
                 from Objects/typevarobject.c:2:
./Include/internal/pycore_gc.h: In function '_PyGCHead_NEXT':
./Include/pyport.h:24:31: warning: cast to pointer from integer of different size [-Wint-to-pointer-cast]
   24 | #define _Py_CAST(type, expr) ((type)(expr))
      |                               ^
./Include/internal/pycore_gc.h:60:12: note: in expansion of macro '_Py_CAST'
   60 |     return _Py_CAST(PyGC_Head*, next);
      |            ^~~~~~~~
./Include/internal/pycore_gc.h: In function '_PyGCHead_SET_NEXT':
./Include/pyport.h:24:31: warning: cast from pointer to integer of different size [-Wpointer-to-int-cast]
   24 | #define _Py_CAST(type, expr) ((type)(expr))
      |                               ^
./Include/internal/pycore_gc.h:63:20: note: in expansion of macro '_Py_CAST'
   63 |     gc->_gc_next = _Py_CAST(uintptr_t, next);
      |                    ^~~~~~~~
./Include/internal/pycore_gc.h: In function '_PyGCHead_PREV':
./Include/pyport.h:24:31: warning: cast to pointer from integer of different size [-Wint-to-pointer-cast]
   24 | #define _Py_CAST(type, expr) ((type)(expr))
      |                               ^
./Include/internal/pycore_gc.h:69:12: note: in expansion of macro '_Py_CAST'
   69 |     return _Py_CAST(PyGC_Head*, prev);
      |            ^~~~~~~~
./Include/internal/pycore_gc.h: In function '_PyGCHead_SET_PREV':
./Include/pyport.h:24:31: warning: cast from pointer to integer of different size [-Wpointer-to-int-cast]
   24 | #define _Py_CAST(type, expr) ((type)(expr))
      |                               ^
./Include/internal/pycore_gc.h:72:23: note: in expansion of macro '_Py_CAST'
   72 |     uintptr_t uprev = _Py_CAST(uintptr_t, prev);
      |                       ^~~~~~~~
In file included from ./Include/internal/pycore_atomic.h:15,
                 from ./Include/internal/pycore_interp.h:15,
                 from ./Include/internal/pycore_object.h:13,
                 from Objects/typevarobject.c:3:
./Include/internal/pycore_interp.h: In function '_PyInterpreterState_SetFinalizing':
./Include/internal/pycore_interp.h:253:52: warning: cast from pointer to integer of different size [-Wpointer-to-int-cast]
  253 |     _Py_atomic_store_relaxed(&interp->_finalizing, (uintptr_t)tstate);
      |                                                    ^
./Include/internal/pycore_atomic.h:550:5: note: in expansion of macro '_Py_atomic_store_explicit'
  550 |     _Py_atomic_store_explicit((ATOMIC_VAL), (NEW_VAL), _Py_memory_order_relaxed)
      |     ^~~~~~~~~~~~~~~~~~~~~~~~~
./Include/internal/pycore_interp.h:253:5: note: in expansion of macro '_Py_atomic_store_relaxed'
  253 |     _Py_atomic_store_relaxed(&interp->_finalizing, (uintptr_t)tstate);
      |     ^~~~~~~~~~~~~~~~~~~~~~~~
In file included from ./Include/internal/pycore_runtime.h:21,
                 from ./Include/internal/pycore_pystate.h:11,
                 from ./Include/internal/pycore_object.h:14:
./Include/internal/pycore_pymem.h: In function '_PyMem_IsPtrFreed':
./Include/internal/pycore_pymem.h:69:23: warning: cast from pointer to integer of different size [-Wpointer-to-int-cast]
   69 |     uintptr_t value = (uintptr_t)ptr;
      |                       ^
./Include/internal/pycore_runtime.h: In function '_PyRuntimeState_SetFinalizing':
./Include/internal/pycore_runtime.h:220:53: warning: cast from pointer to integer of different size [-Wpointer-to-int-cast]
  220 |     _Py_atomic_store_relaxed(&runtime->_finalizing, (uintptr_t)tstate);
      |                                                     ^
./Include/internal/pycore_atomic.h:550:5: note: in expansion of macro '_Py_atomic_store_explicit'
  550 |     _Py_atomic_store_explicit((ATOMIC_VAL), (NEW_VAL), _Py_memory_order_relaxed)
      |     ^~~~~~~~~~~~~~~~~~~~~~~~~
./Include/internal/pycore_runtime.h:220:5: note: in expansion of macro '_Py_atomic_store_relaxed'
  220 |     _Py_atomic_store_relaxed(&runtime->_finalizing, (uintptr_t)tstate);
      |     ^~~~~~~~~~~~~~~~~~~~~~~~
./Include/internal/pycore_object.h: In function '_PyObject_GC_TRACK':
./Include/internal/pycore_object.h:227:23: warning: cast to pointer from integer of different size [-Wint-to-pointer-cast]
  227 |     PyGC_Head *last = (PyGC_Head*)(generation0->_gc_prev);
      |                       ^
./Include/internal/pycore_object.h:231:29: warning: cast from pointer to integer of different size [-Wpointer-to-int-cast]
  231 |     generation0->_gc_prev = (uintptr_t)gc;
      |                             ^
./Include/internal/pycore_object.h: In function '_PyDictOrValues_IsValues':
./Include/internal/pycore_object.h:394:13: warning: cast from pointer to integer of different size [-Wpointer-to-int-cast]
  394 |     return ((uintptr_t)dorv.values) & 1;
      |             ^
gcc -c -fno-strict-overflow -Wsign-compare -DNDEBUG -g -O3 -Wall    -std=c11 -Wextra -Wno-unused-parameter -Wno-missing-field-initializers -Wstrict-prototypes -Werror=implicit-function-declaration -fvisibility=hidden -include posixcompat.h -mabi=sysv  -I./Include/internal  -I. -I./Include    -DPy_BUILD_CORE -o Objects/unicodeobject.o Objects/unicodeobject.c
In file included from ./Include/Python.h:38,
                 from Objects/unicodeobject.c:42:
./Include/internal/pycore_gc.h: In function '_PyGCHead_NEXT':
./Include/pyport.h:24:31: warning: cast to pointer from integer of different size [-Wint-to-pointer-cast]
   24 | #define _Py_CAST(type, expr) ((type)(expr))
      |                               ^
./Include/internal/pycore_gc.h:60:12: note: in expansion of macro '_Py_CAST'
   60 |     return _Py_CAST(PyGC_Head*, next);
      |            ^~~~~~~~
./Include/internal/pycore_gc.h: In function '_PyGCHead_SET_NEXT':
./Include/pyport.h:24:31: warning: cast from pointer to integer of different size [-Wpointer-to-int-cast]
   24 | #define _Py_CAST(type, expr) ((type)(expr))
      |                               ^
./Include/internal/pycore_gc.h:63:20: note: in expansion of macro '_Py_CAST'
   63 |     gc->_gc_next = _Py_CAST(uintptr_t, next);
      |                    ^~~~~~~~
./Include/internal/pycore_gc.h: In function '_PyGCHead_PREV':
./Include/pyport.h:24:31: warning: cast to pointer from integer of different size [-Wint-to-pointer-cast]
   24 | #define _Py_CAST(type, expr) ((type)(expr))
      |                               ^
./Include/internal/pycore_gc.h:69:12: note: in expansion of macro '_Py_CAST'
   69 |     return _Py_CAST(PyGC_Head*, prev);
      |            ^~~~~~~~
./Include/internal/pycore_gc.h: In function '_PyGCHead_SET_PREV':
./Include/pyport.h:24:31: warning: cast from pointer to integer of different size [-Wpointer-to-int-cast]
   24 | #define _Py_CAST(type, expr) ((type)(expr))
      |                               ^
./Include/internal/pycore_gc.h:72:23: note: in expansion of macro '_Py_CAST'
   72 |     uintptr_t uprev = _Py_CAST(uintptr_t, prev);
      |                       ^~~~~~~~
In file included from ./Include/internal/pycore_atomic.h:15,
                 from ./Include/internal/pycore_interp.h:15,
                 from Objects/unicodeobject.c:49:
./Include/internal/pycore_interp.h: In function '_PyInterpreterState_SetFinalizing':
./Include/internal/pycore_interp.h:253:52: warning: cast from pointer to integer of different size [-Wpointer-to-int-cast]
  253 |     _Py_atomic_store_relaxed(&interp->_finalizing, (uintptr_t)tstate);
      |                                                    ^
./Include/internal/pycore_atomic.h:550:5: note: in expansion of macro '_Py_atomic_store_explicit'
  550 |     _Py_atomic_store_explicit((ATOMIC_VAL), (NEW_VAL), _Py_memory_order_relaxed)
      |     ^~~~~~~~~~~~~~~~~~~~~~~~~
./Include/internal/pycore_interp.h:253:5: note: in expansion of macro '_Py_atomic_store_relaxed'
  253 |     _Py_atomic_store_relaxed(&interp->_finalizing, (uintptr_t)tstate);
      |     ^~~~~~~~~~~~~~~~~~~~~~~~
In file included from ./Include/internal/pycore_runtime.h:21,
                 from ./Include/internal/pycore_long.h:12,
                 from Objects/unicodeobject.c:50:
./Include/internal/pycore_pymem.h: In function '_PyMem_IsPtrFreed':
./Include/internal/pycore_pymem.h:69:23: warning: cast from pointer to integer of different size [-Wpointer-to-int-cast]
   69 |     uintptr_t value = (uintptr_t)ptr;
      |                       ^
./Include/internal/pycore_runtime.h: In function '_PyRuntimeState_SetFinalizing':
./Include/internal/pycore_runtime.h:220:53: warning: cast from pointer to integer of different size [-Wpointer-to-int-cast]
  220 |     _Py_atomic_store_relaxed(&runtime->_finalizing, (uintptr_t)tstate);
      |                                                     ^
./Include/internal/pycore_atomic.h:550:5: note: in expansion of macro '_Py_atomic_store_explicit'
  550 |     _Py_atomic_store_explicit((ATOMIC_VAL), (NEW_VAL), _Py_memory_order_relaxed)
      |     ^~~~~~~~~~~~~~~~~~~~~~~~~
./Include/internal/pycore_runtime.h:220:5: note: in expansion of macro '_Py_atomic_store_relaxed'
  220 |     _Py_atomic_store_relaxed(&runtime->_finalizing, (uintptr_t)tstate);
      |     ^~~~~~~~~~~~~~~~~~~~~~~~
In file included from Objects/unicodeobject.c:51:
./Include/internal/pycore_object.h: In function '_PyObject_GC_TRACK':
./Include/internal/pycore_object.h:227:23: warning: cast to pointer from integer of different size [-Wint-to-pointer-cast]
  227 |     PyGC_Head *last = (PyGC_Head*)(generation0->_gc_prev);
      |                       ^
./Include/internal/pycore_object.h:231:29: warning: cast from pointer to integer of different size [-Wpointer-to-int-cast]
  231 |     generation0->_gc_prev = (uintptr_t)gc;
      |                             ^
./Include/internal/pycore_object.h: In function '_PyDictOrValues_IsValues':
./Include/internal/pycore_object.h:394:13: warning: cast from pointer to integer of different size [-Wpointer-to-int-cast]
  394 |     return ((uintptr_t)dorv.values) & 1;
      |             ^
In file included from ./Include/Python.h:39:
Objects/stringlib/find_max_char.h: In function 'asciilib_find_max_char':
./Include/pymacro.h:112:33: warning: cast from pointer to integer of different size [-Wpointer-to-int-cast]
  112 | #define _Py_IS_ALIGNED(p, a) (!((uintptr_t)(p) & (uintptr_t)((a) - 1)))
      |                                 ^
Objects/stringlib/find_max_char.h:25:13: note: in expansion of macro '_Py_IS_ALIGNED'
   25 |         if (_Py_IS_ALIGNED(p, ALIGNOF_SIZE_T)) {
      |             ^~~~~~~~~~~~~~
Objects/stringlib/find_max_char.h: In function 'ucs1lib_find_max_char':
./Include/pymacro.h:112:33: warning: cast from pointer to integer of different size [-Wpointer-to-int-cast]
  112 | #define _Py_IS_ALIGNED(p, a) (!((uintptr_t)(p) & (uintptr_t)((a) - 1)))
      |                                 ^
Objects/stringlib/find_max_char.h:25:13: note: in expansion of macro '_Py_IS_ALIGNED'
   25 |         if (_Py_IS_ALIGNED(p, ALIGNOF_SIZE_T)) {
      |             ^~~~~~~~~~~~~~
Objects/stringlib/fastsearch.h: In function 'ucs4lib_find_char':
./Include/pymacro.h:107:40: warning: cast from pointer to integer of different size [-Wpointer-to-int-cast]
  107 | #define _Py_ALIGN_DOWN(p, a) ((void *)((uintptr_t)(p) & ~(uintptr_t)((a) - 1)))
      |                                        ^
Objects/stringlib/fastsearch.h:78:25: note: in expansion of macro '_Py_ALIGN_DOWN'
   78 |                         _Py_ALIGN_DOWN(candidate, sizeof(STRINGLIB_CHAR));
      |                         ^~~~~~~~~~~~~~
./Include/pymacro.h:107:31: warning: cast to pointer from integer of different size [-Wint-to-pointer-cast]
  107 | #define _Py_ALIGN_DOWN(p, a) ((void *)((uintptr_t)(p) & ~(uintptr_t)((a) - 1)))
      |                               ^
Objects/stringlib/fastsearch.h:78:25: note: in expansion of macro '_Py_ALIGN_DOWN'
   78 |                         _Py_ALIGN_DOWN(candidate, sizeof(STRINGLIB_CHAR));
      |                         ^~~~~~~~~~~~~~
Objects/stringlib/codecs.h: In function 'asciilib_utf8_decode':
./Include/pymacro.h:112:33: warning: cast from pointer to integer of different size [-Wpointer-to-int-cast]
  112 | #define _Py_IS_ALIGNED(p, a) (!((uintptr_t)(p) & (uintptr_t)((a) - 1)))
      |                                 ^
Objects/stringlib/codecs.h:42:17: note: in expansion of macro '_Py_IS_ALIGNED'
   42 |             if (_Py_IS_ALIGNED(s, ALIGNOF_SIZE_T)) {
      |                 ^~~~~~~~~~~~~~
In file included from Objects/unicodeobject.c:4773:
Objects/stringlib/codecs.h:59:53: warning: right shift count >= width of type [-Wshift-count-overflow]
   59 |                     _p[4] = (STRINGLIB_CHAR)((value >> 32) & 0xFFu);
      |                                                     ^~
Objects/stringlib/codecs.h:60:53: warning: right shift count >= width of type [-Wshift-count-overflow]
   60 |                     _p[5] = (STRINGLIB_CHAR)((value >> 40) & 0xFFu);
      |                                                     ^~
Objects/stringlib/codecs.h:61:53: warning: right shift count >= width of type [-Wshift-count-overflow]
   61 |                     _p[6] = (STRINGLIB_CHAR)((value >> 48) & 0xFFu);
      |                                                     ^~
Objects/stringlib/codecs.h:62:53: warning: right shift count >= width of type [-Wshift-count-overflow]
   62 |                     _p[7] = (STRINGLIB_CHAR)((value >> 56) & 0xFFu);
      |                                                     ^~
Objects/stringlib/codecs.h: In function 'asciilib_utf16_decode':
./Include/pymacro.h:112:33: warning: cast from pointer to integer of different size [-Wpointer-to-int-cast]
  112 | #define _Py_IS_ALIGNED(p, a) (!((uintptr_t)(p) & (uintptr_t)((a) - 1)))
      |                                 ^
Objects/stringlib/codecs.h:523:13: note: in expansion of macro '_Py_IS_ALIGNED'
  523 |         if (_Py_IS_ALIGNED(q, ALIGNOF_LONG)) {
      |             ^~~~~~~~~~~~~~
Objects/stringlib/codecs.h: In function 'ucs1lib_utf8_decode':
./Include/pymacro.h:112:33: warning: cast from pointer to integer of different size [-Wpointer-to-int-cast]
  112 | #define _Py_IS_ALIGNED(p, a) (!((uintptr_t)(p) & (uintptr_t)((a) - 1)))
      |                                 ^
Objects/stringlib/codecs.h:42:17: note: in expansion of macro '_Py_IS_ALIGNED'
   42 |             if (_Py_IS_ALIGNED(s, ALIGNOF_SIZE_T)) {
      |                 ^~~~~~~~~~~~~~
In file included from Objects/unicodeobject.c:4777:
Objects/stringlib/codecs.h:59:53: warning: right shift count >= width of type [-Wshift-count-overflow]
   59 |                     _p[4] = (STRINGLIB_CHAR)((value >> 32) & 0xFFu);
      |                                                     ^~
Objects/stringlib/codecs.h:60:53: warning: right shift count >= width of type [-Wshift-count-overflow]
   60 |                     _p[5] = (STRINGLIB_CHAR)((value >> 40) & 0xFFu);
      |                                                     ^~
Objects/stringlib/codecs.h:61:53: warning: right shift count >= width of type [-Wshift-count-overflow]
   61 |                     _p[6] = (STRINGLIB_CHAR)((value >> 48) & 0xFFu);
      |                                                     ^~
Objects/stringlib/codecs.h:62:53: warning: right shift count >= width of type [-Wshift-count-overflow]
   62 |                     _p[7] = (STRINGLIB_CHAR)((value >> 56) & 0xFFu);
      |                                                     ^~
Objects/stringlib/codecs.h: In function 'ucs1lib_utf16_decode':
./Include/pymacro.h:112:33: warning: cast from pointer to integer of different size [-Wpointer-to-int-cast]
  112 | #define _Py_IS_ALIGNED(p, a) (!((uintptr_t)(p) & (uintptr_t)((a) - 1)))
      |                                 ^
Objects/stringlib/codecs.h:523:13: note: in expansion of macro '_Py_IS_ALIGNED'
  523 |         if (_Py_IS_ALIGNED(q, ALIGNOF_LONG)) {
      |             ^~~~~~~~~~~~~~
Objects/stringlib/codecs.h: In function 'ucs2lib_utf8_decode':
./Include/pymacro.h:112:33: warning: cast from pointer to integer of different size [-Wpointer-to-int-cast]
  112 | #define _Py_IS_ALIGNED(p, a) (!((uintptr_t)(p) & (uintptr_t)((a) - 1)))
      |                                 ^
Objects/stringlib/codecs.h:42:17: note: in expansion of macro '_Py_IS_ALIGNED'
   42 |             if (_Py_IS_ALIGNED(s, ALIGNOF_SIZE_T)) {
      |                 ^~~~~~~~~~~~~~
In file included from Objects/unicodeobject.c:4781:
Objects/stringlib/codecs.h:59:53: warning: right shift count >= width of type [-Wshift-count-overflow]
   59 |                     _p[4] = (STRINGLIB_CHAR)((value >> 32) & 0xFFu);
      |                                                     ^~
Objects/stringlib/codecs.h:60:53: warning: right shift count >= width of type [-Wshift-count-overflow]
   60 |                     _p[5] = (STRINGLIB_CHAR)((value >> 40) & 0xFFu);
      |                                                     ^~
Objects/stringlib/codecs.h:61:53: warning: right shift count >= width of type [-Wshift-count-overflow]
   61 |                     _p[6] = (STRINGLIB_CHAR)((value >> 48) & 0xFFu);
      |                                                     ^~
Objects/stringlib/codecs.h:62:53: warning: right shift count >= width of type [-Wshift-count-overflow]
   62 |                     _p[7] = (STRINGLIB_CHAR)((value >> 56) & 0xFFu);
      |                                                     ^~
Objects/stringlib/codecs.h: In function 'ucs2lib_utf16_decode':
./Include/pymacro.h:112:33: warning: cast from pointer to integer of different size [-Wpointer-to-int-cast]
  112 | #define _Py_IS_ALIGNED(p, a) (!((uintptr_t)(p) & (uintptr_t)((a) - 1)))
      |                                 ^
Objects/stringlib/codecs.h:523:13: note: in expansion of macro '_Py_IS_ALIGNED'
  523 |         if (_Py_IS_ALIGNED(q, ALIGNOF_LONG)) {
      |             ^~~~~~~~~~~~~~
Objects/stringlib/codecs.h: In function 'ucs4lib_utf8_decode':
./Include/pymacro.h:112:33: warning: cast from pointer to integer of different size [-Wpointer-to-int-cast]
  112 | #define _Py_IS_ALIGNED(p, a) (!((uintptr_t)(p) & (uintptr_t)((a) - 1)))
      |                                 ^
Objects/stringlib/codecs.h:42:17: note: in expansion of macro '_Py_IS_ALIGNED'
   42 |             if (_Py_IS_ALIGNED(s, ALIGNOF_SIZE_T)) {
      |                 ^~~~~~~~~~~~~~
In file included from Objects/unicodeobject.c:4785:
Objects/stringlib/codecs.h:59:53: warning: right shift count >= width of type [-Wshift-count-overflow]
   59 |                     _p[4] = (STRINGLIB_CHAR)((value >> 32) & 0xFFu);
      |                                                     ^~
Objects/stringlib/codecs.h:60:53: warning: right shift count >= width of type [-Wshift-count-overflow]
   60 |                     _p[5] = (STRINGLIB_CHAR)((value >> 40) & 0xFFu);
      |                                                     ^~
Objects/stringlib/codecs.h:61:53: warning: right shift count >= width of type [-Wshift-count-overflow]
   61 |                     _p[6] = (STRINGLIB_CHAR)((value >> 48) & 0xFFu);
      |                                                     ^~
Objects/stringlib/codecs.h:62:53: warning: right shift count >= width of type [-Wshift-count-overflow]
   62 |                     _p[7] = (STRINGLIB_CHAR)((value >> 56) & 0xFFu);
      |                                                     ^~
Objects/stringlib/codecs.h: In function 'ucs4lib_utf16_decode':
./Include/pymacro.h:112:33: warning: cast from pointer to integer of different size [-Wpointer-to-int-cast]
  112 | #define _Py_IS_ALIGNED(p, a) (!((uintptr_t)(p) & (uintptr_t)((a) - 1)))
      |                                 ^
Objects/stringlib/codecs.h:523:13: note: in expansion of macro '_Py_IS_ALIGNED'
  523 |         if (_Py_IS_ALIGNED(q, ALIGNOF_LONG)) {
      |             ^~~~~~~~~~~~~~
Objects/unicodeobject.c: In function 'ascii_decode':
./Include/pymacro.h:112:33: warning: cast from pointer to integer of different size [-Wpointer-to-int-cast]
  112 | #define _Py_IS_ALIGNED(p, a) (!((uintptr_t)(p) & (uintptr_t)((a) - 1)))
      |                                 ^
Objects/unicodeobject.c:4805:9: note: in expansion of macro '_Py_IS_ALIGNED'
 4805 |     if (_Py_IS_ALIGNED(p, ALIGNOF_SIZE_T)) {
      |         ^~~~~~~~~~~~~~
./Include/pymacro.h:112:33: warning: cast from pointer to integer of different size [-Wpointer-to-int-cast]
  112 | #define _Py_IS_ALIGNED(p, a) (!((uintptr_t)(p) & (uintptr_t)((a) - 1)))
      |                                 ^
Objects/unicodeobject.c:4831:13: note: in expansion of macro '_Py_IS_ALIGNED'
 4831 |         if (_Py_IS_ALIGNED(p, ALIGNOF_SIZE_T)) {
      |             ^~~~~~~~~~~~~~
gcc -c -fno-strict-overflow -Wsign-compare -DNDEBUG -g -O3 -Wall    -std=c11 -Wextra -Wno-unused-parameter -Wno-missing-field-initializers -Wstrict-prototypes -Werror=implicit-function-declaration -fvisibility=hidden -include posixcompat.h -mabi=sysv  -I./Include/internal  -I. -I./Include    -DPy_BUILD_CORE -o Objects/unicodectype.o Objects/unicodectype.c
gcc -c -fno-strict-overflow -Wsign-compare -DNDEBUG -g -O3 -Wall    -std=c11 -Wextra -Wno-unused-parameter -Wno-missing-field-initializers -Wstrict-prototypes -Werror=implicit-function-declaration -fvisibility=hidden -include posixcompat.h -mabi=sysv  -I./Include/internal  -I. -I./Include    -DPy_BUILD_CORE -o Objects/unionobject.o Objects/unionobject.c
In file included from ./Include/Python.h:38,
                 from Objects/unionobject.c:2:
./Include/internal/pycore_gc.h: In function '_PyGCHead_NEXT':
./Include/pyport.h:24:31: warning: cast to pointer from integer of different size [-Wint-to-pointer-cast]
   24 | #define _Py_CAST(type, expr) ((type)(expr))
      |                               ^
./Include/internal/pycore_gc.h:60:12: note: in expansion of macro '_Py_CAST'
   60 |     return _Py_CAST(PyGC_Head*, next);
      |            ^~~~~~~~
./Include/internal/pycore_gc.h: In function '_PyGCHead_SET_NEXT':
./Include/pyport.h:24:31: warning: cast from pointer to integer of different size [-Wpointer-to-int-cast]
   24 | #define _Py_CAST(type, expr) ((type)(expr))
      |                               ^
./Include/internal/pycore_gc.h:63:20: note: in expansion of macro '_Py_CAST'
   63 |     gc->_gc_next = _Py_CAST(uintptr_t, next);
      |                    ^~~~~~~~
./Include/internal/pycore_gc.h: In function '_PyGCHead_PREV':
./Include/pyport.h:24:31: warning: cast to pointer from integer of different size [-Wint-to-pointer-cast]
   24 | #define _Py_CAST(type, expr) ((type)(expr))
      |                               ^
./Include/internal/pycore_gc.h:69:12: note: in expansion of macro '_Py_CAST'
   69 |     return _Py_CAST(PyGC_Head*, prev);
      |            ^~~~~~~~
./Include/internal/pycore_gc.h: In function '_PyGCHead_SET_PREV':
./Include/pyport.h:24:31: warning: cast from pointer to integer of different size [-Wpointer-to-int-cast]
   24 | #define _Py_CAST(type, expr) ((type)(expr))
      |                               ^
./Include/internal/pycore_gc.h:72:23: note: in expansion of macro '_Py_CAST'
   72 |     uintptr_t uprev = _Py_CAST(uintptr_t, prev);
      |                       ^~~~~~~~
In file included from ./Include/internal/pycore_atomic.h:15,
                 from ./Include/internal/pycore_interp.h:15,
                 from ./Include/internal/pycore_object.h:13,
                 from Objects/unionobject.c:3:
./Include/internal/pycore_interp.h: In function '_PyInterpreterState_SetFinalizing':
./Include/internal/pycore_interp.h:253:52: warning: cast from pointer to integer of different size [-Wpointer-to-int-cast]
  253 |     _Py_atomic_store_relaxed(&interp->_finalizing, (uintptr_t)tstate);
      |                                                    ^
./Include/internal/pycore_atomic.h:550:5: note: in expansion of macro '_Py_atomic_store_explicit'
  550 |     _Py_atomic_store_explicit((ATOMIC_VAL), (NEW_VAL), _Py_memory_order_relaxed)
      |     ^~~~~~~~~~~~~~~~~~~~~~~~~
./Include/internal/pycore_interp.h:253:5: note: in expansion of macro '_Py_atomic_store_relaxed'
  253 |     _Py_atomic_store_relaxed(&interp->_finalizing, (uintptr_t)tstate);
      |     ^~~~~~~~~~~~~~~~~~~~~~~~
In file included from ./Include/internal/pycore_runtime.h:21,
                 from ./Include/internal/pycore_pystate.h:11,
                 from ./Include/internal/pycore_object.h:14:
./Include/internal/pycore_pymem.h: In function '_PyMem_IsPtrFreed':
./Include/internal/pycore_pymem.h:69:23: warning: cast from pointer to integer of different size [-Wpointer-to-int-cast]
   69 |     uintptr_t value = (uintptr_t)ptr;
      |                       ^
./Include/internal/pycore_runtime.h: In function '_PyRuntimeState_SetFinalizing':
./Include/internal/pycore_runtime.h:220:53: warning: cast from pointer to integer of different size [-Wpointer-to-int-cast]
  220 |     _Py_atomic_store_relaxed(&runtime->_finalizing, (uintptr_t)tstate);
      |                                                     ^
./Include/internal/pycore_atomic.h:550:5: note: in expansion of macro '_Py_atomic_store_explicit'
  550 |     _Py_atomic_store_explicit((ATOMIC_VAL), (NEW_VAL), _Py_memory_order_relaxed)
      |     ^~~~~~~~~~~~~~~~~~~~~~~~~
./Include/internal/pycore_runtime.h:220:5: note: in expansion of macro '_Py_atomic_store_relaxed'
  220 |     _Py_atomic_store_relaxed(&runtime->_finalizing, (uintptr_t)tstate);
      |     ^~~~~~~~~~~~~~~~~~~~~~~~
./Include/internal/pycore_object.h: In function '_PyObject_GC_TRACK':
./Include/internal/pycore_object.h:227:23: warning: cast to pointer from integer of different size [-Wint-to-pointer-cast]
  227 |     PyGC_Head *last = (PyGC_Head*)(generation0->_gc_prev);
      |                       ^
./Include/internal/pycore_object.h:231:29: warning: cast from pointer to integer of different size [-Wpointer-to-int-cast]
  231 |     generation0->_gc_prev = (uintptr_t)gc;
      |                             ^
./Include/internal/pycore_object.h: In function '_PyDictOrValues_IsValues':
./Include/internal/pycore_object.h:394:13: warning: cast from pointer to integer of different size [-Wpointer-to-int-cast]
  394 |     return ((uintptr_t)dorv.values) & 1;
      |             ^
gcc -c -fno-strict-overflow -Wsign-compare -DNDEBUG -g -O3 -Wall    -std=c11 -Wextra -Wno-unused-parameter -Wno-missing-field-initializers -Wstrict-prototypes -Werror=implicit-function-declaration -fvisibility=hidden -include posixcompat.h -mabi=sysv  -I./Include/internal  -I. -I./Include    -DPy_BUILD_CORE -o Objects/weakrefobject.o Objects/weakrefobject.c
In file included from ./Include/Python.h:38,
                 from Objects/weakrefobject.c:1:
./Include/internal/pycore_gc.h: In function '_PyGCHead_NEXT':
./Include/pyport.h:24:31: warning: cast to pointer from integer of different size [-Wint-to-pointer-cast]
   24 | #define _Py_CAST(type, expr) ((type)(expr))
      |                               ^
./Include/internal/pycore_gc.h:60:12: note: in expansion of macro '_Py_CAST'
   60 |     return _Py_CAST(PyGC_Head*, next);
      |            ^~~~~~~~
./Include/internal/pycore_gc.h: In function '_PyGCHead_SET_NEXT':
./Include/pyport.h:24:31: warning: cast from pointer to integer of different size [-Wpointer-to-int-cast]
   24 | #define _Py_CAST(type, expr) ((type)(expr))
      |                               ^
./Include/internal/pycore_gc.h:63:20: note: in expansion of macro '_Py_CAST'
   63 |     gc->_gc_next = _Py_CAST(uintptr_t, next);
      |                    ^~~~~~~~
./Include/internal/pycore_gc.h: In function '_PyGCHead_PREV':
./Include/pyport.h:24:31: warning: cast to pointer from integer of different size [-Wint-to-pointer-cast]
   24 | #define _Py_CAST(type, expr) ((type)(expr))
      |                               ^
./Include/internal/pycore_gc.h:69:12: note: in expansion of macro '_Py_CAST'
   69 |     return _Py_CAST(PyGC_Head*, prev);
      |            ^~~~~~~~
./Include/internal/pycore_gc.h: In function '_PyGCHead_SET_PREV':
./Include/pyport.h:24:31: warning: cast from pointer to integer of different size [-Wpointer-to-int-cast]
   24 | #define _Py_CAST(type, expr) ((type)(expr))
      |                               ^
./Include/internal/pycore_gc.h:72:23: note: in expansion of macro '_Py_CAST'
   72 |     uintptr_t uprev = _Py_CAST(uintptr_t, prev);
      |                       ^~~~~~~~
In file included from ./Include/internal/pycore_atomic.h:15,
                 from ./Include/internal/pycore_interp.h:15,
                 from ./Include/internal/pycore_object.h:13,
                 from Objects/weakrefobject.c:2:
./Include/internal/pycore_interp.h: In function '_PyInterpreterState_SetFinalizing':
./Include/internal/pycore_interp.h:253:52: warning: cast from pointer to integer of different size [-Wpointer-to-int-cast]
  253 |     _Py_atomic_store_relaxed(&interp->_finalizing, (uintptr_t)tstate);
      |                                                    ^
./Include/internal/pycore_atomic.h:550:5: note: in expansion of macro '_Py_atomic_store_explicit'
  550 |     _Py_atomic_store_explicit((ATOMIC_VAL), (NEW_VAL), _Py_memory_order_relaxed)
      |     ^~~~~~~~~~~~~~~~~~~~~~~~~
./Include/internal/pycore_interp.h:253:5: note: in expansion of macro '_Py_atomic_store_relaxed'
  253 |     _Py_atomic_store_relaxed(&interp->_finalizing, (uintptr_t)tstate);
      |     ^~~~~~~~~~~~~~~~~~~~~~~~
In file included from ./Include/internal/pycore_runtime.h:21,
                 from ./Include/internal/pycore_pystate.h:11,
                 from ./Include/internal/pycore_object.h:14:
./Include/internal/pycore_pymem.h: In function '_PyMem_IsPtrFreed':
./Include/internal/pycore_pymem.h:69:23: warning: cast from pointer to integer of different size [-Wpointer-to-int-cast]
   69 |     uintptr_t value = (uintptr_t)ptr;
      |                       ^
./Include/internal/pycore_runtime.h: In function '_PyRuntimeState_SetFinalizing':
./Include/internal/pycore_runtime.h:220:53: warning: cast from pointer to integer of different size [-Wpointer-to-int-cast]
  220 |     _Py_atomic_store_relaxed(&runtime->_finalizing, (uintptr_t)tstate);
      |                                                     ^
./Include/internal/pycore_atomic.h:550:5: note: in expansion of macro '_Py_atomic_store_explicit'
  550 |     _Py_atomic_store_explicit((ATOMIC_VAL), (NEW_VAL), _Py_memory_order_relaxed)
      |     ^~~~~~~~~~~~~~~~~~~~~~~~~
./Include/internal/pycore_runtime.h:220:5: note: in expansion of macro '_Py_atomic_store_relaxed'
  220 |     _Py_atomic_store_relaxed(&runtime->_finalizing, (uintptr_t)tstate);
      |     ^~~~~~~~~~~~~~~~~~~~~~~~
./Include/internal/pycore_object.h: In function '_PyObject_GC_TRACK':
./Include/internal/pycore_object.h:227:23: warning: cast to pointer from integer of different size [-Wint-to-pointer-cast]
  227 |     PyGC_Head *last = (PyGC_Head*)(generation0->_gc_prev);
      |                       ^
./Include/internal/pycore_object.h:231:29: warning: cast from pointer to integer of different size [-Wpointer-to-int-cast]
  231 |     generation0->_gc_prev = (uintptr_t)gc;
      |                             ^
./Include/internal/pycore_object.h: In function '_PyDictOrValues_IsValues':
./Include/internal/pycore_object.h:394:13: warning: cast from pointer to integer of different size [-Wpointer-to-int-cast]
  394 |     return ((uintptr_t)dorv.values) & 1;
      |             ^
make: *** 没有规则可制作目标“Python/ceval_macros.h”，由“Python/ceval.o” 需求。 停止。
